query_id,filename,category,precision_at_5,precision_at_10,precision_at_20,recall_at_5,recall_at_10,recall_at_20,f1_at_5,f1_at_10,f1_at_20,average_precision,config,method,distance_metric,normalization
0,0.jpg,africa,0.8,0.7,0.65,0.04040404040404041,0.0707070707070707,0.13131313131313133,0.07692307692307693,0.12844036697247704,0.2184873949579832,0.3802074757345062,baseline,RGB,euclidean,none
1,1.jpg,africa,0.8,0.8,0.5,0.04040404040404041,0.08080808080808081,0.10101010101010101,0.07692307692307693,0.1467889908256881,0.16806722689075632,0.39047589297757596,baseline,RGB,euclidean,none
2,2.jpg,africa,0.8,0.7,0.65,0.04040404040404041,0.0707070707070707,0.13131313131313133,0.07692307692307693,0.12844036697247704,0.2184873949579832,0.44316026554775606,baseline,RGB,euclidean,none
3,3.jpg,africa,0.4,0.3,0.15,0.020202020202020204,0.030303030303030304,0.030303030303030304,0.038461538461538464,0.055045871559633024,0.05042016806722689,0.1961063218866873,baseline,RGB,euclidean,none
4,4.jpg,africa,0.0,0.1,0.25,0.0,0.010101010101010102,0.050505050505050504,0.0,0.018348623853211014,0.08403361344537816,0.2508443500096058,baseline,RGB,euclidean,none
5,5.jpg,africa,0.4,0.4,0.35,0.020202020202020204,0.04040404040404041,0.0707070707070707,0.038461538461538464,0.07339449541284405,0.1176470588235294,0.31350450003726044,baseline,RGB,euclidean,none
6,6.jpg,africa,0.8,0.9,0.65,0.04040404040404041,0.09090909090909091,0.13131313131313133,0.07692307692307693,0.16513761467889906,0.2184873949579832,0.3977014819643859,baseline,RGB,euclidean,none
7,7.jpg,africa,0.8,0.9,0.7,0.04040404040404041,0.09090909090909091,0.1414141414141414,0.07692307692307693,0.16513761467889906,0.2352941176470588,0.39937832595877126,baseline,RGB,euclidean,none
8,8.jpg,africa,1.0,0.9,0.9,0.050505050505050504,0.09090909090909091,0.18181818181818182,0.09615384615384615,0.16513761467889906,0.3025210084033613,0.5166864697731783,baseline,RGB,euclidean,none
9,9.jpg,africa,0.8,0.7,0.5,0.04040404040404041,0.0707070707070707,0.10101010101010101,0.07692307692307693,0.12844036697247704,0.16806722689075632,0.4013916732246179,baseline,RGB,euclidean,none
10,10.jpg,africa,0.2,0.2,0.2,0.010101010101010102,0.020202020202020204,0.04040404040404041,0.019230769230769232,0.03669724770642203,0.06722689075630253,0.1840302359368809,baseline,RGB,euclidean,none
11,11.jpg,africa,0.6,0.6,0.6,0.030303030303030304,0.06060606060606061,0.12121212121212122,0.057692307692307696,0.11009174311926605,0.20168067226890757,0.3596905972199623,baseline,RGB,euclidean,none
12,12.jpg,africa,0.8,0.8,0.7,0.04040404040404041,0.08080808080808081,0.1414141414141414,0.07692307692307693,0.1467889908256881,0.2352941176470588,0.4571129741757713,baseline,RGB,euclidean,none
13,13.jpg,africa,1.0,0.8,0.65,0.050505050505050504,0.08080808080808081,0.13131313131313133,0.09615384615384615,0.1467889908256881,0.2184873949579832,0.43095203288266265,baseline,RGB,euclidean,none
14,14.jpg,africa,0.2,0.1,0.05,0.010101010101010102,0.010101010101010102,0.010101010101010102,0.019230769230769232,0.018348623853211014,0.016806722689075633,0.10711339312114936,baseline,RGB,euclidean,none
15,15.jpg,africa,0.6,0.6,0.5,0.030303030303030304,0.06060606060606061,0.10101010101010101,0.057692307692307696,0.11009174311926605,0.16806722689075632,0.3630187014139823,baseline,RGB,euclidean,none
16,16.jpg,africa,0.8,0.5,0.55,0.04040404040404041,0.050505050505050504,0.1111111111111111,0.07692307692307693,0.09174311926605505,0.18487394957983191,0.3473568613140096,baseline,RGB,euclidean,none
17,17.jpg,africa,1.0,0.7,0.5,0.050505050505050504,0.0707070707070707,0.10101010101010101,0.09615384615384615,0.12844036697247704,0.16806722689075632,0.3684341964956745,baseline,RGB,euclidean,none
18,18.jpg,africa,0.6,0.4,0.4,0.030303030303030304,0.04040404040404041,0.08080808080808081,0.057692307692307696,0.07339449541284405,0.13445378151260506,0.28849688675440466,baseline,RGB,euclidean,none
19,19.jpg,africa,1.0,0.9,0.8,0.050505050505050504,0.09090909090909091,0.16161616161616163,0.09615384615384615,0.16513761467889906,0.26890756302521013,0.4524366119672309,baseline,RGB,euclidean,none
20,20.jpg,africa,0.6,0.5,0.55,0.030303030303030304,0.050505050505050504,0.1111111111111111,0.057692307692307696,0.09174311926605505,0.18487394957983191,0.3754972948077878,baseline,RGB,euclidean,none
21,21.jpg,africa,0.0,0.1,0.2,0.0,0.010101010101010102,0.04040404040404041,0.0,0.018348623853211014,0.06722689075630253,0.20551581065488705,baseline,RGB,euclidean,none
22,22.jpg,africa,0.8,0.6,0.55,0.04040404040404041,0.06060606060606061,0.1111111111111111,0.07692307692307693,0.11009174311926605,0.18487394957983191,0.3688022107125527,baseline,RGB,euclidean,none
23,23.jpg,africa,0.6,0.5,0.5,0.030303030303030304,0.050505050505050504,0.10101010101010101,0.057692307692307696,0.09174311926605505,0.16806722689075632,0.30578259256648077,baseline,RGB,euclidean,none
24,24.jpg,africa,0.2,0.3,0.35,0.010101010101010102,0.030303030303030304,0.0707070707070707,0.019230769230769232,0.055045871559633024,0.1176470588235294,0.3120962078347279,baseline,RGB,euclidean,none
25,25.jpg,africa,1.0,0.7,0.55,0.050505050505050504,0.0707070707070707,0.1111111111111111,0.09615384615384615,0.12844036697247704,0.18487394957983191,0.38017332303108825,baseline,RGB,euclidean,none
26,26.jpg,africa,0.6,0.4,0.2,0.030303030303030304,0.04040404040404041,0.04040404040404041,0.057692307692307696,0.07339449541284405,0.06722689075630253,0.25813223952892816,baseline,RGB,euclidean,none
27,27.jpg,africa,1.0,0.8,0.55,0.050505050505050504,0.08080808080808081,0.1111111111111111,0.09615384615384615,0.1467889908256881,0.18487394957983191,0.4267688873523451,baseline,RGB,euclidean,none
28,28.jpg,africa,0.4,0.4,0.35,0.020202020202020204,0.04040404040404041,0.0707070707070707,0.038461538461538464,0.07339449541284405,0.1176470588235294,0.29485405381936086,baseline,RGB,euclidean,none
29,29.jpg,africa,0.6,0.4,0.4,0.030303030303030304,0.04040404040404041,0.08080808080808081,0.057692307692307696,0.07339449541284405,0.13445378151260506,0.35466937181443137,baseline,RGB,euclidean,none
30,30.jpg,africa,0.2,0.2,0.2,0.010101010101010102,0.020202020202020204,0.04040404040404041,0.019230769230769232,0.03669724770642203,0.06722689075630253,0.238832114720438,baseline,RGB,euclidean,none
31,31.jpg,africa,0.2,0.5,0.55,0.010101010101010102,0.050505050505050504,0.1111111111111111,0.019230769230769232,0.09174311926605505,0.18487394957983191,0.3450158187461367,baseline,RGB,euclidean,none
32,32.jpg,africa,0.6,0.7,0.7,0.030303030303030304,0.0707070707070707,0.1414141414141414,0.057692307692307696,0.12844036697247704,0.2352941176470588,0.3878165896140954,baseline,RGB,euclidean,none
33,33.jpg,africa,0.0,0.0,0.0,0.0,0.0,0.0,0.0,0.0,0.0,0.12629212191981132,baseline,RGB,euclidean,none
34,34.jpg,africa,0.0,0.1,0.15,0.0,0.010101010101010102,0.030303030303030304,0.0,0.018348623853211014,0.05042016806722689,0.08900339245238448,baseline,RGB,euclidean,none
35,35.jpg,africa,0.0,0.0,0.05,0.0,0.0,0.010101010101010102,0.0,0.0,0.016806722689075633,0.20178475248404815,baseline,RGB,euclidean,none
36,36.jpg,africa,0.6,0.6,0.75,0.030303030303030304,0.06060606060606061,0.15151515151515152,0.057692307692307696,0.11009174311926605,0.2521008403361345,0.4228888581537567,baseline,RGB,euclidean,none
37,37.jpg,africa,0.6,0.5,0.55,0.030303030303030304,0.050505050505050504,0.1111111111111111,0.057692307692307696,0.09174311926605505,0.18487394957983191,0.43987614639213934,baseline,RGB,euclidean,none
38,38.jpg,africa,0.8,0.6,0.65,0.04040404040404041,0.06060606060606061,0.13131313131313133,0.07692307692307693,0.11009174311926605,0.2184873949579832,0.3323278389025057,baseline,RGB,euclidean,none
39,39.jpg,africa,0.0,0.2,0.2,0.0,0.020202020202020204,0.04040404040404041,0.0,0.03669724770642203,0.06722689075630253,0.18793779496190835,baseline,RGB,euclidean,none
40,40.jpg,africa,0.4,0.2,0.35,0.020202020202020204,0.020202020202020204,0.0707070707070707,0.038461538461538464,0.03669724770642203,0.1176470588235294,0.29635290519506385,baseline,RGB,euclidean,none
41,41.jpg,africa,0.2,0.3,0.25,0.010101010101010102,0.030303030303030304,0.050505050505050504,0.019230769230769232,0.055045871559633024,0.08403361344537816,0.2791064798907211,baseline,RGB,euclidean,none
42,42.jpg,africa,0.8,0.7,0.65,0.04040404040404041,0.0707070707070707,0.13131313131313133,0.07692307692307693,0.12844036697247704,0.2184873949579832,0.3520996147694153,baseline,RGB,euclidean,none
43,43.jpg,africa,0.2,0.4,0.25,0.010101010101010102,0.04040404040404041,0.050505050505050504,0.019230769230769232,0.07339449541284405,0.08403361344537816,0.17454207568642915,baseline,RGB,euclidean,none
44,44.jpg,africa,0.2,0.2,0.2,0.010101010101010102,0.020202020202020204,0.04040404040404041,0.019230769230769232,0.03669724770642203,0.06722689075630253,0.25181080475390794,baseline,RGB,euclidean,none
45,45.jpg,africa,0.2,0.2,0.15,0.010101010101010102,0.020202020202020204,0.030303030303030304,0.019230769230769232,0.03669724770642203,0.05042016806722689,0.1921034761860229,baseline,RGB,euclidean,none
46,46.jpg,africa,0.2,0.1,0.05,0.010101010101010102,0.010101010101010102,0.010101010101010102,0.019230769230769232,0.018348623853211014,0.016806722689075633,0.16816822985655702,baseline,RGB,euclidean,none
47,47.jpg,africa,0.6,0.6,0.55,0.030303030303030304,0.06060606060606061,0.1111111111111111,0.057692307692307696,0.11009174311926605,0.18487394957983191,0.34201672828665713,baseline,RGB,euclidean,none
48,48.jpg,africa,0.6,0.6,0.5,0.030303030303030304,0.06060606060606061,0.10101010101010101,0.057692307692307696,0.11009174311926605,0.16806722689075632,0.2877591775388657,baseline,RGB,euclidean,none
49,49.jpg,africa,0.4,0.5,0.6,0.020202020202020204,0.050505050505050504,0.12121212121212122,0.038461538461538464,0.09174311926605505,0.20168067226890757,0.36789044028383133,baseline,RGB,euclidean,none
50,50.jpg,africa,0.0,0.1,0.05,0.0,0.010101010101010102,0.010101010101010102,0.0,0.018348623853211014,0.016806722689075633,0.217581570849758,baseline,RGB,euclidean,none
51,51.jpg,africa,0.8,0.4,0.45,0.04040404040404041,0.04040404040404041,0.09090909090909091,0.07692307692307693,0.07339449541284405,0.15126050420168066,0.3647930143902808,baseline,RGB,euclidean,none
52,52.jpg,africa,0.4,0.3,0.35,0.020202020202020204,0.030303030303030304,0.0707070707070707,0.038461538461538464,0.055045871559633024,0.1176470588235294,0.20535040534153692,baseline,RGB,euclidean,none
53,53.jpg,africa,0.2,0.2,0.35,0.010101010101010102,0.020202020202020204,0.0707070707070707,0.019230769230769232,0.03669724770642203,0.1176470588235294,0.2582982506965799,baseline,RGB,euclidean,none
54,54.jpg,africa,0.4,0.4,0.45,0.020202020202020204,0.04040404040404041,0.09090909090909091,0.038461538461538464,0.07339449541284405,0.15126050420168066,0.3591983304222254,baseline,RGB,euclidean,none
55,55.jpg,africa,0.4,0.6,0.45,0.020202020202020204,0.06060606060606061,0.09090909090909091,0.038461538461538464,0.11009174311926605,0.15126050420168066,0.34544109689544583,baseline,RGB,euclidean,none
56,56.jpg,africa,1.0,0.9,0.8,0.050505050505050504,0.09090909090909091,0.16161616161616163,0.09615384615384615,0.16513761467889906,0.26890756302521013,0.488599443380517,baseline,RGB,euclidean,none
57,57.jpg,africa,0.4,0.6,0.45,0.020202020202020204,0.06060606060606061,0.09090909090909091,0.038461538461538464,0.11009174311926605,0.15126050420168066,0.305483252764753,baseline,RGB,euclidean,none
58,58.jpg,africa,0.8,0.8,0.8,0.04040404040404041,0.08080808080808081,0.16161616161616163,0.07692307692307693,0.1467889908256881,0.26890756302521013,0.4876261286383107,baseline,RGB,euclidean,none
59,59.jpg,africa,1.0,0.9,0.75,0.050505050505050504,0.09090909090909091,0.15151515151515152,0.09615384615384615,0.16513761467889906,0.2521008403361345,0.4746018150412223,baseline,RGB,euclidean,none
60,60.jpg,africa,1.0,0.9,0.7,0.050505050505050504,0.09090909090909091,0.1414141414141414,0.09615384615384615,0.16513761467889906,0.2352941176470588,0.492120972587065,baseline,RGB,euclidean,none
61,61.jpg,africa,1.0,0.8,0.6,0.050505050505050504,0.08080808080808081,0.12121212121212122,0.09615384615384615,0.1467889908256881,0.20168067226890757,0.40681449257413116,baseline,RGB,euclidean,none
62,62.jpg,africa,0.6,0.6,0.7,0.030303030303030304,0.06060606060606061,0.1414141414141414,0.057692307692307696,0.11009174311926605,0.2352941176470588,0.38118580744197883,baseline,RGB,euclidean,none
63,63.jpg,africa,0.0,0.0,0.05,0.0,0.0,0.010101010101010102,0.0,0.0,0.016806722689075633,0.1407261765725108,baseline,RGB,euclidean,none
64,64.jpg,africa,0.6,0.8,0.65,0.030303030303030304,0.08080808080808081,0.13131313131313133,0.057692307692307696,0.1467889908256881,0.2184873949579832,0.39141771016680516,baseline,RGB,euclidean,none
65,65.jpg,africa,0.0,0.0,0.05,0.0,0.0,0.010101010101010102,0.0,0.0,0.016806722689075633,0.18562234194158794,baseline,RGB,euclidean,none
66,66.jpg,africa,0.4,0.4,0.45,0.020202020202020204,0.04040404040404041,0.09090909090909091,0.038461538461538464,0.07339449541284405,0.15126050420168066,0.35714782389113187,baseline,RGB,euclidean,none
67,67.jpg,africa,0.8,0.7,0.65,0.04040404040404041,0.0707070707070707,0.13131313131313133,0.07692307692307693,0.12844036697247704,0.2184873949579832,0.44562033095581344,baseline,RGB,euclidean,none
68,68.jpg,africa,0.0,0.0,0.15,0.0,0.0,0.030303030303030304,0.0,0.0,0.05042016806722689,0.23126596989264556,baseline,RGB,euclidean,none
69,69.jpg,africa,0.0,0.2,0.25,0.0,0.020202020202020204,0.050505050505050504,0.0,0.03669724770642203,0.08403361344537816,0.2051683584972618,baseline,RGB,euclidean,none
70,70.jpg,africa,0.2,0.3,0.35,0.010101010101010102,0.030303030303030304,0.0707070707070707,0.019230769230769232,0.055045871559633024,0.1176470588235294,0.2634971308857493,baseline,RGB,euclidean,none
71,71.jpg,africa,0.2,0.2,0.1,0.010101010101010102,0.020202020202020204,0.020202020202020204,0.019230769230769232,0.03669724770642203,0.033613445378151266,0.10902514626157292,baseline,RGB,euclidean,none
72,72.jpg,africa,0.6,0.6,0.65,0.030303030303030304,0.06060606060606061,0.13131313131313133,0.057692307692307696,0.11009174311926605,0.2184873949579832,0.414333309582767,baseline,RGB,euclidean,none
73,73.jpg,africa,0.0,0.0,0.05,0.0,0.0,0.010101010101010102,0.0,0.0,0.016806722689075633,0.0693651338395741,baseline,RGB,euclidean,none
74,74.jpg,africa,0.2,0.1,0.2,0.010101010101010102,0.010101010101010102,0.04040404040404041,0.019230769230769232,0.018348623853211014,0.06722689075630253,0.23736655518203703,baseline,RGB,euclidean,none
75,75.jpg,africa,0.8,0.8,0.75,0.04040404040404041,0.08080808080808081,0.15151515151515152,0.07692307692307693,0.1467889908256881,0.2521008403361345,0.4135221423629843,baseline,RGB,euclidean,none
76,76.jpg,africa,0.8,0.9,0.7,0.04040404040404041,0.09090909090909091,0.1414141414141414,0.07692307692307693,0.16513761467889906,0.2352941176470588,0.45293933372607165,baseline,RGB,euclidean,none
77,77.jpg,africa,0.8,0.5,0.55,0.04040404040404041,0.050505050505050504,0.1111111111111111,0.07692307692307693,0.09174311926605505,0.18487394957983191,0.35910716275989296,baseline,RGB,euclidean,none
78,78.jpg,africa,0.6,0.7,0.55,0.030303030303030304,0.0707070707070707,0.1111111111111111,0.057692307692307696,0.12844036697247704,0.18487394957983191,0.31687222632179995,baseline,RGB,euclidean,none
79,79.jpg,africa,0.0,0.0,0.0,0.0,0.0,0.0,0.0,0.0,0.0,0.06940231970050255,baseline,RGB,euclidean,none
80,80.jpg,africa,0.8,0.6,0.65,0.04040404040404041,0.06060606060606061,0.13131313131313133,0.07692307692307693,0.11009174311926605,0.2184873949579832,0.459589441110103,baseline,RGB,euclidean,none
81,81.jpg,africa,0.8,0.5,0.45,0.04040404040404041,0.050505050505050504,0.09090909090909091,0.07692307692307693,0.09174311926605505,0.15126050420168066,0.3273290999493834,baseline,RGB,euclidean,none
82,82.jpg,africa,1.0,0.8,0.7,0.050505050505050504,0.08080808080808081,0.1414141414141414,0.09615384615384615,0.1467889908256881,0.2352941176470588,0.39799091080226096,baseline,RGB,euclidean,none
83,83.jpg,africa,0.8,0.5,0.6,0.04040404040404041,0.050505050505050504,0.12121212121212122,0.07692307692307693,0.09174311926605505,0.20168067226890757,0.33648214251385833,baseline,RGB,euclidean,none
84,84.jpg,africa,0.8,0.5,0.6,0.04040404040404041,0.050505050505050504,0.12121212121212122,0.07692307692307693,0.09174311926605505,0.20168067226890757,0.38126585758186105,baseline,RGB,euclidean,none
85,85.jpg,africa,0.6,0.7,0.5,0.030303030303030304,0.0707070707070707,0.10101010101010101,0.057692307692307696,0.12844036697247704,0.16806722689075632,0.28857787594963086,baseline,RGB,euclidean,none
86,86.jpg,africa,0.0,0.0,0.05,0.0,0.0,0.010101010101010102,0.0,0.0,0.016806722689075633,0.09607913803754041,baseline,RGB,euclidean,none
87,87.jpg,africa,1.0,1.0,0.8,0.050505050505050504,0.10101010101010101,0.16161616161616163,0.09615384615384615,0.1834862385321101,0.26890756302521013,0.44214702607516254,baseline,RGB,euclidean,none
88,88.jpg,africa,0.0,0.0,0.1,0.0,0.0,0.020202020202020204,0.0,0.0,0.033613445378151266,0.211489650387674,baseline,RGB,euclidean,none
89,89.jpg,africa,0.4,0.5,0.5,0.020202020202020204,0.050505050505050504,0.10101010101010101,0.038461538461538464,0.09174311926605505,0.16806722689075632,0.2964155629949756,baseline,RGB,euclidean,none
90,90.jpg,africa,0.2,0.4,0.3,0.010101010101010102,0.04040404040404041,0.06060606060606061,0.019230769230769232,0.07339449541284405,0.10084033613445378,0.2940418107196004,baseline,RGB,euclidean,none
91,91.jpg,africa,0.4,0.4,0.5,0.020202020202020204,0.04040404040404041,0.10101010101010101,0.038461538461538464,0.07339449541284405,0.16806722689075632,0.34346784016785514,baseline,RGB,euclidean,none
92,92.jpg,africa,0.8,0.6,0.6,0.04040404040404041,0.06060606060606061,0.12121212121212122,0.07692307692307693,0.11009174311926605,0.20168067226890757,0.35291374633823525,baseline,RGB,euclidean,none
93,93.jpg,africa,0.0,0.2,0.25,0.0,0.020202020202020204,0.050505050505050504,0.0,0.03669724770642203,0.08403361344537816,0.2595990559804369,baseline,RGB,euclidean,none
94,94.jpg,africa,0.8,0.7,0.55,0.04040404040404041,0.0707070707070707,0.1111111111111111,0.07692307692307693,0.12844036697247704,0.18487394957983191,0.3782852352399969,baseline,RGB,euclidean,none
95,95.jpg,africa,0.2,0.1,0.1,0.010101010101010102,0.010101010101010102,0.020202020202020204,0.019230769230769232,0.018348623853211014,0.033613445378151266,0.23699118627155025,baseline,RGB,euclidean,none
96,96.jpg,africa,0.4,0.6,0.4,0.020202020202020204,0.06060606060606061,0.08080808080808081,0.038461538461538464,0.11009174311926605,0.13445378151260506,0.311684281544396,baseline,RGB,euclidean,none
97,97.jpg,africa,0.4,0.5,0.5,0.020202020202020204,0.050505050505050504,0.10101010101010101,0.038461538461538464,0.09174311926605505,0.16806722689075632,0.31555427180375584,baseline,RGB,euclidean,none
98,98.jpg,africa,0.2,0.5,0.45,0.010101010101010102,0.050505050505050504,0.09090909090909091,0.019230769230769232,0.09174311926605505,0.15126050420168066,0.2732383714681147,baseline,RGB,euclidean,none
99,99.jpg,africa,0.6,0.8,0.7,0.030303030303030304,0.08080808080808081,0.1414141414141414,0.057692307692307696,0.1467889908256881,0.2352941176470588,0.4139258579045612,baseline,RGB,euclidean,none
100,100.jpg,beach,0.0,0.0,0.1,0.0,0.0,0.020202020202020204,0.0,0.0,0.033613445378151266,0.0887180758478544,baseline,RGB,euclidean,none
101,101.jpg,beach,0.2,0.2,0.35,0.010101010101010102,0.020202020202020204,0.0707070707070707,0.019230769230769232,0.03669724770642203,0.1176470588235294,0.16810446341158095,baseline,RGB,euclidean,none
102,102.jpg,beach,1.0,1.0,0.7,0.050505050505050504,0.10101010101010101,0.1414141414141414,0.09615384615384615,0.1834862385321101,0.2352941176470588,0.3797715750407,baseline,RGB,euclidean,none
103,103.jpg,beach,0.6,0.5,0.4,0.030303030303030304,0.050505050505050504,0.08080808080808081,0.057692307692307696,0.09174311926605505,0.13445378151260506,0.2222463514035449,baseline,RGB,euclidean,none
104,104.jpg,beach,0.8,0.7,0.6,0.04040404040404041,0.0707070707070707,0.12121212121212122,0.07692307692307693,0.12844036697247704,0.20168067226890757,0.29610837560953746,baseline,RGB,euclidean,none
105,105.jpg,beach,0.0,0.0,0.0,0.0,0.0,0.0,0.0,0.0,0.0,0.0768703685900659,baseline,RGB,euclidean,none
106,106.jpg,beach,0.4,0.4,0.35,0.020202020202020204,0.04040404040404041,0.0707070707070707,0.038461538461538464,0.07339449541284405,0.1176470588235294,0.2469442190664333,baseline,RGB,euclidean,none
107,107.jpg,beach,0.2,0.1,0.2,0.010101010101010102,0.010101010101010102,0.04040404040404041,0.019230769230769232,0.018348623853211014,0.06722689075630253,0.2773012861402885,baseline,RGB,euclidean,none
108,108.jpg,beach,0.0,0.0,0.05,0.0,0.0,0.010101010101010102,0.0,0.0,0.016806722689075633,0.13243284247317647,baseline,RGB,euclidean,none
109,109.jpg,beach,0.0,0.0,0.1,0.0,0.0,0.020202020202020204,0.0,0.0,0.033613445378151266,0.09594327630766021,baseline,RGB,euclidean,none
110,110.jpg,beach,0.6,0.6,0.5,0.030303030303030304,0.06060606060606061,0.10101010101010101,0.057692307692307696,0.11009174311926605,0.16806722689075632,0.16746212409439948,baseline,RGB,euclidean,none
111,111.jpg,beach,0.2,0.4,0.35,0.010101010101010102,0.04040404040404041,0.0707070707070707,0.019230769230769232,0.07339449541284405,0.1176470588235294,0.2695700775425586,baseline,RGB,euclidean,none
112,112.jpg,beach,0.0,0.0,0.15,0.0,0.0,0.030303030303030304,0.0,0.0,0.05042016806722689,0.2673931485563463,baseline,RGB,euclidean,none
113,113.jpg,beach,0.8,0.6,0.45,0.04040404040404041,0.06060606060606061,0.09090909090909091,0.07692307692307693,0.11009174311926605,0.15126050420168066,0.36960077244148554,baseline,RGB,euclidean,none
114,114.jpg,beach,0.0,0.0,0.0,0.0,0.0,0.0,0.0,0.0,0.0,0.07845817725799098,baseline,RGB,euclidean,none
115,115.jpg,beach,0.2,0.2,0.35,0.010101010101010102,0.020202020202020204,0.0707070707070707,0.019230769230769232,0.03669724770642203,0.1176470588235294,0.27625179327550053,baseline,RGB,euclidean,none
116,116.jpg,beach,0.2,0.2,0.2,0.010101010101010102,0.020202020202020204,0.04040404040404041,0.019230769230769232,0.03669724770642203,0.06722689075630253,0.10753801934932959,baseline,RGB,euclidean,none
117,117.jpg,beach,0.2,0.1,0.25,0.010101010101010102,0.010101010101010102,0.050505050505050504,0.019230769230769232,0.018348623853211014,0.08403361344537816,0.17729811817099358,baseline,RGB,euclidean,none
118,118.jpg,beach,0.2,0.2,0.3,0.010101010101010102,0.020202020202020204,0.06060606060606061,0.019230769230769232,0.03669724770642203,0.10084033613445378,0.27919527981416115,baseline,RGB,euclidean,none
119,119.jpg,beach,0.4,0.3,0.2,0.020202020202020204,0.030303030303030304,0.04040404040404041,0.038461538461538464,0.055045871559633024,0.06722689075630253,0.276570437231078,baseline,RGB,euclidean,none
120,120.jpg,beach,0.6,0.5,0.4,0.030303030303030304,0.050505050505050504,0.08080808080808081,0.057692307692307696,0.09174311926605505,0.13445378151260506,0.27868219872060906,baseline,RGB,euclidean,none
121,121.jpg,beach,0.4,0.3,0.2,0.020202020202020204,0.030303030303030304,0.04040404040404041,0.038461538461538464,0.055045871559633024,0.06722689075630253,0.11812759264833528,baseline,RGB,euclidean,none
122,122.jpg,beach,0.8,0.7,0.45,0.04040404040404041,0.0707070707070707,0.09090909090909091,0.07692307692307693,0.12844036697247704,0.15126050420168066,0.34789431094904827,baseline,RGB,euclidean,none
123,123.jpg,beach,0.6,0.4,0.25,0.030303030303030304,0.04040404040404041,0.050505050505050504,0.057692307692307696,0.07339449541284405,0.08403361344537816,0.18581965257410324,baseline,RGB,euclidean,none
124,124.jpg,beach,0.0,0.1,0.05,0.0,0.010101010101010102,0.010101010101010102,0.0,0.018348623853211014,0.016806722689075633,0.09742350012161077,baseline,RGB,euclidean,none
125,125.jpg,beach,0.2,0.3,0.3,0.010101010101010102,0.030303030303030304,0.06060606060606061,0.019230769230769232,0.055045871559633024,0.10084033613445378,0.1499999829556468,baseline,RGB,euclidean,none
126,126.jpg,beach,0.8,0.4,0.4,0.04040404040404041,0.04040404040404041,0.08080808080808081,0.07692307692307693,0.07339449541284405,0.13445378151260506,0.3451653753063418,baseline,RGB,euclidean,none
127,127.jpg,beach,0.6,0.6,0.5,0.030303030303030304,0.06060606060606061,0.10101010101010101,0.057692307692307696,0.11009174311926605,0.16806722689075632,0.38019184937001005,baseline,RGB,euclidean,none
128,128.jpg,beach,0.2,0.2,0.2,0.010101010101010102,0.020202020202020204,0.04040404040404041,0.019230769230769232,0.03669724770642203,0.06722689075630253,0.21584513803479216,baseline,RGB,euclidean,none
129,129.jpg,beach,0.4,0.4,0.45,0.020202020202020204,0.04040404040404041,0.09090909090909091,0.038461538461538464,0.07339449541284405,0.15126050420168066,0.14188068225947045,baseline,RGB,euclidean,none
130,130.jpg,beach,0.2,0.2,0.2,0.010101010101010102,0.020202020202020204,0.04040404040404041,0.019230769230769232,0.03669724770642203,0.06722689075630253,0.17920234398879148,baseline,RGB,euclidean,none
131,131.jpg,beach,0.8,0.5,0.25,0.04040404040404041,0.050505050505050504,0.050505050505050504,0.07692307692307693,0.09174311926605505,0.08403361344537816,0.194232053492932,baseline,RGB,euclidean,none
132,132.jpg,beach,0.6,0.3,0.25,0.030303030303030304,0.030303030303030304,0.050505050505050504,0.057692307692307696,0.055045871559633024,0.08403361344537816,0.2846047265621721,baseline,RGB,euclidean,none
133,133.jpg,beach,0.4,0.4,0.35,0.020202020202020204,0.04040404040404041,0.0707070707070707,0.038461538461538464,0.07339449541284405,0.1176470588235294,0.26794462738989494,baseline,RGB,euclidean,none
134,134.jpg,beach,0.6,0.7,0.55,0.030303030303030304,0.0707070707070707,0.1111111111111111,0.057692307692307696,0.12844036697247704,0.18487394957983191,0.3632251616830987,baseline,RGB,euclidean,none
135,135.jpg,beach,0.6,0.6,0.55,0.030303030303030304,0.06060606060606061,0.1111111111111111,0.057692307692307696,0.11009174311926605,0.18487394957983191,0.28576844950784075,baseline,RGB,euclidean,none
136,136.jpg,beach,0.8,0.6,0.6,0.04040404040404041,0.06060606060606061,0.12121212121212122,0.07692307692307693,0.11009174311926605,0.20168067226890757,0.3673285781496274,baseline,RGB,euclidean,none
137,137.jpg,beach,1.0,0.8,0.55,0.050505050505050504,0.08080808080808081,0.1111111111111111,0.09615384615384615,0.1467889908256881,0.18487394957983191,0.3202887469122105,baseline,RGB,euclidean,none
138,138.jpg,beach,0.6,0.7,0.5,0.030303030303030304,0.0707070707070707,0.10101010101010101,0.057692307692307696,0.12844036697247704,0.16806722689075632,0.3131485706883356,baseline,RGB,euclidean,none
139,139.jpg,beach,0.6,0.3,0.25,0.030303030303030304,0.030303030303030304,0.050505050505050504,0.057692307692307696,0.055045871559633024,0.08403361344537816,0.19669661129322383,baseline,RGB,euclidean,none
140,140.jpg,beach,0.4,0.2,0.3,0.020202020202020204,0.020202020202020204,0.06060606060606061,0.038461538461538464,0.03669724770642203,0.10084033613445378,0.27630335348246277,baseline,RGB,euclidean,none
141,141.jpg,beach,0.4,0.3,0.45,0.020202020202020204,0.030303030303030304,0.09090909090909091,0.038461538461538464,0.055045871559633024,0.15126050420168066,0.16606137835757712,baseline,RGB,euclidean,none
142,142.jpg,beach,0.6,0.6,0.5,0.030303030303030304,0.06060606060606061,0.10101010101010101,0.057692307692307696,0.11009174311926605,0.16806722689075632,0.2759789066045123,baseline,RGB,euclidean,none
143,143.jpg,beach,0.4,0.6,0.45,0.020202020202020204,0.06060606060606061,0.09090909090909091,0.038461538461538464,0.11009174311926605,0.15126050420168066,0.22991162641614826,baseline,RGB,euclidean,none
144,144.jpg,beach,0.0,0.0,0.0,0.0,0.0,0.0,0.0,0.0,0.0,0.12151053305873204,baseline,RGB,euclidean,none
145,145.jpg,beach,1.0,0.7,0.45,0.050505050505050504,0.0707070707070707,0.09090909090909091,0.09615384615384615,0.12844036697247704,0.15126050420168066,0.29490657459302916,baseline,RGB,euclidean,none
146,146.jpg,beach,0.6,0.5,0.6,0.030303030303030304,0.050505050505050504,0.12121212121212122,0.057692307692307696,0.09174311926605505,0.20168067226890757,0.37583461967452136,baseline,RGB,euclidean,none
147,147.jpg,beach,0.6,0.7,0.45,0.030303030303030304,0.0707070707070707,0.09090909090909091,0.057692307692307696,0.12844036697247704,0.15126050420168066,0.29988487437014366,baseline,RGB,euclidean,none
148,148.jpg,beach,0.8,0.8,0.65,0.04040404040404041,0.08080808080808081,0.13131313131313133,0.07692307692307693,0.1467889908256881,0.2184873949579832,0.3308414800603243,baseline,RGB,euclidean,none
149,149.jpg,beach,1.0,0.9,0.8,0.050505050505050504,0.09090909090909091,0.16161616161616163,0.09615384615384615,0.16513761467889906,0.26890756302521013,0.43393248594299977,baseline,RGB,euclidean,none
150,150.jpg,beach,1.0,0.8,0.6,0.050505050505050504,0.08080808080808081,0.12121212121212122,0.09615384615384615,0.1467889908256881,0.20168067226890757,0.32638321227318995,baseline,RGB,euclidean,none
151,151.jpg,beach,0.8,0.7,0.55,0.04040404040404041,0.0707070707070707,0.1111111111111111,0.07692307692307693,0.12844036697247704,0.18487394957983191,0.338582788531246,baseline,RGB,euclidean,none
152,152.jpg,beach,0.8,0.6,0.4,0.04040404040404041,0.06060606060606061,0.08080808080808081,0.07692307692307693,0.11009174311926605,0.13445378151260506,0.24500855225534018,baseline,RGB,euclidean,none
153,153.jpg,beach,0.2,0.1,0.2,0.010101010101010102,0.010101010101010102,0.04040404040404041,0.019230769230769232,0.018348623853211014,0.06722689075630253,0.10973567308576646,baseline,RGB,euclidean,none
154,154.jpg,beach,0.4,0.4,0.35,0.020202020202020204,0.04040404040404041,0.0707070707070707,0.038461538461538464,0.07339449541284405,0.1176470588235294,0.31292146565953816,baseline,RGB,euclidean,none
155,155.jpg,beach,0.2,0.4,0.3,0.010101010101010102,0.04040404040404041,0.06060606060606061,0.019230769230769232,0.07339449541284405,0.10084033613445378,0.14148866099611426,baseline,RGB,euclidean,none
156,156.jpg,beach,0.8,0.8,0.6,0.04040404040404041,0.08080808080808081,0.12121212121212122,0.07692307692307693,0.1467889908256881,0.20168067226890757,0.40554471588256163,baseline,RGB,euclidean,none
157,157.jpg,beach,0.4,0.2,0.5,0.020202020202020204,0.020202020202020204,0.10101010101010101,0.038461538461538464,0.03669724770642203,0.16806722689075632,0.35748473738215664,baseline,RGB,euclidean,none
158,158.jpg,beach,1.0,0.7,0.6,0.050505050505050504,0.0707070707070707,0.12121212121212122,0.09615384615384615,0.12844036697247704,0.20168067226890757,0.3086791178648606,baseline,RGB,euclidean,none
159,159.jpg,beach,0.8,0.7,0.55,0.04040404040404041,0.0707070707070707,0.1111111111111111,0.07692307692307693,0.12844036697247704,0.18487394957983191,0.29263386100028205,baseline,RGB,euclidean,none
160,160.jpg,beach,0.0,0.0,0.1,0.0,0.0,0.020202020202020204,0.0,0.0,0.033613445378151266,0.08498485301655827,baseline,RGB,euclidean,none
161,161.jpg,beach,0.8,0.8,0.65,0.04040404040404041,0.08080808080808081,0.13131313131313133,0.07692307692307693,0.1467889908256881,0.2184873949579832,0.43979550682838214,baseline,RGB,euclidean,none
162,162.jpg,beach,0.4,0.5,0.4,0.020202020202020204,0.050505050505050504,0.08080808080808081,0.038461538461538464,0.09174311926605505,0.13445378151260506,0.33637284725664496,baseline,RGB,euclidean,none
163,163.jpg,beach,0.6,0.6,0.7,0.030303030303030304,0.06060606060606061,0.1414141414141414,0.057692307692307696,0.11009174311926605,0.2352941176470588,0.31831936607164757,baseline,RGB,euclidean,none
164,164.jpg,beach,0.4,0.4,0.4,0.020202020202020204,0.04040404040404041,0.08080808080808081,0.038461538461538464,0.07339449541284405,0.13445378151260506,0.1466033119736595,baseline,RGB,euclidean,none
165,165.jpg,beach,0.6,0.7,0.5,0.030303030303030304,0.0707070707070707,0.10101010101010101,0.057692307692307696,0.12844036697247704,0.16806722689075632,0.3461245757965958,baseline,RGB,euclidean,none
166,166.jpg,beach,0.6,0.4,0.3,0.030303030303030304,0.04040404040404041,0.06060606060606061,0.057692307692307696,0.07339449541284405,0.10084033613445378,0.3148578910882979,baseline,RGB,euclidean,none
167,167.jpg,beach,0.4,0.4,0.3,0.020202020202020204,0.04040404040404041,0.06060606060606061,0.038461538461538464,0.07339449541284405,0.10084033613445378,0.14675900278802329,baseline,RGB,euclidean,none
168,168.jpg,beach,0.2,0.3,0.4,0.010101010101010102,0.030303030303030304,0.08080808080808081,0.019230769230769232,0.055045871559633024,0.13445378151260506,0.2674984166404744,baseline,RGB,euclidean,none
169,169.jpg,beach,0.4,0.2,0.3,0.020202020202020204,0.020202020202020204,0.06060606060606061,0.038461538461538464,0.03669724770642203,0.10084033613445378,0.27131459275317926,baseline,RGB,euclidean,none
170,170.jpg,beach,0.0,0.4,0.25,0.0,0.04040404040404041,0.050505050505050504,0.0,0.07339449541284405,0.08403361344537816,0.12996804565668893,baseline,RGB,euclidean,none
171,171.jpg,beach,0.4,0.4,0.3,0.020202020202020204,0.04040404040404041,0.06060606060606061,0.038461538461538464,0.07339449541284405,0.10084033613445378,0.15140297849427875,baseline,RGB,euclidean,none
172,172.jpg,beach,1.0,0.6,0.5,0.050505050505050504,0.06060606060606061,0.10101010101010101,0.09615384615384615,0.11009174311926605,0.16806722689075632,0.3120757321409784,baseline,RGB,euclidean,none
173,173.jpg,beach,0.4,0.5,0.35,0.020202020202020204,0.050505050505050504,0.0707070707070707,0.038461538461538464,0.09174311926605505,0.1176470588235294,0.20192021549506098,baseline,RGB,euclidean,none
174,174.jpg,beach,0.2,0.1,0.2,0.010101010101010102,0.010101010101010102,0.04040404040404041,0.019230769230769232,0.018348623853211014,0.06722689075630253,0.10773120322484625,baseline,RGB,euclidean,none
175,175.jpg,beach,0.6,0.4,0.35,0.030303030303030304,0.04040404040404041,0.0707070707070707,0.057692307692307696,0.07339449541284405,0.1176470588235294,0.1776231687906778,baseline,RGB,euclidean,none
176,176.jpg,beach,0.8,0.4,0.4,0.04040404040404041,0.04040404040404041,0.08080808080808081,0.07692307692307693,0.07339449541284405,0.13445378151260506,0.34591510478762394,baseline,RGB,euclidean,none
177,177.jpg,beach,0.6,0.7,0.6,0.030303030303030304,0.0707070707070707,0.12121212121212122,0.057692307692307696,0.12844036697247704,0.20168067226890757,0.35359878089523716,baseline,RGB,euclidean,none
178,178.jpg,beach,0.4,0.4,0.4,0.020202020202020204,0.04040404040404041,0.08080808080808081,0.038461538461538464,0.07339449541284405,0.13445378151260506,0.134184694787834,baseline,RGB,euclidean,none
179,179.jpg,beach,0.8,0.5,0.5,0.04040404040404041,0.050505050505050504,0.10101010101010101,0.07692307692307693,0.09174311926605505,0.16806722689075632,0.35573440388924943,baseline,RGB,euclidean,none
180,180.jpg,beach,0.8,0.8,0.65,0.04040404040404041,0.08080808080808081,0.13131313131313133,0.07692307692307693,0.1467889908256881,0.2184873949579832,0.39006920688753133,baseline,RGB,euclidean,none
181,181.jpg,beach,0.4,0.7,0.5,0.020202020202020204,0.0707070707070707,0.10101010101010101,0.038461538461538464,0.12844036697247704,0.16806722689075632,0.2783746919857201,baseline,RGB,euclidean,none
182,182.jpg,beach,0.2,0.1,0.05,0.010101010101010102,0.010101010101010102,0.010101010101010102,0.019230769230769232,0.018348623853211014,0.016806722689075633,0.08415524319773604,baseline,RGB,euclidean,none
183,183.jpg,beach,0.8,0.8,0.55,0.04040404040404041,0.08080808080808081,0.1111111111111111,0.07692307692307693,0.1467889908256881,0.18487394957983191,0.23894419597823802,baseline,RGB,euclidean,none
184,184.jpg,beach,0.8,0.6,0.4,0.04040404040404041,0.06060606060606061,0.08080808080808081,0.07692307692307693,0.11009174311926605,0.13445378151260506,0.3522180373517739,baseline,RGB,euclidean,none
185,185.jpg,beach,0.0,0.3,0.3,0.0,0.030303030303030304,0.06060606060606061,0.0,0.055045871559633024,0.10084033613445378,0.2893586818382959,baseline,RGB,euclidean,none
186,186.jpg,beach,0.6,0.6,0.7,0.030303030303030304,0.06060606060606061,0.1414141414141414,0.057692307692307696,0.11009174311926605,0.2352941176470588,0.40030604832171074,baseline,RGB,euclidean,none
187,187.jpg,beach,1.0,0.7,0.5,0.050505050505050504,0.0707070707070707,0.10101010101010101,0.09615384615384615,0.12844036697247704,0.16806722689075632,0.3339356887558999,baseline,RGB,euclidean,none
188,188.jpg,beach,0.6,0.6,0.4,0.030303030303030304,0.06060606060606061,0.08080808080808081,0.057692307692307696,0.11009174311926605,0.13445378151260506,0.18385629044313612,baseline,RGB,euclidean,none
189,189.jpg,beach,0.2,0.1,0.05,0.010101010101010102,0.010101010101010102,0.010101010101010102,0.019230769230769232,0.018348623853211014,0.016806722689075633,0.08468106988209585,baseline,RGB,euclidean,none
190,190.jpg,beach,0.0,0.0,0.0,0.0,0.0,0.0,0.0,0.0,0.0,0.08321870388265802,baseline,RGB,euclidean,none
191,191.jpg,beach,0.8,0.5,0.55,0.04040404040404041,0.050505050505050504,0.1111111111111111,0.07692307692307693,0.09174311926605505,0.18487394957983191,0.36252607453705166,baseline,RGB,euclidean,none
192,192.jpg,beach,0.4,0.4,0.45,0.020202020202020204,0.04040404040404041,0.09090909090909091,0.038461538461538464,0.07339449541284405,0.15126050420168066,0.3409437779964775,baseline,RGB,euclidean,none
193,193.jpg,beach,0.0,0.0,0.2,0.0,0.0,0.04040404040404041,0.0,0.0,0.06722689075630253,0.20825668219521848,baseline,RGB,euclidean,none
194,194.jpg,beach,0.4,0.3,0.3,0.020202020202020204,0.030303030303030304,0.06060606060606061,0.038461538461538464,0.055045871559633024,0.10084033613445378,0.31849919751089373,baseline,RGB,euclidean,none
195,195.jpg,beach,1.0,0.8,0.55,0.050505050505050504,0.08080808080808081,0.1111111111111111,0.09615384615384615,0.1467889908256881,0.18487394957983191,0.35765499795856853,baseline,RGB,euclidean,none
196,196.jpg,beach,0.0,0.0,0.0,0.0,0.0,0.0,0.0,0.0,0.0,0.0869727179957018,baseline,RGB,euclidean,none
197,197.jpg,beach,0.8,0.7,0.6,0.04040404040404041,0.0707070707070707,0.12121212121212122,0.07692307692307693,0.12844036697247704,0.20168067226890757,0.3175602591684184,baseline,RGB,euclidean,none
198,198.jpg,beach,0.6,0.5,0.4,0.030303030303030304,0.050505050505050504,0.08080808080808081,0.057692307692307696,0.09174311926605505,0.13445378151260506,0.26596635198949936,baseline,RGB,euclidean,none
199,199.jpg,beach,0.4,0.2,0.1,0.020202020202020204,0.020202020202020204,0.020202020202020204,0.038461538461538464,0.03669724770642203,0.033613445378151266,0.1683631544147715,baseline,RGB,euclidean,none
200,200.jpg,buildings,0.0,0.0,0.15,0.0,0.0,0.030303030303030304,0.0,0.0,0.05042016806722689,0.15355619123539896,baseline,RGB,euclidean,none
201,201.jpg,buildings,0.2,0.3,0.25,0.010101010101010102,0.030303030303030304,0.050505050505050504,0.019230769230769232,0.055045871559633024,0.08403361344537816,0.1356112548549758,baseline,RGB,euclidean,none
202,202.jpg,buildings,0.8,0.7,0.4,0.04040404040404041,0.0707070707070707,0.08080808080808081,0.07692307692307693,0.12844036697247704,0.13445378151260506,0.19166381161740892,baseline,RGB,euclidean,none
203,203.jpg,buildings,0.2,0.2,0.2,0.010101010101010102,0.020202020202020204,0.04040404040404041,0.019230769230769232,0.03669724770642203,0.06722689075630253,0.1281795082493025,baseline,RGB,euclidean,none
204,204.jpg,buildings,0.4,0.2,0.25,0.020202020202020204,0.020202020202020204,0.050505050505050504,0.038461538461538464,0.03669724770642203,0.08403361344537816,0.18344785329504426,baseline,RGB,euclidean,none
205,205.jpg,buildings,0.4,0.5,0.35,0.020202020202020204,0.050505050505050504,0.0707070707070707,0.038461538461538464,0.09174311926605505,0.1176470588235294,0.2164928916300749,baseline,RGB,euclidean,none
206,206.jpg,buildings,0.2,0.1,0.35,0.010101010101010102,0.010101010101010102,0.0707070707070707,0.019230769230769232,0.018348623853211014,0.1176470588235294,0.13576565114780945,baseline,RGB,euclidean,none
207,207.jpg,buildings,0.4,0.3,0.15,0.020202020202020204,0.030303030303030304,0.030303030303030304,0.038461538461538464,0.055045871559633024,0.05042016806722689,0.1299288707915129,baseline,RGB,euclidean,none
208,208.jpg,buildings,0.0,0.0,0.25,0.0,0.0,0.050505050505050504,0.0,0.0,0.08403361344537816,0.12192842720797743,baseline,RGB,euclidean,none
209,209.jpg,buildings,0.2,0.2,0.25,0.010101010101010102,0.020202020202020204,0.050505050505050504,0.019230769230769232,0.03669724770642203,0.08403361344537816,0.12406969742172981,baseline,RGB,euclidean,none
210,210.jpg,buildings,0.0,0.1,0.2,0.0,0.010101010101010102,0.04040404040404041,0.0,0.018348623853211014,0.06722689075630253,0.12294945799244941,baseline,RGB,euclidean,none
211,211.jpg,buildings,0.2,0.2,0.2,0.010101010101010102,0.020202020202020204,0.04040404040404041,0.019230769230769232,0.03669724770642203,0.06722689075630253,0.18177835018112143,baseline,RGB,euclidean,none
212,212.jpg,buildings,0.2,0.2,0.1,0.010101010101010102,0.020202020202020204,0.020202020202020204,0.019230769230769232,0.03669724770642203,0.033613445378151266,0.1265152440983905,baseline,RGB,euclidean,none
213,213.jpg,buildings,0.4,0.3,0.2,0.020202020202020204,0.030303030303030304,0.04040404040404041,0.038461538461538464,0.055045871559633024,0.06722689075630253,0.1539825314746423,baseline,RGB,euclidean,none
214,214.jpg,buildings,0.4,0.4,0.4,0.020202020202020204,0.04040404040404041,0.08080808080808081,0.038461538461538464,0.07339449541284405,0.13445378151260506,0.21606472890291015,baseline,RGB,euclidean,none
215,215.jpg,buildings,0.0,0.3,0.25,0.0,0.030303030303030304,0.050505050505050504,0.0,0.055045871559633024,0.08403361344537816,0.20987914285774426,baseline,RGB,euclidean,none
216,216.jpg,buildings,0.0,0.1,0.15,0.0,0.010101010101010102,0.030303030303030304,0.0,0.018348623853211014,0.05042016806722689,0.1344193341375463,baseline,RGB,euclidean,none
217,217.jpg,buildings,0.0,0.1,0.05,0.0,0.010101010101010102,0.010101010101010102,0.0,0.018348623853211014,0.016806722689075633,0.10689192995764657,baseline,RGB,euclidean,none
218,218.jpg,buildings,0.2,0.2,0.15,0.010101010101010102,0.020202020202020204,0.030303030303030304,0.019230769230769232,0.03669724770642203,0.05042016806722689,0.12169589564591017,baseline,RGB,euclidean,none
219,219.jpg,buildings,0.4,0.6,0.45,0.020202020202020204,0.06060606060606061,0.09090909090909091,0.038461538461538464,0.11009174311926605,0.15126050420168066,0.18799895512551845,baseline,RGB,euclidean,none
220,220.jpg,buildings,0.4,0.5,0.35,0.020202020202020204,0.050505050505050504,0.0707070707070707,0.038461538461538464,0.09174311926605505,0.1176470588235294,0.20283475641470725,baseline,RGB,euclidean,none
221,221.jpg,buildings,0.2,0.4,0.3,0.010101010101010102,0.04040404040404041,0.06060606060606061,0.019230769230769232,0.07339449541284405,0.10084033613445378,0.1507499500228852,baseline,RGB,euclidean,none
222,222.jpg,buildings,0.6,0.4,0.3,0.030303030303030304,0.04040404040404041,0.06060606060606061,0.057692307692307696,0.07339449541284405,0.10084033613445378,0.14883442976642358,baseline,RGB,euclidean,none
223,223.jpg,buildings,0.0,0.1,0.1,0.0,0.010101010101010102,0.020202020202020204,0.0,0.018348623853211014,0.033613445378151266,0.10769208364295751,baseline,RGB,euclidean,none
224,224.jpg,buildings,0.6,0.4,0.4,0.030303030303030304,0.04040404040404041,0.08080808080808081,0.057692307692307696,0.07339449541284405,0.13445378151260506,0.2214323002275377,baseline,RGB,euclidean,none
225,225.jpg,buildings,0.0,0.1,0.2,0.0,0.010101010101010102,0.04040404040404041,0.0,0.018348623853211014,0.06722689075630253,0.11804320070829442,baseline,RGB,euclidean,none
226,226.jpg,buildings,0.2,0.2,0.15,0.010101010101010102,0.020202020202020204,0.030303030303030304,0.019230769230769232,0.03669724770642203,0.05042016806722689,0.12728975695547776,baseline,RGB,euclidean,none
227,227.jpg,buildings,0.6,0.4,0.35,0.030303030303030304,0.04040404040404041,0.0707070707070707,0.057692307692307696,0.07339449541284405,0.1176470588235294,0.17258840823417554,baseline,RGB,euclidean,none
228,228.jpg,buildings,0.2,0.3,0.25,0.010101010101010102,0.030303030303030304,0.050505050505050504,0.019230769230769232,0.055045871559633024,0.08403361344537816,0.12126785448229961,baseline,RGB,euclidean,none
229,229.jpg,buildings,0.6,0.3,0.3,0.030303030303030304,0.030303030303030304,0.06060606060606061,0.057692307692307696,0.055045871559633024,0.10084033613445378,0.15392407462186206,baseline,RGB,euclidean,none
230,230.jpg,buildings,0.0,0.0,0.15,0.0,0.0,0.030303030303030304,0.0,0.0,0.05042016806722689,0.131160147571442,baseline,RGB,euclidean,none
231,231.jpg,buildings,0.0,0.1,0.1,0.0,0.010101010101010102,0.020202020202020204,0.0,0.018348623853211014,0.033613445378151266,0.1054584068513594,baseline,RGB,euclidean,none
232,232.jpg,buildings,0.0,0.1,0.2,0.0,0.010101010101010102,0.04040404040404041,0.0,0.018348623853211014,0.06722689075630253,0.17905082486398102,baseline,RGB,euclidean,none
233,233.jpg,buildings,0.2,0.3,0.25,0.010101010101010102,0.030303030303030304,0.050505050505050504,0.019230769230769232,0.055045871559633024,0.08403361344537816,0.13295386309105783,baseline,RGB,euclidean,none
234,234.jpg,buildings,0.0,0.0,0.0,0.0,0.0,0.0,0.0,0.0,0.0,0.08695162319165624,baseline,RGB,euclidean,none
235,235.jpg,buildings,0.4,0.3,0.3,0.020202020202020204,0.030303030303030304,0.06060606060606061,0.038461538461538464,0.055045871559633024,0.10084033613445378,0.1997835025061147,baseline,RGB,euclidean,none
236,236.jpg,buildings,0.0,0.1,0.15,0.0,0.010101010101010102,0.030303030303030304,0.0,0.018348623853211014,0.05042016806722689,0.09862540899184624,baseline,RGB,euclidean,none
237,237.jpg,buildings,0.2,0.3,0.25,0.010101010101010102,0.030303030303030304,0.050505050505050504,0.019230769230769232,0.055045871559633024,0.08403361344537816,0.16180768388246622,baseline,RGB,euclidean,none
238,238.jpg,buildings,0.0,0.0,0.05,0.0,0.0,0.010101010101010102,0.0,0.0,0.016806722689075633,0.10349011513741938,baseline,RGB,euclidean,none
239,239.jpg,buildings,0.2,0.6,0.3,0.010101010101010102,0.06060606060606061,0.06060606060606061,0.019230769230769232,0.11009174311926605,0.10084033613445378,0.20249223592137797,baseline,RGB,euclidean,none
240,240.jpg,buildings,0.2,0.3,0.15,0.010101010101010102,0.030303030303030304,0.030303030303030304,0.019230769230769232,0.055045871559633024,0.05042016806722689,0.12107558801427544,baseline,RGB,euclidean,none
241,241.jpg,buildings,0.8,0.7,0.35,0.04040404040404041,0.0707070707070707,0.0707070707070707,0.07692307692307693,0.12844036697247704,0.1176470588235294,0.22856574931456883,baseline,RGB,euclidean,none
242,242.jpg,buildings,0.4,0.4,0.3,0.020202020202020204,0.04040404040404041,0.06060606060606061,0.038461538461538464,0.07339449541284405,0.10084033613445378,0.2062306402447628,baseline,RGB,euclidean,none
243,243.jpg,buildings,0.2,0.4,0.35,0.010101010101010102,0.04040404040404041,0.0707070707070707,0.019230769230769232,0.07339449541284405,0.1176470588235294,0.19771311107870496,baseline,RGB,euclidean,none
244,244.jpg,buildings,0.2,0.4,0.3,0.010101010101010102,0.04040404040404041,0.06060606060606061,0.019230769230769232,0.07339449541284405,0.10084033613445378,0.19875631310997427,baseline,RGB,euclidean,none
245,245.jpg,buildings,0.0,0.1,0.05,0.0,0.010101010101010102,0.010101010101010102,0.0,0.018348623853211014,0.016806722689075633,0.09009839253181928,baseline,RGB,euclidean,none
246,246.jpg,buildings,0.2,0.1,0.15,0.010101010101010102,0.010101010101010102,0.030303030303030304,0.019230769230769232,0.018348623853211014,0.05042016806722689,0.13458558456954658,baseline,RGB,euclidean,none
247,247.jpg,buildings,0.4,0.4,0.2,0.020202020202020204,0.04040404040404041,0.04040404040404041,0.038461538461538464,0.07339449541284405,0.06722689075630253,0.11902254754341736,baseline,RGB,euclidean,none
248,248.jpg,buildings,0.4,0.3,0.35,0.020202020202020204,0.030303030303030304,0.0707070707070707,0.038461538461538464,0.055045871559633024,0.1176470588235294,0.2126177353875285,baseline,RGB,euclidean,none
249,249.jpg,buildings,0.2,0.1,0.1,0.010101010101010102,0.010101010101010102,0.020202020202020204,0.019230769230769232,0.018348623853211014,0.033613445378151266,0.09521345436918786,baseline,RGB,euclidean,none
250,250.jpg,buildings,0.0,0.0,0.1,0.0,0.0,0.020202020202020204,0.0,0.0,0.033613445378151266,0.09899330374823413,baseline,RGB,euclidean,none
251,251.jpg,buildings,0.4,0.2,0.25,0.020202020202020204,0.020202020202020204,0.050505050505050504,0.038461538461538464,0.03669724770642203,0.08403361344537816,0.15789436285915448,baseline,RGB,euclidean,none
252,252.jpg,buildings,0.6,0.5,0.5,0.030303030303030304,0.050505050505050504,0.10101010101010101,0.057692307692307696,0.09174311926605505,0.16806722689075632,0.18441735326804562,baseline,RGB,euclidean,none
253,253.jpg,buildings,0.2,0.3,0.35,0.010101010101010102,0.030303030303030304,0.0707070707070707,0.019230769230769232,0.055045871559633024,0.1176470588235294,0.19496715522097724,baseline,RGB,euclidean,none
254,254.jpg,buildings,0.2,0.2,0.2,0.010101010101010102,0.020202020202020204,0.04040404040404041,0.019230769230769232,0.03669724770642203,0.06722689075630253,0.12248752580583205,baseline,RGB,euclidean,none
255,255.jpg,buildings,0.4,0.2,0.15,0.020202020202020204,0.020202020202020204,0.030303030303030304,0.038461538461538464,0.03669724770642203,0.05042016806722689,0.11845877046606751,baseline,RGB,euclidean,none
256,256.jpg,buildings,0.2,0.2,0.1,0.010101010101010102,0.020202020202020204,0.020202020202020204,0.019230769230769232,0.03669724770642203,0.033613445378151266,0.12678756642729985,baseline,RGB,euclidean,none
257,257.jpg,buildings,0.0,0.1,0.15,0.0,0.010101010101010102,0.030303030303030304,0.0,0.018348623853211014,0.05042016806722689,0.10726065162278503,baseline,RGB,euclidean,none
258,258.jpg,buildings,0.2,0.2,0.25,0.010101010101010102,0.020202020202020204,0.050505050505050504,0.019230769230769232,0.03669724770642203,0.08403361344537816,0.13288642997023,baseline,RGB,euclidean,none
259,259.jpg,buildings,0.2,0.2,0.2,0.010101010101010102,0.020202020202020204,0.04040404040404041,0.019230769230769232,0.03669724770642203,0.06722689075630253,0.12861900612313434,baseline,RGB,euclidean,none
260,260.jpg,buildings,0.0,0.1,0.05,0.0,0.010101010101010102,0.010101010101010102,0.0,0.018348623853211014,0.016806722689075633,0.09960945139163094,baseline,RGB,euclidean,none
261,261.jpg,buildings,0.4,0.2,0.25,0.020202020202020204,0.020202020202020204,0.050505050505050504,0.038461538461538464,0.03669724770642203,0.08403361344537816,0.1356171611593093,baseline,RGB,euclidean,none
262,262.jpg,buildings,0.0,0.2,0.15,0.0,0.020202020202020204,0.030303030303030304,0.0,0.03669724770642203,0.05042016806722689,0.11816812662434739,baseline,RGB,euclidean,none
263,263.jpg,buildings,0.2,0.4,0.3,0.010101010101010102,0.04040404040404041,0.06060606060606061,0.019230769230769232,0.07339449541284405,0.10084033613445378,0.16613722227469047,baseline,RGB,euclidean,none
264,264.jpg,buildings,0.4,0.4,0.35,0.020202020202020204,0.04040404040404041,0.0707070707070707,0.038461538461538464,0.07339449541284405,0.1176470588235294,0.20340806108411064,baseline,RGB,euclidean,none
265,265.jpg,buildings,0.2,0.2,0.15,0.010101010101010102,0.020202020202020204,0.030303030303030304,0.019230769230769232,0.03669724770642203,0.05042016806722689,0.12725044807672609,baseline,RGB,euclidean,none
266,266.jpg,buildings,0.2,0.1,0.15,0.010101010101010102,0.010101010101010102,0.030303030303030304,0.019230769230769232,0.018348623853211014,0.05042016806722689,0.15422522379190898,baseline,RGB,euclidean,none
267,267.jpg,buildings,0.4,0.3,0.15,0.020202020202020204,0.030303030303030304,0.030303030303030304,0.038461538461538464,0.055045871559633024,0.05042016806722689,0.13128398916366,baseline,RGB,euclidean,none
268,268.jpg,buildings,0.2,0.1,0.1,0.010101010101010102,0.010101010101010102,0.020202020202020204,0.019230769230769232,0.018348623853211014,0.033613445378151266,0.09667510801944315,baseline,RGB,euclidean,none
269,269.jpg,buildings,0.2,0.1,0.15,0.010101010101010102,0.010101010101010102,0.030303030303030304,0.019230769230769232,0.018348623853211014,0.05042016806722689,0.10465236877748076,baseline,RGB,euclidean,none
270,270.jpg,buildings,0.6,0.5,0.4,0.030303030303030304,0.050505050505050504,0.08080808080808081,0.057692307692307696,0.09174311926605505,0.13445378151260506,0.19562686342427618,baseline,RGB,euclidean,none
271,271.jpg,buildings,0.2,0.5,0.35,0.010101010101010102,0.050505050505050504,0.0707070707070707,0.019230769230769232,0.09174311926605505,0.1176470588235294,0.15891334594051423,baseline,RGB,euclidean,none
272,272.jpg,buildings,0.6,0.5,0.35,0.030303030303030304,0.050505050505050504,0.0707070707070707,0.057692307692307696,0.09174311926605505,0.1176470588235294,0.21441276557669853,baseline,RGB,euclidean,none
273,273.jpg,buildings,0.2,0.1,0.05,0.010101010101010102,0.010101010101010102,0.010101010101010102,0.019230769230769232,0.018348623853211014,0.016806722689075633,0.09429673449336574,baseline,RGB,euclidean,none
274,274.jpg,buildings,0.2,0.1,0.1,0.010101010101010102,0.010101010101010102,0.020202020202020204,0.019230769230769232,0.018348623853211014,0.033613445378151266,0.09535275409307829,baseline,RGB,euclidean,none
275,275.jpg,buildings,0.4,0.4,0.3,0.020202020202020204,0.04040404040404041,0.06060606060606061,0.038461538461538464,0.07339449541284405,0.10084033613445378,0.19870609706554523,baseline,RGB,euclidean,none
276,276.jpg,buildings,0.2,0.1,0.05,0.010101010101010102,0.010101010101010102,0.010101010101010102,0.019230769230769232,0.018348623853211014,0.016806722689075633,0.10140770634380311,baseline,RGB,euclidean,none
277,277.jpg,buildings,0.4,0.3,0.25,0.020202020202020204,0.030303030303030304,0.050505050505050504,0.038461538461538464,0.055045871559633024,0.08403361344537816,0.13369271999348595,baseline,RGB,euclidean,none
278,278.jpg,buildings,0.8,0.6,0.4,0.04040404040404041,0.06060606060606061,0.08080808080808081,0.07692307692307693,0.11009174311926605,0.13445378151260506,0.23090094899444716,baseline,RGB,euclidean,none
279,279.jpg,buildings,0.2,0.3,0.25,0.010101010101010102,0.030303030303030304,0.050505050505050504,0.019230769230769232,0.055045871559633024,0.08403361344537816,0.14921984193056065,baseline,RGB,euclidean,none
280,280.jpg,buildings,0.8,0.6,0.4,0.04040404040404041,0.06060606060606061,0.08080808080808081,0.07692307692307693,0.11009174311926605,0.13445378151260506,0.22439528796178349,baseline,RGB,euclidean,none
281,281.jpg,buildings,0.2,0.4,0.25,0.010101010101010102,0.04040404040404041,0.050505050505050504,0.019230769230769232,0.07339449541284405,0.08403361344537816,0.15739418585043713,baseline,RGB,euclidean,none
282,282.jpg,buildings,0.0,0.1,0.1,0.0,0.010101010101010102,0.020202020202020204,0.0,0.018348623853211014,0.033613445378151266,0.11146286049687079,baseline,RGB,euclidean,none
283,283.jpg,buildings,0.2,0.1,0.15,0.010101010101010102,0.010101010101010102,0.030303030303030304,0.019230769230769232,0.018348623853211014,0.05042016806722689,0.12513364043646044,baseline,RGB,euclidean,none
284,284.jpg,buildings,0.4,0.2,0.15,0.020202020202020204,0.020202020202020204,0.030303030303030304,0.038461538461538464,0.03669724770642203,0.05042016806722689,0.13452591388155846,baseline,RGB,euclidean,none
285,285.jpg,buildings,0.6,0.5,0.35,0.030303030303030304,0.050505050505050504,0.0707070707070707,0.057692307692307696,0.09174311926605505,0.1176470588235294,0.16053148455463134,baseline,RGB,euclidean,none
286,286.jpg,buildings,0.6,0.5,0.45,0.030303030303030304,0.050505050505050504,0.09090909090909091,0.057692307692307696,0.09174311926605505,0.15126050420168066,0.17154645879663472,baseline,RGB,euclidean,none
287,287.jpg,buildings,0.4,0.2,0.3,0.020202020202020204,0.020202020202020204,0.06060606060606061,0.038461538461538464,0.03669724770642203,0.10084033613445378,0.13938252074914156,baseline,RGB,euclidean,none
288,288.jpg,buildings,0.6,0.6,0.4,0.030303030303030304,0.06060606060606061,0.08080808080808081,0.057692307692307696,0.11009174311926605,0.13445378151260506,0.18306825480735883,baseline,RGB,euclidean,none
289,289.jpg,buildings,0.8,0.6,0.4,0.04040404040404041,0.06060606060606061,0.08080808080808081,0.07692307692307693,0.11009174311926605,0.13445378151260506,0.2141474027670976,baseline,RGB,euclidean,none
290,290.jpg,buildings,0.2,0.1,0.15,0.010101010101010102,0.010101010101010102,0.030303030303030304,0.019230769230769232,0.018348623853211014,0.05042016806722689,0.12529252137713467,baseline,RGB,euclidean,none
291,291.jpg,buildings,0.4,0.2,0.15,0.020202020202020204,0.020202020202020204,0.030303030303030304,0.038461538461538464,0.03669724770642203,0.05042016806722689,0.12681498936839106,baseline,RGB,euclidean,none
292,292.jpg,buildings,0.2,0.3,0.35,0.010101010101010102,0.030303030303030304,0.0707070707070707,0.019230769230769232,0.055045871559633024,0.1176470588235294,0.1372254477887723,baseline,RGB,euclidean,none
293,293.jpg,buildings,0.6,0.6,0.35,0.030303030303030304,0.06060606060606061,0.0707070707070707,0.057692307692307696,0.11009174311926605,0.1176470588235294,0.20053927489021434,baseline,RGB,euclidean,none
294,294.jpg,buildings,1.0,0.7,0.5,0.050505050505050504,0.0707070707070707,0.10101010101010101,0.09615384615384615,0.12844036697247704,0.16806722689075632,0.21282704937947913,baseline,RGB,euclidean,none
295,295.jpg,buildings,0.0,0.1,0.1,0.0,0.010101010101010102,0.020202020202020204,0.0,0.018348623853211014,0.033613445378151266,0.09675030398368963,baseline,RGB,euclidean,none
296,296.jpg,buildings,0.2,0.1,0.2,0.010101010101010102,0.010101010101010102,0.04040404040404041,0.019230769230769232,0.018348623853211014,0.06722689075630253,0.1397856708789086,baseline,RGB,euclidean,none
297,297.jpg,buildings,0.4,0.4,0.3,0.020202020202020204,0.04040404040404041,0.06060606060606061,0.038461538461538464,0.07339449541284405,0.10084033613445378,0.1424498138428755,baseline,RGB,euclidean,none
298,298.jpg,buildings,0.2,0.2,0.35,0.010101010101010102,0.020202020202020204,0.0707070707070707,0.019230769230769232,0.03669724770642203,0.1176470588235294,0.17665799144763755,baseline,RGB,euclidean,none
299,299.jpg,buildings,0.6,0.6,0.5,0.030303030303030304,0.06060606060606061,0.10101010101010101,0.057692307692307696,0.11009174311926605,0.16806722689075632,0.19530969809821572,baseline,RGB,euclidean,none
300,300.jpg,buses,0.2,0.3,0.35,0.010101010101010102,0.030303030303030304,0.0707070707070707,0.019230769230769232,0.055045871559633024,0.1176470588235294,0.19892032029668003,baseline,RGB,euclidean,none
301,301.jpg,buses,0.4,0.6,0.5,0.020202020202020204,0.06060606060606061,0.10101010101010101,0.038461538461538464,0.11009174311926605,0.16806722689075632,0.31974159497458815,baseline,RGB,euclidean,none
302,302.jpg,buses,0.6,0.7,0.55,0.030303030303030304,0.0707070707070707,0.1111111111111111,0.057692307692307696,0.12844036697247704,0.18487394957983191,0.3343495153122352,baseline,RGB,euclidean,none
303,303.jpg,buses,0.4,0.4,0.25,0.020202020202020204,0.04040404040404041,0.050505050505050504,0.038461538461538464,0.07339449541284405,0.08403361344537816,0.17810537562265605,baseline,RGB,euclidean,none
304,304.jpg,buses,0.4,0.3,0.45,0.020202020202020204,0.030303030303030304,0.09090909090909091,0.038461538461538464,0.055045871559633024,0.15126050420168066,0.2831876797657456,baseline,RGB,euclidean,none
305,305.jpg,buses,0.6,0.6,0.5,0.030303030303030304,0.06060606060606061,0.10101010101010101,0.057692307692307696,0.11009174311926605,0.16806722689075632,0.30344158312832503,baseline,RGB,euclidean,none
306,306.jpg,buses,1.0,0.9,0.7,0.050505050505050504,0.09090909090909091,0.1414141414141414,0.09615384615384615,0.16513761467889906,0.2352941176470588,0.32475576233534587,baseline,RGB,euclidean,none
307,307.jpg,buses,0.4,0.3,0.3,0.020202020202020204,0.030303030303030304,0.06060606060606061,0.038461538461538464,0.055045871559633024,0.10084033613445378,0.2912223300953574,baseline,RGB,euclidean,none
308,308.jpg,buses,0.8,0.6,0.45,0.04040404040404041,0.06060606060606061,0.09090909090909091,0.07692307692307693,0.11009174311926605,0.15126050420168066,0.3353956994035984,baseline,RGB,euclidean,none
309,309.jpg,buses,0.0,0.2,0.15,0.0,0.020202020202020204,0.030303030303030304,0.0,0.03669724770642203,0.05042016806722689,0.180491345962805,baseline,RGB,euclidean,none
310,310.jpg,buses,0.8,0.8,0.7,0.04040404040404041,0.08080808080808081,0.1414141414141414,0.07692307692307693,0.1467889908256881,0.2352941176470588,0.40716314956251165,baseline,RGB,euclidean,none
311,311.jpg,buses,0.4,0.3,0.4,0.020202020202020204,0.030303030303030304,0.08080808080808081,0.038461538461538464,0.055045871559633024,0.13445378151260506,0.2811835812540797,baseline,RGB,euclidean,none
312,312.jpg,buses,0.6,0.6,0.5,0.030303030303030304,0.06060606060606061,0.10101010101010101,0.057692307692307696,0.11009174311926605,0.16806722689075632,0.30511768596052263,baseline,RGB,euclidean,none
313,313.jpg,buses,0.8,0.7,0.55,0.04040404040404041,0.0707070707070707,0.1111111111111111,0.07692307692307693,0.12844036697247704,0.18487394957983191,0.33036724636278114,baseline,RGB,euclidean,none
314,314.jpg,buses,0.6,0.6,0.6,0.030303030303030304,0.06060606060606061,0.12121212121212122,0.057692307692307696,0.11009174311926605,0.20168067226890757,0.3495318525987962,baseline,RGB,euclidean,none
315,315.jpg,buses,1.0,0.7,0.6,0.050505050505050504,0.0707070707070707,0.12121212121212122,0.09615384615384615,0.12844036697247704,0.20168067226890757,0.3541297679591138,baseline,RGB,euclidean,none
316,316.jpg,buses,1.0,0.9,0.7,0.050505050505050504,0.09090909090909091,0.1414141414141414,0.09615384615384615,0.16513761467889906,0.2352941176470588,0.31732800829967456,baseline,RGB,euclidean,none
317,317.jpg,buses,0.2,0.2,0.15,0.010101010101010102,0.020202020202020204,0.030303030303030304,0.019230769230769232,0.03669724770642203,0.05042016806722689,0.14580387520313526,baseline,RGB,euclidean,none
318,318.jpg,buses,0.0,0.0,0.0,0.0,0.0,0.0,0.0,0.0,0.0,0.19824951765139834,baseline,RGB,euclidean,none
319,319.jpg,buses,0.2,0.1,0.2,0.010101010101010102,0.010101010101010102,0.04040404040404041,0.019230769230769232,0.018348623853211014,0.06722689075630253,0.23422317839811838,baseline,RGB,euclidean,none
320,320.jpg,buses,1.0,0.9,0.7,0.050505050505050504,0.09090909090909091,0.1414141414141414,0.09615384615384615,0.16513761467889906,0.2352941176470588,0.32765692287605014,baseline,RGB,euclidean,none
321,321.jpg,buses,0.8,0.6,0.5,0.04040404040404041,0.06060606060606061,0.10101010101010101,0.07692307692307693,0.11009174311926605,0.16806722689075632,0.3615094858597569,baseline,RGB,euclidean,none
322,322.jpg,buses,0.4,0.4,0.45,0.020202020202020204,0.04040404040404041,0.09090909090909091,0.038461538461538464,0.07339449541284405,0.15126050420168066,0.25094395534842084,baseline,RGB,euclidean,none
323,323.jpg,buses,0.4,0.3,0.5,0.020202020202020204,0.030303030303030304,0.10101010101010101,0.038461538461538464,0.055045871559633024,0.16806722689075632,0.32944239944275194,baseline,RGB,euclidean,none
324,324.jpg,buses,0.4,0.3,0.25,0.020202020202020204,0.030303030303030304,0.050505050505050504,0.038461538461538464,0.055045871559633024,0.08403361344537816,0.254694805474148,baseline,RGB,euclidean,none
325,325.jpg,buses,0.6,0.6,0.45,0.030303030303030304,0.06060606060606061,0.09090909090909091,0.057692307692307696,0.11009174311926605,0.15126050420168066,0.33637086007394973,baseline,RGB,euclidean,none
326,326.jpg,buses,0.4,0.2,0.2,0.020202020202020204,0.020202020202020204,0.04040404040404041,0.038461538461538464,0.03669724770642203,0.06722689075630253,0.2248540733892453,baseline,RGB,euclidean,none
327,327.jpg,buses,0.4,0.5,0.3,0.020202020202020204,0.050505050505050504,0.06060606060606061,0.038461538461538464,0.09174311926605505,0.10084033613445378,0.2477345658868272,baseline,RGB,euclidean,none
328,328.jpg,buses,0.0,0.2,0.3,0.0,0.020202020202020204,0.06060606060606061,0.0,0.03669724770642203,0.10084033613445378,0.2187666366188713,baseline,RGB,euclidean,none
329,329.jpg,buses,0.6,0.7,0.55,0.030303030303030304,0.0707070707070707,0.1111111111111111,0.057692307692307696,0.12844036697247704,0.18487394957983191,0.28448274225336656,baseline,RGB,euclidean,none
330,330.jpg,buses,0.8,0.6,0.55,0.04040404040404041,0.06060606060606061,0.1111111111111111,0.07692307692307693,0.11009174311926605,0.18487394957983191,0.3621288037490446,baseline,RGB,euclidean,none
331,331.jpg,buses,0.6,0.5,0.25,0.030303030303030304,0.050505050505050504,0.050505050505050504,0.057692307692307696,0.09174311926605505,0.08403361344537816,0.23876167098928794,baseline,RGB,euclidean,none
332,332.jpg,buses,1.0,0.6,0.55,0.050505050505050504,0.06060606060606061,0.1111111111111111,0.09615384615384615,0.11009174311926605,0.18487394957983191,0.2714701369241853,baseline,RGB,euclidean,none
333,333.jpg,buses,0.0,0.1,0.1,0.0,0.010101010101010102,0.020202020202020204,0.0,0.018348623853211014,0.033613445378151266,0.11182514417973724,baseline,RGB,euclidean,none
334,334.jpg,buses,0.8,0.5,0.5,0.04040404040404041,0.050505050505050504,0.10101010101010101,0.07692307692307693,0.09174311926605505,0.16806722689075632,0.2481438836902248,baseline,RGB,euclidean,none
335,335.jpg,buses,0.4,0.7,0.5,0.020202020202020204,0.0707070707070707,0.10101010101010101,0.038461538461538464,0.12844036697247704,0.16806722689075632,0.3056544314166952,baseline,RGB,euclidean,none
336,336.jpg,buses,0.8,0.6,0.45,0.04040404040404041,0.06060606060606061,0.09090909090909091,0.07692307692307693,0.11009174311926605,0.15126050420168066,0.30958598465697423,baseline,RGB,euclidean,none
337,337.jpg,buses,0.4,0.2,0.3,0.020202020202020204,0.020202020202020204,0.06060606060606061,0.038461538461538464,0.03669724770642203,0.10084033613445378,0.1663385448558359,baseline,RGB,euclidean,none
338,338.jpg,buses,0.2,0.1,0.05,0.010101010101010102,0.010101010101010102,0.010101010101010102,0.019230769230769232,0.018348623853211014,0.016806722689075633,0.09812178298580417,baseline,RGB,euclidean,none
339,339.jpg,buses,0.4,0.6,0.4,0.020202020202020204,0.06060606060606061,0.08080808080808081,0.038461538461538464,0.11009174311926605,0.13445378151260506,0.2582232739549421,baseline,RGB,euclidean,none
340,340.jpg,buses,0.6,0.6,0.55,0.030303030303030304,0.06060606060606061,0.1111111111111111,0.057692307692307696,0.11009174311926605,0.18487394957983191,0.35314842063936125,baseline,RGB,euclidean,none
341,341.jpg,buses,1.0,0.7,0.6,0.050505050505050504,0.0707070707070707,0.12121212121212122,0.09615384615384615,0.12844036697247704,0.20168067226890757,0.3687935994872344,baseline,RGB,euclidean,none
342,342.jpg,buses,0.4,0.3,0.3,0.020202020202020204,0.030303030303030304,0.06060606060606061,0.038461538461538464,0.055045871559633024,0.10084033613445378,0.2921600519919334,baseline,RGB,euclidean,none
343,343.jpg,buses,0.2,0.1,0.05,0.010101010101010102,0.010101010101010102,0.010101010101010102,0.019230769230769232,0.018348623853211014,0.016806722689075633,0.09894634353940668,baseline,RGB,euclidean,none
344,344.jpg,buses,0.6,0.5,0.35,0.030303030303030304,0.050505050505050504,0.0707070707070707,0.057692307692307696,0.09174311926605505,0.1176470588235294,0.20856046099056913,baseline,RGB,euclidean,none
345,345.jpg,buses,1.0,0.6,0.4,0.050505050505050504,0.06060606060606061,0.08080808080808081,0.09615384615384615,0.11009174311926605,0.13445378151260506,0.36195062794308774,baseline,RGB,euclidean,none
346,346.jpg,buses,0.8,0.6,0.35,0.04040404040404041,0.06060606060606061,0.0707070707070707,0.07692307692307693,0.11009174311926605,0.1176470588235294,0.3022116617667965,baseline,RGB,euclidean,none
347,347.jpg,buses,0.0,0.0,0.15,0.0,0.0,0.030303030303030304,0.0,0.0,0.05042016806722689,0.20703105961774426,baseline,RGB,euclidean,none
348,348.jpg,buses,0.4,0.3,0.25,0.020202020202020204,0.030303030303030304,0.050505050505050504,0.038461538461538464,0.055045871559633024,0.08403361344537816,0.24740277855081846,baseline,RGB,euclidean,none
349,349.jpg,buses,0.2,0.1,0.1,0.010101010101010102,0.010101010101010102,0.020202020202020204,0.019230769230769232,0.018348623853211014,0.033613445378151266,0.17625546362930747,baseline,RGB,euclidean,none
350,350.jpg,buses,0.2,0.1,0.3,0.010101010101010102,0.010101010101010102,0.06060606060606061,0.019230769230769232,0.018348623853211014,0.10084033613445378,0.20117020670473135,baseline,RGB,euclidean,none
351,351.jpg,buses,1.0,0.7,0.55,0.050505050505050504,0.0707070707070707,0.1111111111111111,0.09615384615384615,0.12844036697247704,0.18487394957983191,0.37190537423280706,baseline,RGB,euclidean,none
352,352.jpg,buses,0.6,0.6,0.65,0.030303030303030304,0.06060606060606061,0.13131313131313133,0.057692307692307696,0.11009174311926605,0.2184873949579832,0.3541386843955039,baseline,RGB,euclidean,none
353,353.jpg,buses,0.0,0.4,0.4,0.0,0.04040404040404041,0.08080808080808081,0.0,0.07339449541284405,0.13445378151260506,0.24763559922161332,baseline,RGB,euclidean,none
354,354.jpg,buses,0.6,0.7,0.65,0.030303030303030304,0.0707070707070707,0.13131313131313133,0.057692307692307696,0.12844036697247704,0.2184873949579832,0.3012970656049916,baseline,RGB,euclidean,none
355,355.jpg,buses,0.2,0.2,0.2,0.010101010101010102,0.020202020202020204,0.04040404040404041,0.019230769230769232,0.03669724770642203,0.06722689075630253,0.1883176017044768,baseline,RGB,euclidean,none
356,356.jpg,buses,0.8,0.6,0.6,0.04040404040404041,0.06060606060606061,0.12121212121212122,0.07692307692307693,0.11009174311926605,0.20168067226890757,0.34037347544850266,baseline,RGB,euclidean,none
357,357.jpg,buses,0.0,0.0,0.0,0.0,0.0,0.0,0.0,0.0,0.0,0.09754735212739574,baseline,RGB,euclidean,none
358,358.jpg,buses,0.0,0.0,0.25,0.0,0.0,0.050505050505050504,0.0,0.0,0.08403361344537816,0.20924024161360688,baseline,RGB,euclidean,none
359,359.jpg,buses,0.2,0.1,0.1,0.010101010101010102,0.010101010101010102,0.020202020202020204,0.019230769230769232,0.018348623853211014,0.033613445378151266,0.10770741369436636,baseline,RGB,euclidean,none
360,360.jpg,buses,0.2,0.2,0.2,0.010101010101010102,0.020202020202020204,0.04040404040404041,0.019230769230769232,0.03669724770642203,0.06722689075630253,0.18043070391402927,baseline,RGB,euclidean,none
361,361.jpg,buses,0.0,0.0,0.0,0.0,0.0,0.0,0.0,0.0,0.0,0.07433098792493734,baseline,RGB,euclidean,none
362,362.jpg,buses,0.6,0.5,0.5,0.030303030303030304,0.050505050505050504,0.10101010101010101,0.057692307692307696,0.09174311926605505,0.16806722689075632,0.3367382484895529,baseline,RGB,euclidean,none
363,363.jpg,buses,0.2,0.2,0.2,0.010101010101010102,0.020202020202020204,0.04040404040404041,0.019230769230769232,0.03669724770642203,0.06722689075630253,0.1685183369781686,baseline,RGB,euclidean,none
364,364.jpg,buses,0.8,0.8,0.6,0.04040404040404041,0.08080808080808081,0.12121212121212122,0.07692307692307693,0.1467889908256881,0.20168067226890757,0.2770551522152598,baseline,RGB,euclidean,none
365,365.jpg,buses,0.0,0.0,0.15,0.0,0.0,0.030303030303030304,0.0,0.0,0.05042016806722689,0.1660208576031032,baseline,RGB,euclidean,none
366,366.jpg,buses,0.2,0.2,0.15,0.010101010101010102,0.020202020202020204,0.030303030303030304,0.019230769230769232,0.03669724770642203,0.05042016806722689,0.1566451580326634,baseline,RGB,euclidean,none
367,367.jpg,buses,0.4,0.6,0.6,0.020202020202020204,0.06060606060606061,0.12121212121212122,0.038461538461538464,0.11009174311926605,0.20168067226890757,0.3167246182446471,baseline,RGB,euclidean,none
368,368.jpg,buses,0.8,0.7,0.6,0.04040404040404041,0.0707070707070707,0.12121212121212122,0.07692307692307693,0.12844036697247704,0.20168067226890757,0.28574666279202643,baseline,RGB,euclidean,none
369,369.jpg,buses,0.2,0.3,0.4,0.010101010101010102,0.030303030303030304,0.08080808080808081,0.019230769230769232,0.055045871559633024,0.13445378151260506,0.2495953208567497,baseline,RGB,euclidean,none
370,370.jpg,buses,0.2,0.3,0.15,0.010101010101010102,0.030303030303030304,0.030303030303030304,0.019230769230769232,0.055045871559633024,0.05042016806722689,0.21935676726291983,baseline,RGB,euclidean,none
371,371.jpg,buses,0.8,0.6,0.6,0.04040404040404041,0.06060606060606061,0.12121212121212122,0.07692307692307693,0.11009174311926605,0.20168067226890757,0.3794000692186617,baseline,RGB,euclidean,none
372,372.jpg,buses,0.6,0.7,0.6,0.030303030303030304,0.0707070707070707,0.12121212121212122,0.057692307692307696,0.12844036697247704,0.20168067226890757,0.30053187691352024,baseline,RGB,euclidean,none
373,373.jpg,buses,0.0,0.0,0.05,0.0,0.0,0.010101010101010102,0.0,0.0,0.016806722689075633,0.13904217798362822,baseline,RGB,euclidean,none
374,374.jpg,buses,1.0,1.0,0.65,0.050505050505050504,0.10101010101010101,0.13131313131313133,0.09615384615384615,0.1834862385321101,0.2184873949579832,0.3326600356369425,baseline,RGB,euclidean,none
375,375.jpg,buses,0.2,0.5,0.45,0.010101010101010102,0.050505050505050504,0.09090909090909091,0.019230769230769232,0.09174311926605505,0.15126050420168066,0.28393533106115815,baseline,RGB,euclidean,none
376,376.jpg,buses,0.8,0.6,0.45,0.04040404040404041,0.06060606060606061,0.09090909090909091,0.07692307692307693,0.11009174311926605,0.15126050420168066,0.29151747244822795,baseline,RGB,euclidean,none
377,377.jpg,buses,0.4,0.4,0.5,0.020202020202020204,0.04040404040404041,0.10101010101010101,0.038461538461538464,0.07339449541284405,0.16806722689075632,0.22931390648563044,baseline,RGB,euclidean,none
378,378.jpg,buses,0.6,0.4,0.4,0.030303030303030304,0.04040404040404041,0.08080808080808081,0.057692307692307696,0.07339449541284405,0.13445378151260506,0.2908071646861886,baseline,RGB,euclidean,none
379,379.jpg,buses,0.2,0.2,0.25,0.010101010101010102,0.020202020202020204,0.050505050505050504,0.019230769230769232,0.03669724770642203,0.08403361344537816,0.2173552610919468,baseline,RGB,euclidean,none
380,380.jpg,buses,0.0,0.0,0.0,0.0,0.0,0.0,0.0,0.0,0.0,0.08657807459840737,baseline,RGB,euclidean,none
381,381.jpg,buses,0.8,0.8,0.55,0.04040404040404041,0.08080808080808081,0.1111111111111111,0.07692307692307693,0.1467889908256881,0.18487394957983191,0.286678946040512,baseline,RGB,euclidean,none
382,382.jpg,buses,0.8,0.8,0.6,0.04040404040404041,0.08080808080808081,0.12121212121212122,0.07692307692307693,0.1467889908256881,0.20168067226890757,0.36753932913937265,baseline,RGB,euclidean,none
383,383.jpg,buses,0.0,0.1,0.15,0.0,0.010101010101010102,0.030303030303030304,0.0,0.018348623853211014,0.05042016806722689,0.2257169509374454,baseline,RGB,euclidean,none
384,384.jpg,buses,0.4,0.4,0.45,0.020202020202020204,0.04040404040404041,0.09090909090909091,0.038461538461538464,0.07339449541284405,0.15126050420168066,0.23018897036736788,baseline,RGB,euclidean,none
385,385.jpg,buses,1.0,0.9,0.65,0.050505050505050504,0.09090909090909091,0.13131313131313133,0.09615384615384615,0.16513761467889906,0.2184873949579832,0.3317717813536407,baseline,RGB,euclidean,none
386,386.jpg,buses,0.2,0.3,0.15,0.010101010101010102,0.030303030303030304,0.030303030303030304,0.019230769230769232,0.055045871559633024,0.05042016806722689,0.1549721508063878,baseline,RGB,euclidean,none
387,387.jpg,buses,0.4,0.6,0.6,0.020202020202020204,0.06060606060606061,0.12121212121212122,0.038461538461538464,0.11009174311926605,0.20168067226890757,0.2954543296831777,baseline,RGB,euclidean,none
388,388.jpg,buses,1.0,0.7,0.6,0.050505050505050504,0.0707070707070707,0.12121212121212122,0.09615384615384615,0.12844036697247704,0.20168067226890757,0.3492135528181706,baseline,RGB,euclidean,none
389,389.jpg,buses,0.2,0.2,0.15,0.010101010101010102,0.020202020202020204,0.030303030303030304,0.019230769230769232,0.03669724770642203,0.05042016806722689,0.2397610307586918,baseline,RGB,euclidean,none
390,390.jpg,buses,0.6,0.8,0.55,0.030303030303030304,0.08080808080808081,0.1111111111111111,0.057692307692307696,0.1467889908256881,0.18487394957983191,0.3415350931124901,baseline,RGB,euclidean,none
391,391.jpg,buses,0.6,0.4,0.4,0.030303030303030304,0.04040404040404041,0.08080808080808081,0.057692307692307696,0.07339449541284405,0.13445378151260506,0.312033360245683,baseline,RGB,euclidean,none
392,392.jpg,buses,1.0,0.8,0.6,0.050505050505050504,0.08080808080808081,0.12121212121212122,0.09615384615384615,0.1467889908256881,0.20168067226890757,0.38977724721191187,baseline,RGB,euclidean,none
393,393.jpg,buses,0.2,0.3,0.25,0.010101010101010102,0.030303030303030304,0.050505050505050504,0.019230769230769232,0.055045871559633024,0.08403361344537816,0.1967342441286656,baseline,RGB,euclidean,none
394,394.jpg,buses,0.2,0.1,0.05,0.010101010101010102,0.010101010101010102,0.010101010101010102,0.019230769230769232,0.018348623853211014,0.016806722689075633,0.1841965690796677,baseline,RGB,euclidean,none
395,395.jpg,buses,0.4,0.4,0.35,0.020202020202020204,0.04040404040404041,0.0707070707070707,0.038461538461538464,0.07339449541284405,0.1176470588235294,0.27005686665545076,baseline,RGB,euclidean,none
396,396.jpg,buses,0.4,0.3,0.35,0.020202020202020204,0.030303030303030304,0.0707070707070707,0.038461538461538464,0.055045871559633024,0.1176470588235294,0.257899990101161,baseline,RGB,euclidean,none
397,397.jpg,buses,0.2,0.3,0.25,0.010101010101010102,0.030303030303030304,0.050505050505050504,0.019230769230769232,0.055045871559633024,0.08403361344537816,0.22336490089809896,baseline,RGB,euclidean,none
398,398.jpg,buses,0.2,0.4,0.45,0.010101010101010102,0.04040404040404041,0.09090909090909091,0.019230769230769232,0.07339449541284405,0.15126050420168066,0.26507037914926584,baseline,RGB,euclidean,none
399,399.jpg,buses,0.4,0.4,0.4,0.020202020202020204,0.04040404040404041,0.08080808080808081,0.038461538461538464,0.07339449541284405,0.13445378151260506,0.2363507549660114,baseline,RGB,euclidean,none
400,400.jpg,dinosaurs,1.0,1.0,1.0,0.050505050505050504,0.10101010101010101,0.20202020202020202,0.09615384615384615,0.1834862385321101,0.33613445378151263,0.9984520825611773,baseline,RGB,euclidean,none
401,401.jpg,dinosaurs,1.0,1.0,1.0,0.050505050505050504,0.10101010101010101,0.20202020202020202,0.09615384615384615,0.1834862385321101,0.33613445378151263,0.9983215383246434,baseline,RGB,euclidean,none
402,402.jpg,dinosaurs,1.0,1.0,1.0,0.050505050505050504,0.10101010101010101,0.20202020202020202,0.09615384615384615,0.1834862385321101,0.33613445378151263,0.9955940123991058,baseline,RGB,euclidean,none
403,403.jpg,dinosaurs,1.0,1.0,1.0,0.050505050505050504,0.10101010101010101,0.20202020202020202,0.09615384615384615,0.1834862385321101,0.33613445378151263,0.9936145628243572,baseline,RGB,euclidean,none
404,404.jpg,dinosaurs,1.0,1.0,1.0,0.050505050505050504,0.10101010101010101,0.20202020202020202,0.09615384615384615,0.1834862385321101,0.33613445378151263,0.9951021091863012,baseline,RGB,euclidean,none
405,405.jpg,dinosaurs,1.0,1.0,1.0,0.050505050505050504,0.10101010101010101,0.20202020202020202,0.09615384615384615,0.1834862385321101,0.33613445378151263,0.9970693831443052,baseline,RGB,euclidean,none
406,406.jpg,dinosaurs,1.0,1.0,1.0,0.050505050505050504,0.10101010101010101,0.20202020202020202,0.09615384615384615,0.1834862385321101,0.33613445378151263,0.9980906505545707,baseline,RGB,euclidean,none
407,407.jpg,dinosaurs,1.0,1.0,1.0,0.050505050505050504,0.10101010101010101,0.20202020202020202,0.09615384615384615,0.1834862385321101,0.33613445378151263,0.9951887402916805,baseline,RGB,euclidean,none
408,408.jpg,dinosaurs,0.6,0.5,0.5,0.030303030303030304,0.050505050505050504,0.10101010101010101,0.057692307692307696,0.09174311926605505,0.16806722689075632,0.6733968140935144,baseline,RGB,euclidean,none
409,409.jpg,dinosaurs,1.0,1.0,1.0,0.050505050505050504,0.10101010101010101,0.20202020202020202,0.09615384615384615,0.1834862385321101,0.33613445378151263,0.996512464613807,baseline,RGB,euclidean,none
410,410.jpg,dinosaurs,1.0,1.0,1.0,0.050505050505050504,0.10101010101010101,0.20202020202020202,0.09615384615384615,0.1834862385321101,0.33613445378151263,0.9636330601130189,baseline,RGB,euclidean,none
411,411.jpg,dinosaurs,1.0,1.0,1.0,0.050505050505050504,0.10101010101010101,0.20202020202020202,0.09615384615384615,0.1834862385321101,0.33613445378151263,0.9951100590955537,baseline,RGB,euclidean,none
412,412.jpg,dinosaurs,1.0,1.0,1.0,0.050505050505050504,0.10101010101010101,0.20202020202020202,0.09615384615384615,0.1834862385321101,0.33613445378151263,0.9916424348773063,baseline,RGB,euclidean,none
413,413.jpg,dinosaurs,1.0,1.0,1.0,0.050505050505050504,0.10101010101010101,0.20202020202020202,0.09615384615384615,0.1834862385321101,0.33613445378151263,0.9954175431728461,baseline,RGB,euclidean,none
414,414.jpg,dinosaurs,1.0,1.0,1.0,0.050505050505050504,0.10101010101010101,0.20202020202020202,0.09615384615384615,0.1834862385321101,0.33613445378151263,0.9894749063782258,baseline,RGB,euclidean,none
415,415.jpg,dinosaurs,1.0,1.0,1.0,0.050505050505050504,0.10101010101010101,0.20202020202020202,0.09615384615384615,0.1834862385321101,0.33613445378151263,0.9972313111753657,baseline,RGB,euclidean,none
416,416.jpg,dinosaurs,1.0,1.0,1.0,0.050505050505050504,0.10101010101010101,0.20202020202020202,0.09615384615384615,0.1834862385321101,0.33613445378151263,0.9980414262798254,baseline,RGB,euclidean,none
417,417.jpg,dinosaurs,1.0,1.0,1.0,0.050505050505050504,0.10101010101010101,0.20202020202020202,0.09615384615384615,0.1834862385321101,0.33613445378151263,0.9979021136013279,baseline,RGB,euclidean,none
418,418.jpg,dinosaurs,1.0,1.0,1.0,0.050505050505050504,0.10101010101010101,0.20202020202020202,0.09615384615384615,0.1834862385321101,0.33613445378151263,0.9981115704144004,baseline,RGB,euclidean,none
419,419.jpg,dinosaurs,1.0,1.0,1.0,0.050505050505050504,0.10101010101010101,0.20202020202020202,0.09615384615384615,0.1834862385321101,0.33613445378151263,0.9971337357566041,baseline,RGB,euclidean,none
420,420.jpg,dinosaurs,1.0,1.0,1.0,0.050505050505050504,0.10101010101010101,0.20202020202020202,0.09615384615384615,0.1834862385321101,0.33613445378151263,0.9969581509491616,baseline,RGB,euclidean,none
421,421.jpg,dinosaurs,1.0,1.0,1.0,0.050505050505050504,0.10101010101010101,0.20202020202020202,0.09615384615384615,0.1834862385321101,0.33613445378151263,0.9972424531941857,baseline,RGB,euclidean,none
422,422.jpg,dinosaurs,0.8,0.8,0.8,0.04040404040404041,0.08080808080808081,0.16161616161616163,0.07692307692307693,0.1467889908256881,0.26890756302521013,0.8204274057990418,baseline,RGB,euclidean,none
423,423.jpg,dinosaurs,1.0,1.0,1.0,0.050505050505050504,0.10101010101010101,0.20202020202020202,0.09615384615384615,0.1834862385321101,0.33613445378151263,0.9943577418240858,baseline,RGB,euclidean,none
424,424.jpg,dinosaurs,1.0,1.0,1.0,0.050505050505050504,0.10101010101010101,0.20202020202020202,0.09615384615384615,0.1834862385321101,0.33613445378151263,0.9897819417411945,baseline,RGB,euclidean,none
425,425.jpg,dinosaurs,1.0,1.0,0.95,0.050505050505050504,0.10101010101010101,0.1919191919191919,0.09615384615384615,0.1834862385321101,0.319327731092437,0.9781666600300127,baseline,RGB,euclidean,none
426,426.jpg,dinosaurs,1.0,0.9,0.9,0.050505050505050504,0.09090909090909091,0.18181818181818182,0.09615384615384615,0.16513761467889906,0.3025210084033613,0.880021516403021,baseline,RGB,euclidean,none
427,427.jpg,dinosaurs,1.0,1.0,1.0,0.050505050505050504,0.10101010101010101,0.20202020202020202,0.09615384615384615,0.1834862385321101,0.33613445378151263,0.9984520825611773,baseline,RGB,euclidean,none
428,428.jpg,dinosaurs,1.0,1.0,1.0,0.050505050505050504,0.10101010101010101,0.20202020202020202,0.09615384615384615,0.1834862385321101,0.33613445378151263,0.9869189159474873,baseline,RGB,euclidean,none
429,429.jpg,dinosaurs,1.0,1.0,1.0,0.050505050505050504,0.10101010101010101,0.20202020202020202,0.09615384615384615,0.1834862385321101,0.33613445378151263,0.9981330013714006,baseline,RGB,euclidean,none
430,430.jpg,dinosaurs,1.0,1.0,1.0,0.050505050505050504,0.10101010101010101,0.20202020202020202,0.09615384615384615,0.1834862385321101,0.33613445378151263,0.997300692495407,baseline,RGB,euclidean,none
431,431.jpg,dinosaurs,1.0,1.0,1.0,0.050505050505050504,0.10101010101010101,0.20202020202020202,0.09615384615384615,0.1834862385321101,0.33613445378151263,0.9947808179504816,baseline,RGB,euclidean,none
432,432.jpg,dinosaurs,1.0,1.0,1.0,0.050505050505050504,0.10101010101010101,0.20202020202020202,0.09615384615384615,0.1834862385321101,0.33613445378151263,0.9973940457441,baseline,RGB,euclidean,none
433,433.jpg,dinosaurs,1.0,1.0,1.0,0.050505050505050504,0.10101010101010101,0.20202020202020202,0.09615384615384615,0.1834862385321101,0.33613445378151263,0.9978780132441952,baseline,RGB,euclidean,none
434,434.jpg,dinosaurs,1.0,1.0,1.0,0.050505050505050504,0.10101010101010101,0.20202020202020202,0.09615384615384615,0.1834862385321101,0.33613445378151263,0.9955117654258346,baseline,RGB,euclidean,none
435,435.jpg,dinosaurs,1.0,1.0,1.0,0.050505050505050504,0.10101010101010101,0.20202020202020202,0.09615384615384615,0.1834862385321101,0.33613445378151263,0.996679146539397,baseline,RGB,euclidean,none
436,436.jpg,dinosaurs,1.0,1.0,1.0,0.050505050505050504,0.10101010101010101,0.20202020202020202,0.09615384615384615,0.1834862385321101,0.33613445378151263,0.9948955728594151,baseline,RGB,euclidean,none
437,437.jpg,dinosaurs,1.0,1.0,1.0,0.050505050505050504,0.10101010101010101,0.20202020202020202,0.09615384615384615,0.1834862385321101,0.33613445378151263,0.9967291345626251,baseline,RGB,euclidean,none
438,438.jpg,dinosaurs,1.0,1.0,1.0,0.050505050505050504,0.10101010101010101,0.20202020202020202,0.09615384615384615,0.1834862385321101,0.33613445378151263,0.9979954668500209,baseline,RGB,euclidean,none
439,439.jpg,dinosaurs,1.0,1.0,1.0,0.050505050505050504,0.10101010101010101,0.20202020202020202,0.09615384615384615,0.1834862385321101,0.33613445378151263,0.9950444401473802,baseline,RGB,euclidean,none
440,440.jpg,dinosaurs,1.0,1.0,1.0,0.050505050505050504,0.10101010101010101,0.20202020202020202,0.09615384615384615,0.1834862385321101,0.33613445378151263,0.9845256676092292,baseline,RGB,euclidean,none
441,441.jpg,dinosaurs,1.0,1.0,1.0,0.050505050505050504,0.10101010101010101,0.20202020202020202,0.09615384615384615,0.1834862385321101,0.33613445378151263,0.9976658245825492,baseline,RGB,euclidean,none
442,442.jpg,dinosaurs,1.0,1.0,1.0,0.050505050505050504,0.10101010101010101,0.20202020202020202,0.09615384615384615,0.1834862385321101,0.33613445378151263,0.9981115704144004,baseline,RGB,euclidean,none
443,443.jpg,dinosaurs,1.0,1.0,1.0,0.050505050505050504,0.10101010101010101,0.20202020202020202,0.09615384615384615,0.1834862385321101,0.33613445378151263,0.9917102180933189,baseline,RGB,euclidean,none
444,444.jpg,dinosaurs,1.0,1.0,1.0,0.050505050505050504,0.10101010101010101,0.20202020202020202,0.09615384615384615,0.1834862385321101,0.33613445378151263,0.9974238755454193,baseline,RGB,euclidean,none
445,445.jpg,dinosaurs,1.0,1.0,1.0,0.050505050505050504,0.10101010101010101,0.20202020202020202,0.09615384615384615,0.1834862385321101,0.33613445378151263,0.9850700610689785,baseline,RGB,euclidean,none
446,446.jpg,dinosaurs,1.0,1.0,1.0,0.050505050505050504,0.10101010101010101,0.20202020202020202,0.09615384615384615,0.1834862385321101,0.33613445378151263,0.9982464958669176,baseline,RGB,euclidean,none
447,447.jpg,dinosaurs,1.0,1.0,1.0,0.050505050505050504,0.10101010101010101,0.20202020202020202,0.09615384615384615,0.1834862385321101,0.33613445378151263,0.9975172287941123,baseline,RGB,euclidean,none
448,448.jpg,dinosaurs,1.0,1.0,1.0,0.050505050505050504,0.10101010101010101,0.20202020202020202,0.09615384615384615,0.1834862385321101,0.33613445378151263,0.9973323004538441,baseline,RGB,euclidean,none
449,449.jpg,dinosaurs,1.0,1.0,0.95,0.050505050505050504,0.10101010101010101,0.1919191919191919,0.09615384615384615,0.1834862385321101,0.319327731092437,0.930421826227429,baseline,RGB,euclidean,none
450,450.jpg,dinosaurs,1.0,1.0,1.0,0.050505050505050504,0.10101010101010101,0.20202020202020202,0.09615384615384615,0.1834862385321101,0.33613445378151263,0.9983587293124843,baseline,RGB,euclidean,none
451,451.jpg,dinosaurs,1.0,1.0,1.0,0.050505050505050504,0.10101010101010101,0.20202020202020202,0.09615384615384615,0.1834862385321101,0.33613445378151263,0.9973323004538441,baseline,RGB,euclidean,none
452,452.jpg,dinosaurs,1.0,1.0,1.0,0.050505050505050504,0.10101010101010101,0.20202020202020202,0.09615384615384615,0.1834862385321101,0.33613445378151263,0.9908324045246485,baseline,RGB,euclidean,none
453,453.jpg,dinosaurs,1.0,1.0,1.0,0.050505050505050504,0.10101010101010101,0.20202020202020202,0.09615384615384615,0.1834862385321101,0.33613445378151263,0.9983398491156106,baseline,RGB,euclidean,none
454,454.jpg,dinosaurs,1.0,1.0,1.0,0.050505050505050504,0.10101010101010101,0.20202020202020202,0.09615384615384615,0.1834862385321101,0.33613445378151263,0.9980906505545707,baseline,RGB,euclidean,none
455,455.jpg,dinosaurs,1.0,0.7,0.65,0.050505050505050504,0.0707070707070707,0.13131313131313133,0.09615384615384615,0.12844036697247704,0.2184873949579832,0.7634062999950841,baseline,RGB,euclidean,none
456,456.jpg,dinosaurs,1.0,1.0,1.0,0.050505050505050504,0.10101010101010101,0.20202020202020202,0.09615384615384615,0.1834862385321101,0.33613445378151263,0.9985472662657271,baseline,RGB,euclidean,none
457,457.jpg,dinosaurs,1.0,1.0,1.0,0.050505050505050504,0.10101010101010101,0.20202020202020202,0.09615384615384615,0.1834862385321101,0.33613445378151263,0.9977591778312421,baseline,RGB,euclidean,none
458,458.jpg,dinosaurs,1.0,1.0,1.0,0.050505050505050504,0.10101010101010101,0.20202020202020202,0.09615384615384615,0.1834862385321101,0.33613445378151263,0.9920047637293652,baseline,RGB,euclidean,none
459,459.jpg,dinosaurs,1.0,1.0,1.0,0.050505050505050504,0.10101010101010101,0.20202020202020202,0.09615384615384615,0.1834862385321101,0.33613445378151263,0.996642046205978,baseline,RGB,euclidean,none
460,460.jpg,dinosaurs,1.0,1.0,1.0,0.050505050505050504,0.10101010101010101,0.20202020202020202,0.09615384615384615,0.1834862385321101,0.33613445378151263,0.9984520825611773,baseline,RGB,euclidean,none
461,461.jpg,dinosaurs,1.0,1.0,1.0,0.050505050505050504,0.10101010101010101,0.20202020202020202,0.09615384615384615,0.1834862385321101,0.33613445378151263,0.9849879684713034,baseline,RGB,euclidean,none
462,462.jpg,dinosaurs,1.0,1.0,1.0,0.050505050505050504,0.10101010101010101,0.20202020202020202,0.09615384615384615,0.1834862385321101,0.33613445378151263,0.9942223278651622,baseline,RGB,euclidean,none
463,463.jpg,dinosaurs,1.0,1.0,1.0,0.050505050505050504,0.10101010101010101,0.20202020202020202,0.09615384615384615,0.1834862385321101,0.33613445378151263,0.997574249490974,baseline,RGB,euclidean,none
464,464.jpg,dinosaurs,1.0,1.0,1.0,0.050505050505050504,0.10101010101010101,0.20202020202020202,0.09615384615384615,0.1834862385321101,0.33613445378151263,0.9988766729766205,baseline,RGB,euclidean,none
465,465.jpg,dinosaurs,1.0,1.0,1.0,0.050505050505050504,0.10101010101010101,0.20202020202020202,0.09615384615384615,0.1834862385321101,0.33613445378151263,0.9983215383246434,baseline,RGB,euclidean,none
466,466.jpg,dinosaurs,1.0,1.0,1.0,0.050505050505050504,0.10101010101010101,0.20202020202020202,0.09615384615384615,0.1834862385321101,0.33613445378151263,0.9974732602124954,baseline,RGB,euclidean,none
467,467.jpg,dinosaurs,1.0,1.0,1.0,0.050505050505050504,0.10101010101010101,0.20202020202020202,0.09615384615384615,0.1834862385321101,0.33613445378151263,0.9985472662657271,baseline,RGB,euclidean,none
468,468.jpg,dinosaurs,1.0,1.0,1.0,0.050505050505050504,0.10101010101010101,0.20202020202020202,0.09615384615384615,0.1834862385321101,0.33613445378151263,0.9968152596306878,baseline,RGB,euclidean,none
469,469.jpg,dinosaurs,1.0,1.0,1.0,0.050505050505050504,0.10101010101010101,0.20202020202020202,0.09615384615384615,0.1834862385321101,0.33613445378151263,0.9962507646554633,baseline,RGB,euclidean,none
470,470.jpg,dinosaurs,1.0,1.0,1.0,0.050505050505050504,0.10101010101010101,0.20202020202020202,0.09615384615384615,0.1834862385321101,0.33613445378151263,0.9956446089062198,baseline,RGB,euclidean,none
471,471.jpg,dinosaurs,1.0,1.0,1.0,0.050505050505050504,0.10101010101010101,0.20202020202020202,0.09615384615384615,0.1834862385321101,0.33613445378151263,0.9955583454424644,baseline,RGB,euclidean,none
472,472.jpg,dinosaurs,1.0,1.0,1.0,0.050505050505050504,0.10101010101010101,0.20202020202020202,0.09615384615384615,0.1834862385321101,0.33613445378151263,0.9984520825611773,baseline,RGB,euclidean,none
473,473.jpg,dinosaurs,1.0,1.0,1.0,0.050505050505050504,0.10101010101010101,0.20202020202020202,0.09615384615384615,0.1834862385321101,0.33613445378151263,0.9974162395156339,baseline,RGB,euclidean,none
474,474.jpg,dinosaurs,1.0,1.0,1.0,0.050505050505050504,0.10101010101010101,0.20202020202020202,0.09615384615384615,0.1834862385321101,0.33613445378151263,0.9962586848240123,baseline,RGB,euclidean,none
475,475.jpg,dinosaurs,1.0,1.0,1.0,0.050505050505050504,0.10101010101010101,0.20202020202020202,0.09615384615384615,0.1834862385321101,0.33613445378151263,0.9469761823113599,baseline,RGB,euclidean,none
476,476.jpg,dinosaurs,1.0,1.0,1.0,0.050505050505050504,0.10101010101010101,0.20202020202020202,0.09615384615384615,0.1834862385321101,0.33613445378151263,0.9979266420741321,baseline,RGB,euclidean,none
477,477.jpg,dinosaurs,1.0,1.0,1.0,0.050505050505050504,0.10101010101010101,0.20202020202020202,0.09615384615384615,0.1834862385321101,0.33613445378151263,0.9933161295817098,baseline,RGB,euclidean,none
478,478.jpg,dinosaurs,1.0,1.0,1.0,0.050505050505050504,0.10101010101010101,0.20202020202020202,0.09615384615384615,0.1834862385321101,0.33613445378151263,0.9967293007833286,baseline,RGB,euclidean,none
479,479.jpg,dinosaurs,1.0,1.0,1.0,0.050505050505050504,0.10101010101010101,0.20202020202020202,0.09615384615384615,0.1834862385321101,0.33613445378151263,0.9981115704144004,baseline,RGB,euclidean,none
480,480.jpg,dinosaurs,1.0,1.0,1.0,0.050505050505050504,0.10101010101010101,0.20202020202020202,0.09615384615384615,0.1834862385321101,0.33613445378151263,0.9979954668500209,baseline,RGB,euclidean,none
481,481.jpg,dinosaurs,1.0,1.0,1.0,0.050505050505050504,0.10101010101010101,0.20202020202020202,0.09615384615384615,0.1834862385321101,0.33613445378151263,0.997693084903927,baseline,RGB,euclidean,none
482,482.jpg,dinosaurs,1.0,1.0,1.0,0.050505050505050504,0.10101010101010101,0.20202020202020202,0.09615384615384615,0.1834862385321101,0.33613445378151263,0.9932874279987947,baseline,RGB,euclidean,none
483,483.jpg,dinosaurs,1.0,1.0,1.0,0.050505050505050504,0.10101010101010101,0.20202020202020202,0.09615384615384615,0.1834862385321101,0.33613445378151263,0.9968873362567691,baseline,RGB,euclidean,none
484,484.jpg,dinosaurs,1.0,1.0,1.0,0.050505050505050504,0.10101010101010101,0.20202020202020202,0.09615384615384615,0.1834862385321101,0.33613445378151263,0.9975172287941123,baseline,RGB,euclidean,none
485,485.jpg,dinosaurs,1.0,1.0,1.0,0.050505050505050504,0.10101010101010101,0.20202020202020202,0.09615384615384615,0.1834862385321101,0.33613445378151263,0.9507001848807501,baseline,RGB,euclidean,none
486,486.jpg,dinosaurs,1.0,1.0,1.0,0.050505050505050504,0.10101010101010101,0.20202020202020202,0.09615384615384615,0.1834862385321101,0.33613445378151263,0.9678756303240335,baseline,RGB,euclidean,none
487,487.jpg,dinosaurs,1.0,1.0,1.0,0.050505050505050504,0.10101010101010101,0.20202020202020202,0.09615384615384615,0.1834862385321101,0.33613445378151263,0.9975379384325136,baseline,RGB,euclidean,none
488,488.jpg,dinosaurs,1.0,1.0,1.0,0.050505050505050504,0.10101010101010101,0.20202020202020202,0.09615384615384615,0.1834862385321101,0.33613445378151263,0.9978543615357919,baseline,RGB,euclidean,none
489,489.jpg,dinosaurs,1.0,1.0,1.0,0.050505050505050504,0.10101010101010101,0.20202020202020202,0.09615384615384615,0.1834862385321101,0.33613445378151263,0.9983215383246434,baseline,RGB,euclidean,none
490,490.jpg,dinosaurs,1.0,1.0,1.0,0.050505050505050504,0.10101010101010101,0.20202020202020202,0.09615384615384615,0.1834862385321101,0.33613445378151263,0.9966303312904197,baseline,RGB,euclidean,none
491,491.jpg,dinosaurs,1.0,1.0,1.0,0.050505050505050504,0.10101010101010101,0.20202020202020202,0.09615384615384615,0.1834862385321101,0.33613445378151263,0.9984520825611773,baseline,RGB,euclidean,none
492,492.jpg,dinosaurs,1.0,1.0,1.0,0.050505050505050504,0.10101010101010101,0.20202020202020202,0.09615384615384615,0.1834862385321101,0.33613445378151263,0.9912732129116207,baseline,RGB,euclidean,none
493,493.jpg,dinosaurs,1.0,1.0,1.0,0.050505050505050504,0.10101010101010101,0.20202020202020202,0.09615384615384615,0.1834862385321101,0.33613445378151263,0.9956979712025562,baseline,RGB,euclidean,none
494,494.jpg,dinosaurs,1.0,1.0,1.0,0.050505050505050504,0.10101010101010101,0.20202020202020202,0.09615384615384615,0.1834862385321101,0.33613445378151263,0.9970844135754243,baseline,RGB,euclidean,none
495,495.jpg,dinosaurs,1.0,1.0,1.0,0.050505050505050504,0.10101010101010101,0.20202020202020202,0.09615384615384615,0.1834862385321101,0.33613445378151263,0.9982263546200937,baseline,RGB,euclidean,none
496,496.jpg,dinosaurs,1.0,1.0,1.0,0.050505050505050504,0.10101010101010101,0.20202020202020202,0.09615384615384615,0.1834862385321101,0.33613445378151263,0.9978105385097527,baseline,RGB,euclidean,none
497,497.jpg,dinosaurs,1.0,1.0,1.0,0.050505050505050504,0.10101010101010101,0.20202020202020202,0.09615384615384615,0.1834862385321101,0.33613445378151263,0.9974539993707238,baseline,RGB,euclidean,none
498,498.jpg,dinosaurs,1.0,1.0,1.0,0.050505050505050504,0.10101010101010101,0.20202020202020202,0.09615384615384615,0.1834862385321101,0.33613445378151263,0.9972362124136674,baseline,RGB,euclidean,none
499,499.jpg,dinosaurs,1.0,1.0,1.0,0.050505050505050504,0.10101010101010101,0.20202020202020202,0.09615384615384615,0.1834862385321101,0.33613445378151263,0.9971337357566041,baseline,RGB,euclidean,none
500,500.jpg,elephants,0.8,0.6,0.5,0.04040404040404041,0.06060606060606061,0.10101010101010101,0.07692307692307693,0.11009174311926605,0.16806722689075632,0.4592183169894593,baseline,RGB,euclidean,none
501,501.jpg,elephants,0.4,0.5,0.55,0.020202020202020204,0.050505050505050504,0.1111111111111111,0.038461538461538464,0.09174311926605505,0.18487394957983191,0.42583869901794086,baseline,RGB,euclidean,none
502,502.jpg,elephants,0.2,0.1,0.1,0.010101010101010102,0.010101010101010102,0.020202020202020204,0.019230769230769232,0.018348623853211014,0.033613445378151266,0.16119370177651335,baseline,RGB,euclidean,none
503,503.jpg,elephants,0.4,0.4,0.25,0.020202020202020204,0.04040404040404041,0.050505050505050504,0.038461538461538464,0.07339449541284405,0.08403361344537816,0.13889894017814428,baseline,RGB,euclidean,none
504,504.jpg,elephants,0.4,0.5,0.35,0.020202020202020204,0.050505050505050504,0.0707070707070707,0.038461538461538464,0.09174311926605505,0.1176470588235294,0.2445616591761165,baseline,RGB,euclidean,none
505,505.jpg,elephants,0.2,0.1,0.1,0.010101010101010102,0.010101010101010102,0.020202020202020204,0.019230769230769232,0.018348623853211014,0.033613445378151266,0.09458779779065282,baseline,RGB,euclidean,none
506,506.jpg,elephants,1.0,0.8,0.8,0.050505050505050504,0.08080808080808081,0.16161616161616163,0.09615384615384615,0.1467889908256881,0.26890756302521013,0.45574043889737037,baseline,RGB,euclidean,none
507,507.jpg,elephants,1.0,0.6,0.55,0.050505050505050504,0.06060606060606061,0.1111111111111111,0.09615384615384615,0.11009174311926605,0.18487394957983191,0.4659436146542185,baseline,RGB,euclidean,none
508,508.jpg,elephants,0.6,0.5,0.45,0.030303030303030304,0.050505050505050504,0.09090909090909091,0.057692307692307696,0.09174311926605505,0.15126050420168066,0.440317494136569,baseline,RGB,euclidean,none
509,509.jpg,elephants,0.6,0.6,0.45,0.030303030303030304,0.06060606060606061,0.09090909090909091,0.057692307692307696,0.11009174311926605,0.15126050420168066,0.3259185670381568,baseline,RGB,euclidean,none
510,510.jpg,elephants,1.0,0.8,0.75,0.050505050505050504,0.08080808080808081,0.15151515151515152,0.09615384615384615,0.1467889908256881,0.2521008403361345,0.4369505367317527,baseline,RGB,euclidean,none
511,511.jpg,elephants,0.0,0.0,0.0,0.0,0.0,0.0,0.0,0.0,0.0,0.06561794532191248,baseline,RGB,euclidean,none
512,512.jpg,elephants,0.4,0.2,0.1,0.020202020202020204,0.020202020202020204,0.020202020202020204,0.038461538461538464,0.03669724770642203,0.033613445378151266,0.10108827713546968,baseline,RGB,euclidean,none
513,513.jpg,elephants,1.0,0.7,0.7,0.050505050505050504,0.0707070707070707,0.1414141414141414,0.09615384615384615,0.12844036697247704,0.2352941176470588,0.4697906808581349,baseline,RGB,euclidean,none
514,514.jpg,elephants,0.4,0.5,0.5,0.020202020202020204,0.050505050505050504,0.10101010101010101,0.038461538461538464,0.09174311926605505,0.16806722689075632,0.37027366729533245,baseline,RGB,euclidean,none
515,515.jpg,elephants,0.2,0.2,0.1,0.010101010101010102,0.020202020202020204,0.020202020202020204,0.019230769230769232,0.03669724770642203,0.033613445378151266,0.13105585222473812,baseline,RGB,euclidean,none
516,516.jpg,elephants,0.0,0.0,0.1,0.0,0.0,0.020202020202020204,0.0,0.0,0.033613445378151266,0.08371074328621621,baseline,RGB,euclidean,none
517,517.jpg,elephants,0.2,0.4,0.5,0.010101010101010102,0.04040404040404041,0.10101010101010101,0.019230769230769232,0.07339449541284405,0.16806722689075632,0.3529242663909084,baseline,RGB,euclidean,none
518,518.jpg,elephants,1.0,0.8,0.6,0.050505050505050504,0.08080808080808081,0.12121212121212122,0.09615384615384615,0.1467889908256881,0.20168067226890757,0.3951164597780361,baseline,RGB,euclidean,none
519,519.jpg,elephants,0.2,0.2,0.1,0.010101010101010102,0.020202020202020204,0.020202020202020204,0.019230769230769232,0.03669724770642203,0.033613445378151266,0.15756625582437214,baseline,RGB,euclidean,none
520,520.jpg,elephants,0.2,0.2,0.1,0.010101010101010102,0.020202020202020204,0.020202020202020204,0.019230769230769232,0.03669724770642203,0.033613445378151266,0.0874467741925414,baseline,RGB,euclidean,none
521,521.jpg,elephants,1.0,1.0,0.7,0.050505050505050504,0.10101010101010101,0.1414141414141414,0.09615384615384615,0.1834862385321101,0.2352941176470588,0.45694260398735426,baseline,RGB,euclidean,none
522,522.jpg,elephants,0.8,0.6,0.4,0.04040404040404041,0.06060606060606061,0.08080808080808081,0.07692307692307693,0.11009174311926605,0.13445378151260506,0.2762712532531123,baseline,RGB,euclidean,none
523,523.jpg,elephants,0.8,0.7,0.6,0.04040404040404041,0.0707070707070707,0.12121212121212122,0.07692307692307693,0.12844036697247704,0.20168067226890757,0.3734381132617447,baseline,RGB,euclidean,none
524,524.jpg,elephants,0.2,0.4,0.5,0.010101010101010102,0.04040404040404041,0.10101010101010101,0.019230769230769232,0.07339449541284405,0.16806722689075632,0.36914254792718804,baseline,RGB,euclidean,none
525,525.jpg,elephants,0.4,0.5,0.45,0.020202020202020204,0.050505050505050504,0.09090909090909091,0.038461538461538464,0.09174311926605505,0.15126050420168066,0.3532256197844052,baseline,RGB,euclidean,none
526,526.jpg,elephants,0.6,0.6,0.5,0.030303030303030304,0.06060606060606061,0.10101010101010101,0.057692307692307696,0.11009174311926605,0.16806722689075632,0.4146853292154287,baseline,RGB,euclidean,none
527,527.jpg,elephants,0.6,0.6,0.55,0.030303030303030304,0.06060606060606061,0.1111111111111111,0.057692307692307696,0.11009174311926605,0.18487394957983191,0.4339282862644586,baseline,RGB,euclidean,none
528,528.jpg,elephants,0.0,0.1,0.05,0.0,0.010101010101010102,0.010101010101010102,0.0,0.018348623853211014,0.016806722689075633,0.07411505333161775,baseline,RGB,euclidean,none
529,529.jpg,elephants,0.8,0.8,0.65,0.04040404040404041,0.08080808080808081,0.13131313131313133,0.07692307692307693,0.1467889908256881,0.2184873949579832,0.5479086492789962,baseline,RGB,euclidean,none
530,530.jpg,elephants,1.0,0.9,0.65,0.050505050505050504,0.09090909090909091,0.13131313131313133,0.09615384615384615,0.16513761467889906,0.2184873949579832,0.45505011599860945,baseline,RGB,euclidean,none
531,531.jpg,elephants,0.4,0.6,0.6,0.020202020202020204,0.06060606060606061,0.12121212121212122,0.038461538461538464,0.11009174311926605,0.20168067226890757,0.3864661139574566,baseline,RGB,euclidean,none
532,532.jpg,elephants,0.8,0.8,0.8,0.04040404040404041,0.08080808080808081,0.16161616161616163,0.07692307692307693,0.1467889908256881,0.26890756302521013,0.5008752638767106,baseline,RGB,euclidean,none
533,533.jpg,elephants,0.6,0.4,0.5,0.030303030303030304,0.04040404040404041,0.10101010101010101,0.057692307692307696,0.07339449541284405,0.16806722689075632,0.36694103139702894,baseline,RGB,euclidean,none
534,534.jpg,elephants,0.8,0.6,0.35,0.04040404040404041,0.06060606060606061,0.0707070707070707,0.07692307692307693,0.11009174311926605,0.1176470588235294,0.3313083433030428,baseline,RGB,euclidean,none
535,535.jpg,elephants,0.4,0.2,0.2,0.020202020202020204,0.020202020202020204,0.04040404040404041,0.038461538461538464,0.03669724770642203,0.06722689075630253,0.10055195185902056,baseline,RGB,euclidean,none
536,536.jpg,elephants,0.8,0.7,0.75,0.04040404040404041,0.0707070707070707,0.15151515151515152,0.07692307692307693,0.12844036697247704,0.2521008403361345,0.4660176674720639,baseline,RGB,euclidean,none
537,537.jpg,elephants,0.6,0.3,0.45,0.030303030303030304,0.030303030303030304,0.09090909090909091,0.057692307692307696,0.055045871559633024,0.15126050420168066,0.3547024074223529,baseline,RGB,euclidean,none
538,538.jpg,elephants,1.0,0.9,0.75,0.050505050505050504,0.09090909090909091,0.15151515151515152,0.09615384615384615,0.16513761467889906,0.2521008403361345,0.44753729026136013,baseline,RGB,euclidean,none
539,539.jpg,elephants,0.4,0.5,0.5,0.020202020202020204,0.050505050505050504,0.10101010101010101,0.038461538461538464,0.09174311926605505,0.16806722689075632,0.3585621867944956,baseline,RGB,euclidean,none
540,540.jpg,elephants,0.6,0.3,0.4,0.030303030303030304,0.030303030303030304,0.08080808080808081,0.057692307692307696,0.055045871559633024,0.13445378151260506,0.3277416722666699,baseline,RGB,euclidean,none
541,541.jpg,elephants,0.8,0.5,0.5,0.04040404040404041,0.050505050505050504,0.10101010101010101,0.07692307692307693,0.09174311926605505,0.16806722689075632,0.355208684404373,baseline,RGB,euclidean,none
542,542.jpg,elephants,0.4,0.4,0.5,0.020202020202020204,0.04040404040404041,0.10101010101010101,0.038461538461538464,0.07339449541284405,0.16806722689075632,0.3798100194827746,baseline,RGB,euclidean,none
543,543.jpg,elephants,1.0,0.6,0.5,0.050505050505050504,0.06060606060606061,0.10101010101010101,0.09615384615384615,0.11009174311926605,0.16806722689075632,0.3700074466045951,baseline,RGB,euclidean,none
544,544.jpg,elephants,0.8,0.6,0.65,0.04040404040404041,0.06060606060606061,0.13131313131313133,0.07692307692307693,0.11009174311926605,0.2184873949579832,0.5043056505108787,baseline,RGB,euclidean,none
545,545.jpg,elephants,0.2,0.1,0.05,0.010101010101010102,0.010101010101010102,0.010101010101010102,0.019230769230769232,0.018348623853211014,0.016806722689075633,0.09687160582705077,baseline,RGB,euclidean,none
546,546.jpg,elephants,1.0,0.7,0.5,0.050505050505050504,0.0707070707070707,0.10101010101010101,0.09615384615384615,0.12844036697247704,0.16806722689075632,0.40182543969879514,baseline,RGB,euclidean,none
547,547.jpg,elephants,0.8,0.7,0.7,0.04040404040404041,0.0707070707070707,0.1414141414141414,0.07692307692307693,0.12844036697247704,0.2352941176470588,0.47641774943820026,baseline,RGB,euclidean,none
548,548.jpg,elephants,1.0,0.9,0.75,0.050505050505050504,0.09090909090909091,0.15151515151515152,0.09615384615384615,0.16513761467889906,0.2521008403361345,0.487217733579201,baseline,RGB,euclidean,none
549,549.jpg,elephants,0.6,0.7,0.6,0.030303030303030304,0.0707070707070707,0.12121212121212122,0.057692307692307696,0.12844036697247704,0.20168067226890757,0.3964302988595653,baseline,RGB,euclidean,none
550,550.jpg,elephants,0.2,0.2,0.15,0.010101010101010102,0.020202020202020204,0.030303030303030304,0.019230769230769232,0.03669724770642203,0.05042016806722689,0.09140962674741861,baseline,RGB,euclidean,none
551,551.jpg,elephants,0.2,0.1,0.05,0.010101010101010102,0.010101010101010102,0.010101010101010102,0.019230769230769232,0.018348623853211014,0.016806722689075633,0.072045380114193,baseline,RGB,euclidean,none
552,552.jpg,elephants,0.4,0.4,0.55,0.020202020202020204,0.04040404040404041,0.1111111111111111,0.038461538461538464,0.07339449541284405,0.18487394957983191,0.35537401595235363,baseline,RGB,euclidean,none
553,553.jpg,elephants,1.0,0.7,0.55,0.050505050505050504,0.0707070707070707,0.1111111111111111,0.09615384615384615,0.12844036697247704,0.18487394957983191,0.3936689043404079,baseline,RGB,euclidean,none
554,554.jpg,elephants,0.2,0.3,0.15,0.010101010101010102,0.030303030303030304,0.030303030303030304,0.019230769230769232,0.055045871559633024,0.05042016806722689,0.08967998746333462,baseline,RGB,euclidean,none
555,555.jpg,elephants,0.4,0.4,0.35,0.020202020202020204,0.04040404040404041,0.0707070707070707,0.038461538461538464,0.07339449541284405,0.1176470588235294,0.31580134468205245,baseline,RGB,euclidean,none
556,556.jpg,elephants,0.4,0.4,0.35,0.020202020202020204,0.04040404040404041,0.0707070707070707,0.038461538461538464,0.07339449541284405,0.1176470588235294,0.3061648712962305,baseline,RGB,euclidean,none
557,557.jpg,elephants,0.2,0.1,0.05,0.010101010101010102,0.010101010101010102,0.010101010101010102,0.019230769230769232,0.018348623853211014,0.016806722689075633,0.13050852465362878,baseline,RGB,euclidean,none
558,558.jpg,elephants,0.6,0.6,0.6,0.030303030303030304,0.06060606060606061,0.12121212121212122,0.057692307692307696,0.11009174311926605,0.20168067226890757,0.3455628666024863,baseline,RGB,euclidean,none
559,559.jpg,elephants,0.2,0.2,0.2,0.010101010101010102,0.020202020202020204,0.04040404040404041,0.019230769230769232,0.03669724770642203,0.06722689075630253,0.20007318204528562,baseline,RGB,euclidean,none
560,560.jpg,elephants,0.4,0.4,0.45,0.020202020202020204,0.04040404040404041,0.09090909090909091,0.038461538461538464,0.07339449541284405,0.15126050420168066,0.3927583793665388,baseline,RGB,euclidean,none
561,561.jpg,elephants,0.8,0.7,0.55,0.04040404040404041,0.0707070707070707,0.1111111111111111,0.07692307692307693,0.12844036697247704,0.18487394957983191,0.49650711073198744,baseline,RGB,euclidean,none
562,562.jpg,elephants,0.8,0.6,0.55,0.04040404040404041,0.06060606060606061,0.1111111111111111,0.07692307692307693,0.11009174311926605,0.18487394957983191,0.34169500491119115,baseline,RGB,euclidean,none
563,563.jpg,elephants,0.2,0.3,0.3,0.010101010101010102,0.030303030303030304,0.06060606060606061,0.019230769230769232,0.055045871559633024,0.10084033613445378,0.19849882109474287,baseline,RGB,euclidean,none
564,564.jpg,elephants,0.8,0.6,0.7,0.04040404040404041,0.06060606060606061,0.1414141414141414,0.07692307692307693,0.11009174311926605,0.2352941176470588,0.5325619202287362,baseline,RGB,euclidean,none
565,565.jpg,elephants,0.4,0.3,0.15,0.020202020202020204,0.030303030303030304,0.030303030303030304,0.038461538461538464,0.055045871559633024,0.05042016806722689,0.21797400990984125,baseline,RGB,euclidean,none
566,566.jpg,elephants,0.4,0.2,0.2,0.020202020202020204,0.020202020202020204,0.04040404040404041,0.038461538461538464,0.03669724770642203,0.06722689075630253,0.16131411816299138,baseline,RGB,euclidean,none
567,567.jpg,elephants,0.4,0.2,0.1,0.020202020202020204,0.020202020202020204,0.020202020202020204,0.038461538461538464,0.03669724770642203,0.033613445378151266,0.14476967704909785,baseline,RGB,euclidean,none
568,568.jpg,elephants,0.4,0.6,0.65,0.020202020202020204,0.06060606060606061,0.13131313131313133,0.038461538461538464,0.11009174311926605,0.2184873949579832,0.4215116509474601,baseline,RGB,euclidean,none
569,569.jpg,elephants,0.2,0.6,0.45,0.010101010101010102,0.06060606060606061,0.09090909090909091,0.019230769230769232,0.11009174311926605,0.15126050420168066,0.31136048524477594,baseline,RGB,euclidean,none
570,570.jpg,elephants,0.8,0.7,0.65,0.04040404040404041,0.0707070707070707,0.13131313131313133,0.07692307692307693,0.12844036697247704,0.2184873949579832,0.4513029722730291,baseline,RGB,euclidean,none
571,571.jpg,elephants,0.0,0.2,0.15,0.0,0.020202020202020204,0.030303030303030304,0.0,0.03669724770642203,0.05042016806722689,0.0955964456007729,baseline,RGB,euclidean,none
572,572.jpg,elephants,1.0,0.7,0.6,0.050505050505050504,0.0707070707070707,0.12121212121212122,0.09615384615384615,0.12844036697247704,0.20168067226890757,0.37126294120046577,baseline,RGB,euclidean,none
573,573.jpg,elephants,0.2,0.3,0.3,0.010101010101010102,0.030303030303030304,0.06060606060606061,0.019230769230769232,0.055045871559633024,0.10084033613445378,0.2939548994061411,baseline,RGB,euclidean,none
574,574.jpg,elephants,0.8,0.7,0.55,0.04040404040404041,0.0707070707070707,0.1111111111111111,0.07692307692307693,0.12844036697247704,0.18487394957983191,0.36169813843304777,baseline,RGB,euclidean,none
575,575.jpg,elephants,0.2,0.1,0.1,0.010101010101010102,0.010101010101010102,0.020202020202020204,0.019230769230769232,0.018348623853211014,0.033613445378151266,0.10906237566512325,baseline,RGB,euclidean,none
576,576.jpg,elephants,0.6,0.5,0.5,0.030303030303030304,0.050505050505050504,0.10101010101010101,0.057692307692307696,0.09174311926605505,0.16806722689075632,0.3575675722198475,baseline,RGB,euclidean,none
577,577.jpg,elephants,0.2,0.5,0.55,0.010101010101010102,0.050505050505050504,0.1111111111111111,0.019230769230769232,0.09174311926605505,0.18487394957983191,0.3374581337327762,baseline,RGB,euclidean,none
578,578.jpg,elephants,0.8,0.5,0.55,0.04040404040404041,0.050505050505050504,0.1111111111111111,0.07692307692307693,0.09174311926605505,0.18487394957983191,0.45686115312924735,baseline,RGB,euclidean,none
579,579.jpg,elephants,0.6,0.5,0.55,0.030303030303030304,0.050505050505050504,0.1111111111111111,0.057692307692307696,0.09174311926605505,0.18487394957983191,0.3941965531436944,baseline,RGB,euclidean,none
580,580.jpg,elephants,0.0,0.1,0.15,0.0,0.010101010101010102,0.030303030303030304,0.0,0.018348623853211014,0.05042016806722689,0.21895465154258484,baseline,RGB,euclidean,none
581,581.jpg,elephants,0.8,0.7,0.5,0.04040404040404041,0.0707070707070707,0.10101010101010101,0.07692307692307693,0.12844036697247704,0.16806722689075632,0.381530932154686,baseline,RGB,euclidean,none
582,582.jpg,elephants,0.4,0.2,0.1,0.020202020202020204,0.020202020202020204,0.020202020202020204,0.038461538461538464,0.03669724770642203,0.033613445378151266,0.1891061375398131,baseline,RGB,euclidean,none
583,583.jpg,elephants,0.8,0.6,0.45,0.04040404040404041,0.06060606060606061,0.09090909090909091,0.07692307692307693,0.11009174311926605,0.15126050420168066,0.42233015285282177,baseline,RGB,euclidean,none
584,584.jpg,elephants,1.0,0.5,0.4,0.050505050505050504,0.050505050505050504,0.08080808080808081,0.09615384615384615,0.09174311926605505,0.13445378151260506,0.2946000740708846,baseline,RGB,euclidean,none
585,585.jpg,elephants,0.8,0.5,0.45,0.04040404040404041,0.050505050505050504,0.09090909090909091,0.07692307692307693,0.09174311926605505,0.15126050420168066,0.2752098827858632,baseline,RGB,euclidean,none
586,586.jpg,elephants,0.8,0.6,0.35,0.04040404040404041,0.06060606060606061,0.0707070707070707,0.07692307692307693,0.11009174311926605,0.1176470588235294,0.24642035933559228,baseline,RGB,euclidean,none
587,587.jpg,elephants,0.0,0.2,0.2,0.0,0.020202020202020204,0.04040404040404041,0.0,0.03669724770642203,0.06722689075630253,0.17580695254983805,baseline,RGB,euclidean,none
588,588.jpg,elephants,0.2,0.3,0.45,0.010101010101010102,0.030303030303030304,0.09090909090909091,0.019230769230769232,0.055045871559633024,0.15126050420168066,0.3191567224973515,baseline,RGB,euclidean,none
589,589.jpg,elephants,1.0,0.5,0.45,0.050505050505050504,0.050505050505050504,0.09090909090909091,0.09615384615384615,0.09174311926605505,0.15126050420168066,0.29421748542420456,baseline,RGB,euclidean,none
590,590.jpg,elephants,0.2,0.2,0.2,0.010101010101010102,0.020202020202020204,0.04040404040404041,0.019230769230769232,0.03669724770642203,0.06722689075630253,0.231909087115187,baseline,RGB,euclidean,none
591,591.jpg,elephants,0.2,0.1,0.2,0.010101010101010102,0.010101010101010102,0.04040404040404041,0.019230769230769232,0.018348623853211014,0.06722689075630253,0.24375806318762372,baseline,RGB,euclidean,none
592,592.jpg,elephants,1.0,0.6,0.45,0.050505050505050504,0.06060606060606061,0.09090909090909091,0.09615384615384615,0.11009174311926605,0.15126050420168066,0.29363944819583193,baseline,RGB,euclidean,none
593,593.jpg,elephants,1.0,0.5,0.45,0.050505050505050504,0.050505050505050504,0.09090909090909091,0.09615384615384615,0.09174311926605505,0.15126050420168066,0.2813863661248302,baseline,RGB,euclidean,none
594,594.jpg,elephants,0.6,0.5,0.45,0.030303030303030304,0.050505050505050504,0.09090909090909091,0.057692307692307696,0.09174311926605505,0.15126050420168066,0.36046403092629736,baseline,RGB,euclidean,none
595,595.jpg,elephants,1.0,0.5,0.45,0.050505050505050504,0.050505050505050504,0.09090909090909091,0.09615384615384615,0.09174311926605505,0.15126050420168066,0.28118914300739,baseline,RGB,euclidean,none
596,596.jpg,elephants,0.4,0.6,0.45,0.020202020202020204,0.06060606060606061,0.09090909090909091,0.038461538461538464,0.11009174311926605,0.15126050420168066,0.26760206884555643,baseline,RGB,euclidean,none
597,597.jpg,elephants,0.2,0.1,0.1,0.010101010101010102,0.010101010101010102,0.020202020202020204,0.019230769230769232,0.018348623853211014,0.033613445378151266,0.16506397326791739,baseline,RGB,euclidean,none
598,598.jpg,elephants,0.0,0.1,0.1,0.0,0.010101010101010102,0.020202020202020204,0.0,0.018348623853211014,0.033613445378151266,0.16306142128145446,baseline,RGB,euclidean,none
599,599.jpg,elephants,0.0,0.1,0.1,0.0,0.010101010101010102,0.020202020202020204,0.0,0.018348623853211014,0.033613445378151266,0.17804473604022802,baseline,RGB,euclidean,none
600,600.jpg,flowers,1.0,1.0,0.85,0.050505050505050504,0.10101010101010101,0.1717171717171717,0.09615384615384615,0.1834862385321101,0.2857142857142857,0.5764529482908076,baseline,RGB,euclidean,none
601,601.jpg,flowers,0.6,0.3,0.35,0.030303030303030304,0.030303030303030304,0.0707070707070707,0.057692307692307696,0.055045871559633024,0.1176470588235294,0.21525707209936454,baseline,RGB,euclidean,none
602,602.jpg,flowers,0.8,0.7,0.5,0.04040404040404041,0.0707070707070707,0.10101010101010101,0.07692307692307693,0.12844036697247704,0.16806722689075632,0.3017588712805666,baseline,RGB,euclidean,none
603,603.jpg,flowers,1.0,1.0,1.0,0.050505050505050504,0.10101010101010101,0.20202020202020202,0.09615384615384615,0.1834862385321101,0.33613445378151263,0.7706809506985907,baseline,RGB,euclidean,none
604,604.jpg,flowers,0.6,0.7,0.5,0.030303030303030304,0.0707070707070707,0.10101010101010101,0.057692307692307696,0.12844036697247704,0.16806722689075632,0.23745437513269618,baseline,RGB,euclidean,none
605,605.jpg,flowers,1.0,0.9,0.8,0.050505050505050504,0.09090909090909091,0.16161616161616163,0.09615384615384615,0.16513761467889906,0.26890756302521013,0.5968714798947108,baseline,RGB,euclidean,none
606,606.jpg,flowers,1.0,1.0,0.9,0.050505050505050504,0.10101010101010101,0.18181818181818182,0.09615384615384615,0.1834862385321101,0.3025210084033613,0.46165334425973803,baseline,RGB,euclidean,none
607,607.jpg,flowers,0.2,0.2,0.1,0.010101010101010102,0.020202020202020204,0.020202020202020204,0.019230769230769232,0.03669724770642203,0.033613445378151266,0.14783628718603606,baseline,RGB,euclidean,none
608,608.jpg,flowers,0.8,0.5,0.3,0.04040404040404041,0.050505050505050504,0.06060606060606061,0.07692307692307693,0.09174311926605505,0.10084033613445378,0.20442425193001465,baseline,RGB,euclidean,none
609,609.jpg,flowers,0.4,0.4,0.25,0.020202020202020204,0.04040404040404041,0.050505050505050504,0.038461538461538464,0.07339449541284405,0.08403361344537816,0.1629018623028234,baseline,RGB,euclidean,none
610,610.jpg,flowers,0.4,0.4,0.3,0.020202020202020204,0.04040404040404041,0.06060606060606061,0.038461538461538464,0.07339449541284405,0.10084033613445378,0.16961821019249504,baseline,RGB,euclidean,none
611,611.jpg,flowers,0.4,0.5,0.35,0.020202020202020204,0.050505050505050504,0.0707070707070707,0.038461538461538464,0.09174311926605505,0.1176470588235294,0.2683986364709089,baseline,RGB,euclidean,none
612,612.jpg,flowers,0.4,0.4,0.5,0.020202020202020204,0.04040404040404041,0.10101010101010101,0.038461538461538464,0.07339449541284405,0.16806722689075632,0.25691308266197577,baseline,RGB,euclidean,none
613,613.jpg,flowers,1.0,1.0,0.9,0.050505050505050504,0.10101010101010101,0.18181818181818182,0.09615384615384615,0.1834862385321101,0.3025210084033613,0.6126172731153899,baseline,RGB,euclidean,none
614,614.jpg,flowers,1.0,1.0,0.95,0.050505050505050504,0.10101010101010101,0.1919191919191919,0.09615384615384615,0.1834862385321101,0.319327731092437,0.6881220747880731,baseline,RGB,euclidean,none
615,615.jpg,flowers,1.0,0.8,0.7,0.050505050505050504,0.08080808080808081,0.1414141414141414,0.09615384615384615,0.1467889908256881,0.2352941176470588,0.5343533456405473,baseline,RGB,euclidean,none
616,616.jpg,flowers,0.8,0.9,0.85,0.04040404040404041,0.09090909090909091,0.1717171717171717,0.07692307692307693,0.16513761467889906,0.2857142857142857,0.6143389664558463,baseline,RGB,euclidean,none
617,617.jpg,flowers,0.4,0.4,0.45,0.020202020202020204,0.04040404040404041,0.09090909090909091,0.038461538461538464,0.07339449541284405,0.15126050420168066,0.31853733025897923,baseline,RGB,euclidean,none
618,618.jpg,flowers,1.0,1.0,0.95,0.050505050505050504,0.10101010101010101,0.1919191919191919,0.09615384615384615,0.1834862385321101,0.319327731092437,0.7340027693085367,baseline,RGB,euclidean,none
619,619.jpg,flowers,1.0,1.0,1.0,0.050505050505050504,0.10101010101010101,0.20202020202020202,0.09615384615384615,0.1834862385321101,0.33613445378151263,0.7467336074491134,baseline,RGB,euclidean,none
620,620.jpg,flowers,0.6,0.7,0.65,0.030303030303030304,0.0707070707070707,0.13131313131313133,0.057692307692307696,0.12844036697247704,0.2184873949579832,0.5327819963995386,baseline,RGB,euclidean,none
621,621.jpg,flowers,1.0,1.0,0.95,0.050505050505050504,0.10101010101010101,0.1919191919191919,0.09615384615384615,0.1834862385321101,0.319327731092437,0.727186108635964,baseline,RGB,euclidean,none
622,622.jpg,flowers,1.0,1.0,0.75,0.050505050505050504,0.10101010101010101,0.15151515151515152,0.09615384615384615,0.1834862385321101,0.2521008403361345,0.4516131882033216,baseline,RGB,euclidean,none
623,623.jpg,flowers,1.0,1.0,0.85,0.050505050505050504,0.10101010101010101,0.1717171717171717,0.09615384615384615,0.1834862385321101,0.2857142857142857,0.5052283646714567,baseline,RGB,euclidean,none
624,624.jpg,flowers,0.6,0.6,0.7,0.030303030303030304,0.06060606060606061,0.1414141414141414,0.057692307692307696,0.11009174311926605,0.2352941176470588,0.5110360589467519,baseline,RGB,euclidean,none
625,625.jpg,flowers,0.8,0.7,0.45,0.04040404040404041,0.0707070707070707,0.09090909090909091,0.07692307692307693,0.12844036697247704,0.15126050420168066,0.2591178659372152,baseline,RGB,euclidean,none
626,626.jpg,flowers,1.0,1.0,1.0,0.050505050505050504,0.10101010101010101,0.20202020202020202,0.09615384615384615,0.1834862385321101,0.33613445378151263,0.7586937295917694,baseline,RGB,euclidean,none
627,627.jpg,flowers,0.6,0.3,0.15,0.030303030303030304,0.030303030303030304,0.030303030303030304,0.057692307692307696,0.055045871559633024,0.05042016806722689,0.16099093099269118,baseline,RGB,euclidean,none
628,628.jpg,flowers,1.0,1.0,0.8,0.050505050505050504,0.10101010101010101,0.16161616161616163,0.09615384615384615,0.1834862385321101,0.26890756302521013,0.5125319533937787,baseline,RGB,euclidean,none
629,629.jpg,flowers,0.6,0.5,0.6,0.030303030303030304,0.050505050505050504,0.12121212121212122,0.057692307692307696,0.09174311926605505,0.20168067226890757,0.49341679246472386,baseline,RGB,euclidean,none
630,630.jpg,flowers,0.8,0.7,0.45,0.04040404040404041,0.0707070707070707,0.09090909090909091,0.07692307692307693,0.12844036697247704,0.15126050420168066,0.3473935819798498,baseline,RGB,euclidean,none
631,631.jpg,flowers,1.0,0.9,0.85,0.050505050505050504,0.09090909090909091,0.1717171717171717,0.09615384615384615,0.16513761467889906,0.2857142857142857,0.6308798571431159,baseline,RGB,euclidean,none
632,632.jpg,flowers,0.2,0.1,0.05,0.010101010101010102,0.010101010101010102,0.010101010101010102,0.019230769230769232,0.018348623853211014,0.016806722689075633,0.18749823360232595,baseline,RGB,euclidean,none
633,633.jpg,flowers,0.8,0.8,0.65,0.04040404040404041,0.08080808080808081,0.13131313131313133,0.07692307692307693,0.1467889908256881,0.2184873949579832,0.35478420298960034,baseline,RGB,euclidean,none
634,634.jpg,flowers,0.6,0.6,0.65,0.030303030303030304,0.06060606060606061,0.13131313131313133,0.057692307692307696,0.11009174311926605,0.2184873949579832,0.5192535836811009,baseline,RGB,euclidean,none
635,635.jpg,flowers,1.0,1.0,0.9,0.050505050505050504,0.10101010101010101,0.18181818181818182,0.09615384615384615,0.1834862385321101,0.3025210084033613,0.6496385158381219,baseline,RGB,euclidean,none
636,636.jpg,flowers,1.0,1.0,0.9,0.050505050505050504,0.10101010101010101,0.18181818181818182,0.09615384615384615,0.1834862385321101,0.3025210084033613,0.6374793277762134,baseline,RGB,euclidean,none
637,637.jpg,flowers,1.0,0.9,0.9,0.050505050505050504,0.09090909090909091,0.18181818181818182,0.09615384615384615,0.16513761467889906,0.3025210084033613,0.6758674480634308,baseline,RGB,euclidean,none
638,638.jpg,flowers,0.6,0.4,0.5,0.030303030303030304,0.04040404040404041,0.10101010101010101,0.057692307692307696,0.07339449541284405,0.16806722689075632,0.29011875582724317,baseline,RGB,euclidean,none
639,639.jpg,flowers,0.8,0.9,0.9,0.04040404040404041,0.09090909090909091,0.18181818181818182,0.07692307692307693,0.16513761467889906,0.3025210084033613,0.6708864296575682,baseline,RGB,euclidean,none
640,640.jpg,flowers,0.8,0.7,0.5,0.04040404040404041,0.0707070707070707,0.10101010101010101,0.07692307692307693,0.12844036697247704,0.16806722689075632,0.3181840059890057,baseline,RGB,euclidean,none
641,641.jpg,flowers,1.0,1.0,0.8,0.050505050505050504,0.10101010101010101,0.16161616161616163,0.09615384615384615,0.1834862385321101,0.26890756302521013,0.5157697142947517,baseline,RGB,euclidean,none
642,642.jpg,flowers,0.2,0.1,0.15,0.010101010101010102,0.010101010101010102,0.030303030303030304,0.019230769230769232,0.018348623853211014,0.05042016806722689,0.14161741925311216,baseline,RGB,euclidean,none
643,643.jpg,flowers,1.0,1.0,0.8,0.050505050505050504,0.10101010101010101,0.16161616161616163,0.09615384615384615,0.1834862385321101,0.26890756302521013,0.6732004511220029,baseline,RGB,euclidean,none
644,644.jpg,flowers,1.0,1.0,0.8,0.050505050505050504,0.10101010101010101,0.16161616161616163,0.09615384615384615,0.1834862385321101,0.26890756302521013,0.5054779577359443,baseline,RGB,euclidean,none
645,645.jpg,flowers,1.0,1.0,0.95,0.050505050505050504,0.10101010101010101,0.1919191919191919,0.09615384615384615,0.1834862385321101,0.319327731092437,0.6015252203230134,baseline,RGB,euclidean,none
646,646.jpg,flowers,0.4,0.5,0.5,0.020202020202020204,0.050505050505050504,0.10101010101010101,0.038461538461538464,0.09174311926605505,0.16806722689075632,0.4002275325979001,baseline,RGB,euclidean,none
647,647.jpg,flowers,0.4,0.4,0.35,0.020202020202020204,0.04040404040404041,0.0707070707070707,0.038461538461538464,0.07339449541284405,0.1176470588235294,0.24589841664616313,baseline,RGB,euclidean,none
648,648.jpg,flowers,1.0,1.0,0.95,0.050505050505050504,0.10101010101010101,0.1919191919191919,0.09615384615384615,0.1834862385321101,0.319327731092437,0.6391151698112039,baseline,RGB,euclidean,none
649,649.jpg,flowers,0.8,0.8,0.8,0.04040404040404041,0.08080808080808081,0.16161616161616163,0.07692307692307693,0.1467889908256881,0.26890756302521013,0.6557100947249052,baseline,RGB,euclidean,none
650,650.jpg,flowers,0.8,0.9,0.85,0.04040404040404041,0.09090909090909091,0.1717171717171717,0.07692307692307693,0.16513761467889906,0.2857142857142857,0.6592882631847434,baseline,RGB,euclidean,none
651,651.jpg,flowers,0.6,0.5,0.3,0.030303030303030304,0.050505050505050504,0.06060606060606061,0.057692307692307696,0.09174311926605505,0.10084033613445378,0.24451707752479246,baseline,RGB,euclidean,none
652,652.jpg,flowers,1.0,1.0,0.9,0.050505050505050504,0.10101010101010101,0.18181818181818182,0.09615384615384615,0.1834862385321101,0.3025210084033613,0.5008230646177758,baseline,RGB,euclidean,none
653,653.jpg,flowers,0.6,0.8,0.7,0.030303030303030304,0.08080808080808081,0.1414141414141414,0.057692307692307696,0.1467889908256881,0.2352941176470588,0.5760844207314711,baseline,RGB,euclidean,none
654,654.jpg,flowers,0.4,0.2,0.2,0.020202020202020204,0.020202020202020204,0.04040404040404041,0.038461538461538464,0.03669724770642203,0.06722689075630253,0.14152913301993245,baseline,RGB,euclidean,none
655,655.jpg,flowers,0.4,0.4,0.6,0.020202020202020204,0.04040404040404041,0.12121212121212122,0.038461538461538464,0.07339449541284405,0.20168067226890757,0.4721281285804472,baseline,RGB,euclidean,none
656,656.jpg,flowers,0.6,0.6,0.45,0.030303030303030304,0.06060606060606061,0.09090909090909091,0.057692307692307696,0.11009174311926605,0.15126050420168066,0.2386991826582635,baseline,RGB,euclidean,none
657,657.jpg,flowers,0.8,0.9,0.9,0.04040404040404041,0.09090909090909091,0.18181818181818182,0.07692307692307693,0.16513761467889906,0.3025210084033613,0.652353637197106,baseline,RGB,euclidean,none
658,658.jpg,flowers,0.2,0.4,0.45,0.010101010101010102,0.04040404040404041,0.09090909090909091,0.019230769230769232,0.07339449541284405,0.15126050420168066,0.33939539396459745,baseline,RGB,euclidean,none
659,659.jpg,flowers,1.0,0.9,0.95,0.050505050505050504,0.09090909090909091,0.1919191919191919,0.09615384615384615,0.16513761467889906,0.319327731092437,0.6654038604178427,baseline,RGB,euclidean,none
660,660.jpg,flowers,1.0,0.9,0.8,0.050505050505050504,0.09090909090909091,0.16161616161616163,0.09615384615384615,0.16513761467889906,0.26890756302521013,0.5656304065906055,baseline,RGB,euclidean,none
661,661.jpg,flowers,0.8,0.8,0.55,0.04040404040404041,0.08080808080808081,0.1111111111111111,0.07692307692307693,0.1467889908256881,0.18487394957983191,0.3180943641813777,baseline,RGB,euclidean,none
662,662.jpg,flowers,1.0,0.9,0.85,0.050505050505050504,0.09090909090909091,0.1717171717171717,0.09615384615384615,0.16513761467889906,0.2857142857142857,0.6140257770867783,baseline,RGB,euclidean,none
663,663.jpg,flowers,1.0,1.0,0.95,0.050505050505050504,0.10101010101010101,0.1919191919191919,0.09615384615384615,0.1834862385321101,0.319327731092437,0.6891745531656076,baseline,RGB,euclidean,none
664,664.jpg,flowers,1.0,0.8,0.65,0.050505050505050504,0.08080808080808081,0.13131313131313133,0.09615384615384615,0.1467889908256881,0.2184873949579832,0.49294303515406246,baseline,RGB,euclidean,none
665,665.jpg,flowers,1.0,1.0,1.0,0.050505050505050504,0.10101010101010101,0.20202020202020202,0.09615384615384615,0.1834862385321101,0.33613445378151263,0.5655169490210002,baseline,RGB,euclidean,none
666,666.jpg,flowers,1.0,1.0,1.0,0.050505050505050504,0.10101010101010101,0.20202020202020202,0.09615384615384615,0.1834862385321101,0.33613445378151263,0.6907667801187133,baseline,RGB,euclidean,none
667,667.jpg,flowers,0.0,0.2,0.3,0.0,0.020202020202020204,0.06060606060606061,0.0,0.03669724770642203,0.10084033613445378,0.2188067686645056,baseline,RGB,euclidean,none
668,668.jpg,flowers,0.6,0.5,0.25,0.030303030303030304,0.050505050505050504,0.050505050505050504,0.057692307692307696,0.09174311926605505,0.08403361344537816,0.18944748887181218,baseline,RGB,euclidean,none
669,669.jpg,flowers,1.0,0.8,0.8,0.050505050505050504,0.08080808080808081,0.16161616161616163,0.09615384615384615,0.1467889908256881,0.26890756302521013,0.6388209729402647,baseline,RGB,euclidean,none
670,670.jpg,flowers,0.8,0.5,0.55,0.04040404040404041,0.050505050505050504,0.1111111111111111,0.07692307692307693,0.09174311926605505,0.18487394957983191,0.3199666858316716,baseline,RGB,euclidean,none
671,671.jpg,flowers,1.0,0.9,0.75,0.050505050505050504,0.09090909090909091,0.15151515151515152,0.09615384615384615,0.16513761467889906,0.2521008403361345,0.37211717666397487,baseline,RGB,euclidean,none
672,672.jpg,flowers,1.0,0.9,0.75,0.050505050505050504,0.09090909090909091,0.15151515151515152,0.09615384615384615,0.16513761467889906,0.2521008403361345,0.615616237636301,baseline,RGB,euclidean,none
673,673.jpg,flowers,1.0,1.0,1.0,0.050505050505050504,0.10101010101010101,0.20202020202020202,0.09615384615384615,0.1834862385321101,0.33613445378151263,0.7575456839163723,baseline,RGB,euclidean,none
674,674.jpg,flowers,0.8,0.9,0.7,0.04040404040404041,0.09090909090909091,0.1414141414141414,0.07692307692307693,0.16513761467889906,0.2352941176470588,0.35848419943506243,baseline,RGB,euclidean,none
675,675.jpg,flowers,1.0,0.8,0.85,0.050505050505050504,0.08080808080808081,0.1717171717171717,0.09615384615384615,0.1467889908256881,0.2857142857142857,0.5052287361306914,baseline,RGB,euclidean,none
676,676.jpg,flowers,0.0,0.0,0.05,0.0,0.0,0.010101010101010102,0.0,0.0,0.016806722689075633,0.12332194845415027,baseline,RGB,euclidean,none
677,677.jpg,flowers,0.8,0.6,0.7,0.04040404040404041,0.06060606060606061,0.1414141414141414,0.07692307692307693,0.11009174311926605,0.2352941176470588,0.5227967672205295,baseline,RGB,euclidean,none
678,678.jpg,flowers,0.6,0.7,0.7,0.030303030303030304,0.0707070707070707,0.1414141414141414,0.057692307692307696,0.12844036697247704,0.2352941176470588,0.47934002518566604,baseline,RGB,euclidean,none
679,679.jpg,flowers,1.0,0.8,0.85,0.050505050505050504,0.08080808080808081,0.1717171717171717,0.09615384615384615,0.1467889908256881,0.2857142857142857,0.46304802683656854,baseline,RGB,euclidean,none
680,680.jpg,flowers,0.6,0.3,0.3,0.030303030303030304,0.030303030303030304,0.06060606060606061,0.057692307692307696,0.055045871559633024,0.10084033613445378,0.21004298051379602,baseline,RGB,euclidean,none
681,681.jpg,flowers,0.8,0.7,0.5,0.04040404040404041,0.0707070707070707,0.10101010101010101,0.07692307692307693,0.12844036697247704,0.16806722689075632,0.4194809254246751,baseline,RGB,euclidean,none
682,682.jpg,flowers,1.0,0.8,0.7,0.050505050505050504,0.08080808080808081,0.1414141414141414,0.09615384615384615,0.1467889908256881,0.2352941176470588,0.4916298291702155,baseline,RGB,euclidean,none
683,683.jpg,flowers,0.4,0.2,0.15,0.020202020202020204,0.020202020202020204,0.030303030303030304,0.038461538461538464,0.03669724770642203,0.05042016806722689,0.13763058324051583,baseline,RGB,euclidean,none
684,684.jpg,flowers,0.4,0.5,0.5,0.020202020202020204,0.050505050505050504,0.10101010101010101,0.038461538461538464,0.09174311926605505,0.16806722689075632,0.3554877543616562,baseline,RGB,euclidean,none
685,685.jpg,flowers,0.4,0.3,0.25,0.020202020202020204,0.030303030303030304,0.050505050505050504,0.038461538461538464,0.055045871559633024,0.08403361344537816,0.2354893074059523,baseline,RGB,euclidean,none
686,686.jpg,flowers,0.4,0.2,0.2,0.020202020202020204,0.020202020202020204,0.04040404040404041,0.038461538461538464,0.03669724770642203,0.06722689075630253,0.30063197959735805,baseline,RGB,euclidean,none
687,687.jpg,flowers,1.0,1.0,0.95,0.050505050505050504,0.10101010101010101,0.1919191919191919,0.09615384615384615,0.1834862385321101,0.319327731092437,0.5372604511175936,baseline,RGB,euclidean,none
688,688.jpg,flowers,1.0,0.9,0.9,0.050505050505050504,0.09090909090909091,0.18181818181818182,0.09615384615384615,0.16513761467889906,0.3025210084033613,0.6719305528715159,baseline,RGB,euclidean,none
689,689.jpg,flowers,0.0,0.0,0.0,0.0,0.0,0.0,0.0,0.0,0.0,0.0607445995703423,baseline,RGB,euclidean,none
690,690.jpg,flowers,1.0,1.0,0.7,0.050505050505050504,0.10101010101010101,0.1414141414141414,0.09615384615384615,0.1834862385321101,0.2352941176470588,0.3936771066832414,baseline,RGB,euclidean,none
691,691.jpg,flowers,0.2,0.1,0.05,0.010101010101010102,0.010101010101010102,0.010101010101010102,0.019230769230769232,0.018348623853211014,0.016806722689075633,0.16804068105542475,baseline,RGB,euclidean,none
692,692.jpg,flowers,0.0,0.0,0.0,0.0,0.0,0.0,0.0,0.0,0.0,0.15032593909005865,baseline,RGB,euclidean,none
693,693.jpg,flowers,0.6,0.3,0.25,0.030303030303030304,0.030303030303030304,0.050505050505050504,0.057692307692307696,0.055045871559633024,0.08403361344537816,0.20572339584900698,baseline,RGB,euclidean,none
694,694.jpg,flowers,0.0,0.0,0.0,0.0,0.0,0.0,0.0,0.0,0.0,0.06435432135375863,baseline,RGB,euclidean,none
695,695.jpg,flowers,0.4,0.2,0.1,0.020202020202020204,0.020202020202020204,0.020202020202020204,0.038461538461538464,0.03669724770642203,0.033613445378151266,0.12487912875759014,baseline,RGB,euclidean,none
696,696.jpg,flowers,0.6,0.3,0.25,0.030303030303030304,0.030303030303030304,0.050505050505050504,0.057692307692307696,0.055045871559633024,0.08403361344537816,0.14043064053599083,baseline,RGB,euclidean,none
697,697.jpg,flowers,0.8,0.8,0.5,0.04040404040404041,0.08080808080808081,0.10101010101010101,0.07692307692307693,0.1467889908256881,0.16806722689075632,0.36083233988724767,baseline,RGB,euclidean,none
698,698.jpg,flowers,0.2,0.1,0.05,0.010101010101010102,0.010101010101010102,0.010101010101010102,0.019230769230769232,0.018348623853211014,0.016806722689075633,0.2807506590334634,baseline,RGB,euclidean,none
699,699.jpg,flowers,1.0,1.0,0.95,0.050505050505050504,0.10101010101010101,0.1919191919191919,0.09615384615384615,0.1834862385321101,0.319327731092437,0.6616768315633638,baseline,RGB,euclidean,none
700,700.jpg,horses,1.0,0.7,0.45,0.050505050505050504,0.0707070707070707,0.09090909090909091,0.09615384615384615,0.12844036697247704,0.15126050420168066,0.19816610361261203,baseline,RGB,euclidean,none
701,701.jpg,horses,1.0,1.0,0.75,0.050505050505050504,0.10101010101010101,0.15151515151515152,0.09615384615384615,0.1834862385321101,0.2521008403361345,0.4578031703095905,baseline,RGB,euclidean,none
702,702.jpg,horses,1.0,1.0,1.0,0.050505050505050504,0.10101010101010101,0.20202020202020202,0.09615384615384615,0.1834862385321101,0.33613445378151263,0.555961520772854,baseline,RGB,euclidean,none
703,703.jpg,horses,0.6,0.6,0.5,0.030303030303030304,0.06060606060606061,0.10101010101010101,0.057692307692307696,0.11009174311926605,0.16806722689075632,0.24269509100283765,baseline,RGB,euclidean,none
704,704.jpg,horses,1.0,1.0,1.0,0.050505050505050504,0.10101010101010101,0.20202020202020202,0.09615384615384615,0.1834862385321101,0.33613445378151263,0.5491188557676328,baseline,RGB,euclidean,none
705,705.jpg,horses,1.0,0.9,0.7,0.050505050505050504,0.09090909090909091,0.1414141414141414,0.09615384615384615,0.16513761467889906,0.2352941176470588,0.295976146827085,baseline,RGB,euclidean,none
706,706.jpg,horses,1.0,0.9,0.85,0.050505050505050504,0.09090909090909091,0.1717171717171717,0.09615384615384615,0.16513761467889906,0.2857142857142857,0.46355869064925764,baseline,RGB,euclidean,none
707,707.jpg,horses,1.0,1.0,1.0,0.050505050505050504,0.10101010101010101,0.20202020202020202,0.09615384615384615,0.1834862385321101,0.33613445378151263,0.5587796036345576,baseline,RGB,euclidean,none
708,708.jpg,horses,1.0,1.0,0.8,0.050505050505050504,0.10101010101010101,0.16161616161616163,0.09615384615384615,0.1834862385321101,0.26890756302521013,0.4405488910768176,baseline,RGB,euclidean,none
709,709.jpg,horses,0.4,0.4,0.3,0.020202020202020204,0.04040404040404041,0.06060606060606061,0.038461538461538464,0.07339449541284405,0.10084033613445378,0.18017599654211494,baseline,RGB,euclidean,none
710,710.jpg,horses,0.2,0.2,0.2,0.010101010101010102,0.020202020202020204,0.04040404040404041,0.019230769230769232,0.03669724770642203,0.06722689075630253,0.14164727428863913,baseline,RGB,euclidean,none
711,711.jpg,horses,1.0,0.9,0.8,0.050505050505050504,0.09090909090909091,0.16161616161616163,0.09615384615384615,0.16513761467889906,0.26890756302521013,0.444696677761336,baseline,RGB,euclidean,none
712,712.jpg,horses,0.8,0.8,0.65,0.04040404040404041,0.08080808080808081,0.13131313131313133,0.07692307692307693,0.1467889908256881,0.2184873949579832,0.27247930286833455,baseline,RGB,euclidean,none
713,713.jpg,horses,1.0,1.0,0.85,0.050505050505050504,0.10101010101010101,0.1717171717171717,0.09615384615384615,0.1834862385321101,0.2857142857142857,0.40222693566003853,baseline,RGB,euclidean,none
714,714.jpg,horses,0.8,0.6,0.75,0.04040404040404041,0.06060606060606061,0.15151515151515152,0.07692307692307693,0.11009174311926605,0.2521008403361345,0.3713162513026044,baseline,RGB,euclidean,none
715,715.jpg,horses,1.0,0.9,0.75,0.050505050505050504,0.09090909090909091,0.15151515151515152,0.09615384615384615,0.16513761467889906,0.2521008403361345,0.38368005695111307,baseline,RGB,euclidean,none
716,716.jpg,horses,0.6,0.6,0.4,0.030303030303030304,0.06060606060606061,0.08080808080808081,0.057692307692307696,0.11009174311926605,0.13445378151260506,0.17949070474241854,baseline,RGB,euclidean,none
717,717.jpg,horses,0.0,0.1,0.1,0.0,0.010101010101010102,0.020202020202020204,0.0,0.018348623853211014,0.033613445378151266,0.10272188897594585,baseline,RGB,euclidean,none
718,718.jpg,horses,1.0,1.0,1.0,0.050505050505050504,0.10101010101010101,0.20202020202020202,0.09615384615384615,0.1834862385321101,0.33613445378151263,0.5184014687780337,baseline,RGB,euclidean,none
719,719.jpg,horses,0.4,0.2,0.2,0.020202020202020204,0.020202020202020204,0.04040404040404041,0.038461538461538464,0.03669724770642203,0.06722689075630253,0.11283037588846992,baseline,RGB,euclidean,none
720,720.jpg,horses,0.6,0.3,0.3,0.030303030303030304,0.030303030303030304,0.06060606060606061,0.057692307692307696,0.055045871559633024,0.10084033613445378,0.1908197405998422,baseline,RGB,euclidean,none
721,721.jpg,horses,0.6,0.7,0.65,0.030303030303030304,0.0707070707070707,0.13131313131313133,0.057692307692307696,0.12844036697247704,0.2184873949579832,0.3358583204433839,baseline,RGB,euclidean,none
722,722.jpg,horses,1.0,1.0,0.9,0.050505050505050504,0.10101010101010101,0.18181818181818182,0.09615384615384615,0.1834862385321101,0.3025210084033613,0.46085320730795604,baseline,RGB,euclidean,none
723,723.jpg,horses,1.0,0.8,0.5,0.050505050505050504,0.08080808080808081,0.10101010101010101,0.09615384615384615,0.1467889908256881,0.16806722689075632,0.30572375650168443,baseline,RGB,euclidean,none
724,724.jpg,horses,0.2,0.3,0.25,0.010101010101010102,0.030303030303030304,0.050505050505050504,0.019230769230769232,0.055045871559633024,0.08403361344537816,0.19046309854705296,baseline,RGB,euclidean,none
725,725.jpg,horses,1.0,1.0,0.85,0.050505050505050504,0.10101010101010101,0.1717171717171717,0.09615384615384615,0.1834862385321101,0.2857142857142857,0.3879653187206489,baseline,RGB,euclidean,none
726,726.jpg,horses,0.6,0.7,0.6,0.030303030303030304,0.0707070707070707,0.12121212121212122,0.057692307692307696,0.12844036697247704,0.20168067226890757,0.29637330807543544,baseline,RGB,euclidean,none
727,727.jpg,horses,1.0,1.0,1.0,0.050505050505050504,0.10101010101010101,0.20202020202020202,0.09615384615384615,0.1834862385321101,0.33613445378151263,0.5581852230983789,baseline,RGB,euclidean,none
728,728.jpg,horses,0.8,0.9,0.85,0.04040404040404041,0.09090909090909091,0.1717171717171717,0.07692307692307693,0.16513761467889906,0.2857142857142857,0.4303805777147346,baseline,RGB,euclidean,none
729,729.jpg,horses,1.0,1.0,0.75,0.050505050505050504,0.10101010101010101,0.15151515151515152,0.09615384615384615,0.1834862385321101,0.2521008403361345,0.420715176380785,baseline,RGB,euclidean,none
730,730.jpg,horses,1.0,0.9,0.8,0.050505050505050504,0.09090909090909091,0.16161616161616163,0.09615384615384615,0.16513761467889906,0.26890756302521013,0.36601688729533877,baseline,RGB,euclidean,none
731,731.jpg,horses,0.4,0.3,0.25,0.020202020202020204,0.030303030303030304,0.050505050505050504,0.038461538461538464,0.055045871559633024,0.08403361344537816,0.248007367767664,baseline,RGB,euclidean,none
732,732.jpg,horses,1.0,1.0,0.9,0.050505050505050504,0.10101010101010101,0.18181818181818182,0.09615384615384615,0.1834862385321101,0.3025210084033613,0.5122143295097762,baseline,RGB,euclidean,none
733,733.jpg,horses,1.0,1.0,1.0,0.050505050505050504,0.10101010101010101,0.20202020202020202,0.09615384615384615,0.1834862385321101,0.33613445378151263,0.4705728185098268,baseline,RGB,euclidean,none
734,734.jpg,horses,1.0,1.0,0.85,0.050505050505050504,0.10101010101010101,0.1717171717171717,0.09615384615384615,0.1834862385321101,0.2857142857142857,0.35494429144827205,baseline,RGB,euclidean,none
735,735.jpg,horses,1.0,1.0,1.0,0.050505050505050504,0.10101010101010101,0.20202020202020202,0.09615384615384615,0.1834862385321101,0.33613445378151263,0.5164592552214757,baseline,RGB,euclidean,none
736,736.jpg,horses,1.0,0.9,0.65,0.050505050505050504,0.09090909090909091,0.13131313131313133,0.09615384615384615,0.16513761467889906,0.2184873949579832,0.3610335531557293,baseline,RGB,euclidean,none
737,737.jpg,horses,1.0,1.0,1.0,0.050505050505050504,0.10101010101010101,0.20202020202020202,0.09615384615384615,0.1834862385321101,0.33613445378151263,0.49493071792942406,baseline,RGB,euclidean,none
738,738.jpg,horses,1.0,0.9,0.55,0.050505050505050504,0.09090909090909091,0.1111111111111111,0.09615384615384615,0.16513761467889906,0.18487394957983191,0.23213374592716227,baseline,RGB,euclidean,none
739,739.jpg,horses,1.0,1.0,0.95,0.050505050505050504,0.10101010101010101,0.1919191919191919,0.09615384615384615,0.1834862385321101,0.319327731092437,0.38218138869393836,baseline,RGB,euclidean,none
740,740.jpg,horses,1.0,1.0,0.95,0.050505050505050504,0.10101010101010101,0.1919191919191919,0.09615384615384615,0.1834862385321101,0.319327731092437,0.4395525109799036,baseline,RGB,euclidean,none
741,741.jpg,horses,1.0,1.0,0.95,0.050505050505050504,0.10101010101010101,0.1919191919191919,0.09615384615384615,0.1834862385321101,0.319327731092437,0.4647117237608841,baseline,RGB,euclidean,none
742,742.jpg,horses,1.0,1.0,1.0,0.050505050505050504,0.10101010101010101,0.20202020202020202,0.09615384615384615,0.1834862385321101,0.33613445378151263,0.5065934220647683,baseline,RGB,euclidean,none
743,743.jpg,horses,1.0,1.0,1.0,0.050505050505050504,0.10101010101010101,0.20202020202020202,0.09615384615384615,0.1834862385321101,0.33613445378151263,0.5559782378623404,baseline,RGB,euclidean,none
744,744.jpg,horses,1.0,0.6,0.35,0.050505050505050504,0.06060606060606061,0.0707070707070707,0.09615384615384615,0.11009174311926605,0.1176470588235294,0.1677593929858761,baseline,RGB,euclidean,none
745,745.jpg,horses,1.0,1.0,1.0,0.050505050505050504,0.10101010101010101,0.20202020202020202,0.09615384615384615,0.1834862385321101,0.33613445378151263,0.6267181499739979,baseline,RGB,euclidean,none
746,746.jpg,horses,1.0,1.0,0.9,0.050505050505050504,0.10101010101010101,0.18181818181818182,0.09615384615384615,0.1834862385321101,0.3025210084033613,0.3576860846691043,baseline,RGB,euclidean,none
747,747.jpg,horses,1.0,0.8,0.55,0.050505050505050504,0.08080808080808081,0.1111111111111111,0.09615384615384615,0.1467889908256881,0.18487394957983191,0.2567312607948546,baseline,RGB,euclidean,none
748,748.jpg,horses,1.0,1.0,1.0,0.050505050505050504,0.10101010101010101,0.20202020202020202,0.09615384615384615,0.1834862385321101,0.33613445378151263,0.5712246504148665,baseline,RGB,euclidean,none
749,749.jpg,horses,1.0,1.0,0.95,0.050505050505050504,0.10101010101010101,0.1919191919191919,0.09615384615384615,0.1834862385321101,0.319327731092437,0.5442125909253115,baseline,RGB,euclidean,none
750,750.jpg,horses,1.0,1.0,1.0,0.050505050505050504,0.10101010101010101,0.20202020202020202,0.09615384615384615,0.1834862385321101,0.33613445378151263,0.659614027130079,baseline,RGB,euclidean,none
751,751.jpg,horses,1.0,0.9,0.9,0.050505050505050504,0.09090909090909091,0.18181818181818182,0.09615384615384615,0.16513761467889906,0.3025210084033613,0.4789681123091911,baseline,RGB,euclidean,none
752,752.jpg,horses,1.0,1.0,1.0,0.050505050505050504,0.10101010101010101,0.20202020202020202,0.09615384615384615,0.1834862385321101,0.33613445378151263,0.5470476982137442,baseline,RGB,euclidean,none
753,753.jpg,horses,1.0,0.8,0.7,0.050505050505050504,0.08080808080808081,0.1414141414141414,0.09615384615384615,0.1467889908256881,0.2352941176470588,0.32273565416216055,baseline,RGB,euclidean,none
754,754.jpg,horses,0.2,0.1,0.05,0.010101010101010102,0.010101010101010102,0.010101010101010102,0.019230769230769232,0.018348623853211014,0.016806722689075633,0.14465819282207423,baseline,RGB,euclidean,none
755,755.jpg,horses,0.4,0.3,0.15,0.020202020202020204,0.030303030303030304,0.030303030303030304,0.038461538461538464,0.055045871559633024,0.05042016806722689,0.1228910705628087,baseline,RGB,euclidean,none
756,756.jpg,horses,0.8,0.6,0.55,0.04040404040404041,0.06060606060606061,0.1111111111111111,0.07692307692307693,0.11009174311926605,0.18487394957983191,0.26227167474432533,baseline,RGB,euclidean,none
757,757.jpg,horses,1.0,1.0,1.0,0.050505050505050504,0.10101010101010101,0.20202020202020202,0.09615384615384615,0.1834862385321101,0.33613445378151263,0.5676868426848907,baseline,RGB,euclidean,none
758,758.jpg,horses,1.0,1.0,0.9,0.050505050505050504,0.10101010101010101,0.18181818181818182,0.09615384615384615,0.1834862385321101,0.3025210084033613,0.5556684181206625,baseline,RGB,euclidean,none
759,759.jpg,horses,1.0,1.0,0.85,0.050505050505050504,0.10101010101010101,0.1717171717171717,0.09615384615384615,0.1834862385321101,0.2857142857142857,0.39948670799612584,baseline,RGB,euclidean,none
760,760.jpg,horses,1.0,1.0,1.0,0.050505050505050504,0.10101010101010101,0.20202020202020202,0.09615384615384615,0.1834862385321101,0.33613445378151263,0.6323867419463062,baseline,RGB,euclidean,none
761,761.jpg,horses,1.0,1.0,1.0,0.050505050505050504,0.10101010101010101,0.20202020202020202,0.09615384615384615,0.1834862385321101,0.33613445378151263,0.5370012940715119,baseline,RGB,euclidean,none
762,762.jpg,horses,1.0,1.0,0.95,0.050505050505050504,0.10101010101010101,0.1919191919191919,0.09615384615384615,0.1834862385321101,0.319327731092437,0.6769174753597116,baseline,RGB,euclidean,none
763,763.jpg,horses,1.0,1.0,1.0,0.050505050505050504,0.10101010101010101,0.20202020202020202,0.09615384615384615,0.1834862385321101,0.33613445378151263,0.564454652251425,baseline,RGB,euclidean,none
764,764.jpg,horses,1.0,0.8,0.5,0.050505050505050504,0.08080808080808081,0.10101010101010101,0.09615384615384615,0.1467889908256881,0.16806722689075632,0.21854277203081968,baseline,RGB,euclidean,none
765,765.jpg,horses,1.0,1.0,1.0,0.050505050505050504,0.10101010101010101,0.20202020202020202,0.09615384615384615,0.1834862385321101,0.33613445378151263,0.6550139293336811,baseline,RGB,euclidean,none
766,766.jpg,horses,1.0,1.0,1.0,0.050505050505050504,0.10101010101010101,0.20202020202020202,0.09615384615384615,0.1834862385321101,0.33613445378151263,0.5789371675889946,baseline,RGB,euclidean,none
767,767.jpg,horses,1.0,0.9,0.85,0.050505050505050504,0.09090909090909091,0.1717171717171717,0.09615384615384615,0.16513761467889906,0.2857142857142857,0.4451921267732039,baseline,RGB,euclidean,none
768,768.jpg,horses,1.0,1.0,1.0,0.050505050505050504,0.10101010101010101,0.20202020202020202,0.09615384615384615,0.1834862385321101,0.33613445378151263,0.6173214443688123,baseline,RGB,euclidean,none
769,769.jpg,horses,1.0,1.0,1.0,0.050505050505050504,0.10101010101010101,0.20202020202020202,0.09615384615384615,0.1834862385321101,0.33613445378151263,0.5148156666970319,baseline,RGB,euclidean,none
770,770.jpg,horses,1.0,1.0,0.95,0.050505050505050504,0.10101010101010101,0.1919191919191919,0.09615384615384615,0.1834862385321101,0.319327731092437,0.5366692448305634,baseline,RGB,euclidean,none
771,771.jpg,horses,0.8,0.9,0.6,0.04040404040404041,0.09090909090909091,0.12121212121212122,0.07692307692307693,0.16513761467889906,0.20168067226890757,0.30926079435618475,baseline,RGB,euclidean,none
772,772.jpg,horses,1.0,1.0,1.0,0.050505050505050504,0.10101010101010101,0.20202020202020202,0.09615384615384615,0.1834862385321101,0.33613445378151263,0.5268763775281426,baseline,RGB,euclidean,none
773,773.jpg,horses,1.0,0.9,0.9,0.050505050505050504,0.09090909090909091,0.18181818181818182,0.09615384615384615,0.16513761467889906,0.3025210084033613,0.6729093924487879,baseline,RGB,euclidean,none
774,774.jpg,horses,1.0,1.0,0.9,0.050505050505050504,0.10101010101010101,0.18181818181818182,0.09615384615384615,0.1834862385321101,0.3025210084033613,0.4519333029162557,baseline,RGB,euclidean,none
775,775.jpg,horses,0.2,0.2,0.1,0.010101010101010102,0.020202020202020204,0.020202020202020204,0.019230769230769232,0.03669724770642203,0.033613445378151266,0.1848868222097329,baseline,RGB,euclidean,none
776,776.jpg,horses,1.0,1.0,1.0,0.050505050505050504,0.10101010101010101,0.20202020202020202,0.09615384615384615,0.1834862385321101,0.33613445378151263,0.5008251826749646,baseline,RGB,euclidean,none
777,777.jpg,horses,1.0,1.0,1.0,0.050505050505050504,0.10101010101010101,0.20202020202020202,0.09615384615384615,0.1834862385321101,0.33613445378151263,0.6417699508859993,baseline,RGB,euclidean,none
778,778.jpg,horses,1.0,1.0,1.0,0.050505050505050504,0.10101010101010101,0.20202020202020202,0.09615384615384615,0.1834862385321101,0.33613445378151263,0.586578840307412,baseline,RGB,euclidean,none
779,779.jpg,horses,1.0,1.0,1.0,0.050505050505050504,0.10101010101010101,0.20202020202020202,0.09615384615384615,0.1834862385321101,0.33613445378151263,0.4974855263901648,baseline,RGB,euclidean,none
780,780.jpg,horses,1.0,1.0,1.0,0.050505050505050504,0.10101010101010101,0.20202020202020202,0.09615384615384615,0.1834862385321101,0.33613445378151263,0.6173339523860858,baseline,RGB,euclidean,none
781,781.jpg,horses,1.0,1.0,1.0,0.050505050505050504,0.10101010101010101,0.20202020202020202,0.09615384615384615,0.1834862385321101,0.33613445378151263,0.4543830853051826,baseline,RGB,euclidean,none
782,782.jpg,horses,0.4,0.4,0.45,0.020202020202020204,0.04040404040404041,0.09090909090909091,0.038461538461538464,0.07339449541284405,0.15126050420168066,0.3211996190248186,baseline,RGB,euclidean,none
783,783.jpg,horses,1.0,0.9,0.65,0.050505050505050504,0.09090909090909091,0.13131313131313133,0.09615384615384615,0.16513761467889906,0.2184873949579832,0.2904221121535988,baseline,RGB,euclidean,none
784,784.jpg,horses,1.0,1.0,0.85,0.050505050505050504,0.10101010101010101,0.1717171717171717,0.09615384615384615,0.1834862385321101,0.2857142857142857,0.3737159525175751,baseline,RGB,euclidean,none
785,785.jpg,horses,0.0,0.0,0.15,0.0,0.0,0.030303030303030304,0.0,0.0,0.05042016806722689,0.27750771639103394,baseline,RGB,euclidean,none
786,786.jpg,horses,1.0,1.0,1.0,0.050505050505050504,0.10101010101010101,0.20202020202020202,0.09615384615384615,0.1834862385321101,0.33613445378151263,0.4857412348191756,baseline,RGB,euclidean,none
787,787.jpg,horses,0.8,0.6,0.45,0.04040404040404041,0.06060606060606061,0.09090909090909091,0.07692307692307693,0.11009174311926605,0.15126050420168066,0.28304909002390166,baseline,RGB,euclidean,none
788,788.jpg,horses,0.8,0.8,0.75,0.04040404040404041,0.08080808080808081,0.15151515151515152,0.07692307692307693,0.1467889908256881,0.2521008403361345,0.42971722899785186,baseline,RGB,euclidean,none
789,789.jpg,horses,1.0,1.0,1.0,0.050505050505050504,0.10101010101010101,0.20202020202020202,0.09615384615384615,0.1834862385321101,0.33613445378151263,0.6486919554110478,baseline,RGB,euclidean,none
790,790.jpg,horses,1.0,1.0,1.0,0.050505050505050504,0.10101010101010101,0.20202020202020202,0.09615384615384615,0.1834862385321101,0.33613445378151263,0.6011253663641204,baseline,RGB,euclidean,none
791,791.jpg,horses,1.0,1.0,0.95,0.050505050505050504,0.10101010101010101,0.1919191919191919,0.09615384615384615,0.1834862385321101,0.319327731092437,0.6177659636289323,baseline,RGB,euclidean,none
792,792.jpg,horses,1.0,1.0,1.0,0.050505050505050504,0.10101010101010101,0.20202020202020202,0.09615384615384615,0.1834862385321101,0.33613445378151263,0.44448345827285407,baseline,RGB,euclidean,none
793,793.jpg,horses,1.0,0.8,0.7,0.050505050505050504,0.08080808080808081,0.1414141414141414,0.09615384615384615,0.1467889908256881,0.2352941176470588,0.3840457174949271,baseline,RGB,euclidean,none
794,794.jpg,horses,1.0,0.9,0.75,0.050505050505050504,0.09090909090909091,0.15151515151515152,0.09615384615384615,0.16513761467889906,0.2521008403361345,0.3457563596246179,baseline,RGB,euclidean,none
795,795.jpg,horses,1.0,1.0,1.0,0.050505050505050504,0.10101010101010101,0.20202020202020202,0.09615384615384615,0.1834862385321101,0.33613445378151263,0.5436001812110625,baseline,RGB,euclidean,none
796,796.jpg,horses,1.0,1.0,1.0,0.050505050505050504,0.10101010101010101,0.20202020202020202,0.09615384615384615,0.1834862385321101,0.33613445378151263,0.4810529295676478,baseline,RGB,euclidean,none
797,797.jpg,horses,1.0,1.0,1.0,0.050505050505050504,0.10101010101010101,0.20202020202020202,0.09615384615384615,0.1834862385321101,0.33613445378151263,0.5962071194368285,baseline,RGB,euclidean,none
798,798.jpg,horses,1.0,0.8,0.7,0.050505050505050504,0.08080808080808081,0.1414141414141414,0.09615384615384615,0.1467889908256881,0.2352941176470588,0.3324634540641495,baseline,RGB,euclidean,none
799,799.jpg,horses,1.0,1.0,1.0,0.050505050505050504,0.10101010101010101,0.20202020202020202,0.09615384615384615,0.1834862385321101,0.33613445378151263,0.5784213129443437,baseline,RGB,euclidean,none
800,800.jpg,mountains,0.4,0.2,0.25,0.020202020202020204,0.020202020202020204,0.050505050505050504,0.038461538461538464,0.03669724770642203,0.08403361344537816,0.2689856737642953,baseline,RGB,euclidean,none
801,801.jpg,mountains,0.6,0.4,0.45,0.030303030303030304,0.04040404040404041,0.09090909090909091,0.057692307692307696,0.07339449541284405,0.15126050420168066,0.28500658986039684,baseline,RGB,euclidean,none
802,802.jpg,mountains,0.0,0.1,0.25,0.0,0.010101010101010102,0.050505050505050504,0.0,0.018348623853211014,0.08403361344537816,0.15204899756222942,baseline,RGB,euclidean,none
803,803.jpg,mountains,0.6,0.6,0.55,0.030303030303030304,0.06060606060606061,0.1111111111111111,0.057692307692307696,0.11009174311926605,0.18487394957983191,0.24555948568492553,baseline,RGB,euclidean,none
804,804.jpg,mountains,0.8,0.7,0.5,0.04040404040404041,0.0707070707070707,0.10101010101010101,0.07692307692307693,0.12844036697247704,0.16806722689075632,0.2868573532124429,baseline,RGB,euclidean,none
805,805.jpg,mountains,0.4,0.2,0.3,0.020202020202020204,0.020202020202020204,0.06060606060606061,0.038461538461538464,0.03669724770642203,0.10084033613445378,0.2615953128287088,baseline,RGB,euclidean,none
806,806.jpg,mountains,0.8,0.7,0.45,0.04040404040404041,0.0707070707070707,0.09090909090909091,0.07692307692307693,0.12844036697247704,0.15126050420168066,0.3450364428003242,baseline,RGB,euclidean,none
807,807.jpg,mountains,0.0,0.1,0.2,0.0,0.010101010101010102,0.04040404040404041,0.0,0.018348623853211014,0.06722689075630253,0.2574510902911801,baseline,RGB,euclidean,none
808,808.jpg,mountains,0.6,0.5,0.35,0.030303030303030304,0.050505050505050504,0.0707070707070707,0.057692307692307696,0.09174311926605505,0.1176470588235294,0.22807004954860335,baseline,RGB,euclidean,none
809,809.jpg,mountains,1.0,0.6,0.5,0.050505050505050504,0.06060606060606061,0.10101010101010101,0.09615384615384615,0.11009174311926605,0.16806722689075632,0.28911799315088127,baseline,RGB,euclidean,none
810,810.jpg,mountains,0.0,0.0,0.1,0.0,0.0,0.020202020202020204,0.0,0.0,0.033613445378151266,0.09087654352943941,baseline,RGB,euclidean,none
811,811.jpg,mountains,0.2,0.2,0.2,0.010101010101010102,0.020202020202020204,0.04040404040404041,0.019230769230769232,0.03669724770642203,0.06722689075630253,0.2140537004812328,baseline,RGB,euclidean,none
812,812.jpg,mountains,0.4,0.2,0.15,0.020202020202020204,0.020202020202020204,0.030303030303030304,0.038461538461538464,0.03669724770642203,0.05042016806722689,0.21708932833750766,baseline,RGB,euclidean,none
813,813.jpg,mountains,0.6,0.4,0.25,0.030303030303030304,0.04040404040404041,0.050505050505050504,0.057692307692307696,0.07339449541284405,0.08403361344537816,0.16223261918601076,baseline,RGB,euclidean,none
814,814.jpg,mountains,1.0,0.6,0.4,0.050505050505050504,0.06060606060606061,0.08080808080808081,0.09615384615384615,0.11009174311926605,0.13445378151260506,0.3212098101556886,baseline,RGB,euclidean,none
815,815.jpg,mountains,0.0,0.1,0.25,0.0,0.010101010101010102,0.050505050505050504,0.0,0.018348623853211014,0.08403361344537816,0.13388082033813858,baseline,RGB,euclidean,none
816,816.jpg,mountains,0.0,0.2,0.2,0.0,0.020202020202020204,0.04040404040404041,0.0,0.03669724770642203,0.06722689075630253,0.13766341174901867,baseline,RGB,euclidean,none
817,817.jpg,mountains,0.0,0.0,0.05,0.0,0.0,0.010101010101010102,0.0,0.0,0.016806722689075633,0.09804649627637133,baseline,RGB,euclidean,none
818,818.jpg,mountains,0.4,0.3,0.25,0.020202020202020204,0.030303030303030304,0.050505050505050504,0.038461538461538464,0.055045871559633024,0.08403361344537816,0.25108151358818404,baseline,RGB,euclidean,none
819,819.jpg,mountains,0.8,0.7,0.65,0.04040404040404041,0.0707070707070707,0.13131313131313133,0.07692307692307693,0.12844036697247704,0.2184873949579832,0.27393257228779344,baseline,RGB,euclidean,none
820,820.jpg,mountains,0.0,0.0,0.05,0.0,0.0,0.010101010101010102,0.0,0.0,0.016806722689075633,0.1505007209052911,baseline,RGB,euclidean,none
821,821.jpg,mountains,0.8,0.6,0.45,0.04040404040404041,0.06060606060606061,0.09090909090909091,0.07692307692307693,0.11009174311926605,0.15126050420168066,0.2054323933918046,baseline,RGB,euclidean,none
822,822.jpg,mountains,0.8,0.5,0.5,0.04040404040404041,0.050505050505050504,0.10101010101010101,0.07692307692307693,0.09174311926605505,0.16806722689075632,0.34489173824228686,baseline,RGB,euclidean,none
823,823.jpg,mountains,0.2,0.2,0.35,0.010101010101010102,0.020202020202020204,0.0707070707070707,0.019230769230769232,0.03669724770642203,0.1176470588235294,0.21241414675202389,baseline,RGB,euclidean,none
824,824.jpg,mountains,0.6,0.5,0.35,0.030303030303030304,0.050505050505050504,0.0707070707070707,0.057692307692307696,0.09174311926605505,0.1176470588235294,0.18184116773006648,baseline,RGB,euclidean,none
825,825.jpg,mountains,0.2,0.2,0.2,0.010101010101010102,0.020202020202020204,0.04040404040404041,0.019230769230769232,0.03669724770642203,0.06722689075630253,0.12395927102941065,baseline,RGB,euclidean,none
826,826.jpg,mountains,0.8,0.4,0.3,0.04040404040404041,0.04040404040404041,0.06060606060606061,0.07692307692307693,0.07339449541284405,0.10084033613445378,0.1723977676439531,baseline,RGB,euclidean,none
827,827.jpg,mountains,0.2,0.3,0.2,0.010101010101010102,0.030303030303030304,0.04040404040404041,0.019230769230769232,0.055045871559633024,0.06722689075630253,0.15089575707094566,baseline,RGB,euclidean,none
828,828.jpg,mountains,0.2,0.3,0.35,0.010101010101010102,0.030303030303030304,0.0707070707070707,0.019230769230769232,0.055045871559633024,0.1176470588235294,0.25553360506364226,baseline,RGB,euclidean,none
829,829.jpg,mountains,0.8,0.5,0.25,0.04040404040404041,0.050505050505050504,0.050505050505050504,0.07692307692307693,0.09174311926605505,0.08403361344537816,0.20599489171397156,baseline,RGB,euclidean,none
830,830.jpg,mountains,0.2,0.2,0.2,0.010101010101010102,0.020202020202020204,0.04040404040404041,0.019230769230769232,0.03669724770642203,0.06722689075630253,0.17324251889816,baseline,RGB,euclidean,none
831,831.jpg,mountains,0.2,0.2,0.2,0.010101010101010102,0.020202020202020204,0.04040404040404041,0.019230769230769232,0.03669724770642203,0.06722689075630253,0.15107859914074712,baseline,RGB,euclidean,none
832,832.jpg,mountains,0.4,0.2,0.15,0.020202020202020204,0.020202020202020204,0.030303030303030304,0.038461538461538464,0.03669724770642203,0.05042016806722689,0.18056436430680403,baseline,RGB,euclidean,none
833,833.jpg,mountains,0.0,0.1,0.2,0.0,0.010101010101010102,0.04040404040404041,0.0,0.018348623853211014,0.06722689075630253,0.23430253274595766,baseline,RGB,euclidean,none
834,834.jpg,mountains,0.2,0.2,0.3,0.010101010101010102,0.020202020202020204,0.06060606060606061,0.019230769230769232,0.03669724770642203,0.10084033613445378,0.28830217047449835,baseline,RGB,euclidean,none
835,835.jpg,mountains,0.4,0.3,0.55,0.020202020202020204,0.030303030303030304,0.1111111111111111,0.038461538461538464,0.055045871559633024,0.18487394957983191,0.2671677750501242,baseline,RGB,euclidean,none
836,836.jpg,mountains,0.4,0.5,0.3,0.020202020202020204,0.050505050505050504,0.06060606060606061,0.038461538461538464,0.09174311926605505,0.10084033613445378,0.161108035134315,baseline,RGB,euclidean,none
837,837.jpg,mountains,0.0,0.1,0.05,0.0,0.010101010101010102,0.010101010101010102,0.0,0.018348623853211014,0.016806722689075633,0.12591433227045387,baseline,RGB,euclidean,none
838,838.jpg,mountains,0.4,0.5,0.45,0.020202020202020204,0.050505050505050504,0.09090909090909091,0.038461538461538464,0.09174311926605505,0.15126050420168066,0.1981709623779168,baseline,RGB,euclidean,none
839,839.jpg,mountains,0.0,0.1,0.05,0.0,0.010101010101010102,0.010101010101010102,0.0,0.018348623853211014,0.016806722689075633,0.09916793373428055,baseline,RGB,euclidean,none
840,840.jpg,mountains,0.2,0.3,0.2,0.010101010101010102,0.030303030303030304,0.04040404040404041,0.019230769230769232,0.055045871559633024,0.06722689075630253,0.17338545821986556,baseline,RGB,euclidean,none
841,841.jpg,mountains,0.6,0.4,0.35,0.030303030303030304,0.04040404040404041,0.0707070707070707,0.057692307692307696,0.07339449541284405,0.1176470588235294,0.18583994004686963,baseline,RGB,euclidean,none
842,842.jpg,mountains,0.6,0.7,0.45,0.030303030303030304,0.0707070707070707,0.09090909090909091,0.057692307692307696,0.12844036697247704,0.15126050420168066,0.20027779025684075,baseline,RGB,euclidean,none
843,843.jpg,mountains,0.4,0.5,0.5,0.020202020202020204,0.050505050505050504,0.10101010101010101,0.038461538461538464,0.09174311926605505,0.16806722689075632,0.31033947909703574,baseline,RGB,euclidean,none
844,844.jpg,mountains,1.0,0.7,0.6,0.050505050505050504,0.0707070707070707,0.12121212121212122,0.09615384615384615,0.12844036697247704,0.20168067226890757,0.2761555561630716,baseline,RGB,euclidean,none
845,845.jpg,mountains,0.6,0.5,0.25,0.030303030303030304,0.050505050505050504,0.050505050505050504,0.057692307692307696,0.09174311926605505,0.08403361344537816,0.14088681171095171,baseline,RGB,euclidean,none
846,846.jpg,mountains,0.0,0.1,0.1,0.0,0.010101010101010102,0.020202020202020204,0.0,0.018348623853211014,0.033613445378151266,0.21354707904600814,baseline,RGB,euclidean,none
847,847.jpg,mountains,0.0,0.1,0.1,0.0,0.010101010101010102,0.020202020202020204,0.0,0.018348623853211014,0.033613445378151266,0.10902433845513387,baseline,RGB,euclidean,none
848,848.jpg,mountains,0.8,0.8,0.7,0.04040404040404041,0.08080808080808081,0.1414141414141414,0.07692307692307693,0.1467889908256881,0.2352941176470588,0.28390948368095037,baseline,RGB,euclidean,none
849,849.jpg,mountains,0.2,0.2,0.2,0.010101010101010102,0.020202020202020204,0.04040404040404041,0.019230769230769232,0.03669724770642203,0.06722689075630253,0.1390180024638665,baseline,RGB,euclidean,none
850,850.jpg,mountains,0.8,0.6,0.4,0.04040404040404041,0.06060606060606061,0.08080808080808081,0.07692307692307693,0.11009174311926605,0.13445378151260506,0.23508775930945322,baseline,RGB,euclidean,none
851,851.jpg,mountains,0.0,0.0,0.05,0.0,0.0,0.010101010101010102,0.0,0.0,0.016806722689075633,0.11359493469929649,baseline,RGB,euclidean,none
852,852.jpg,mountains,0.6,0.4,0.35,0.030303030303030304,0.04040404040404041,0.0707070707070707,0.057692307692307696,0.07339449541284405,0.1176470588235294,0.20919571146216212,baseline,RGB,euclidean,none
853,853.jpg,mountains,0.4,0.2,0.2,0.020202020202020204,0.020202020202020204,0.04040404040404041,0.038461538461538464,0.03669724770642203,0.06722689075630253,0.11968212606183683,baseline,RGB,euclidean,none
854,854.jpg,mountains,0.4,0.3,0.4,0.020202020202020204,0.030303030303030304,0.08080808080808081,0.038461538461538464,0.055045871559633024,0.13445378151260506,0.20869319760132543,baseline,RGB,euclidean,none
855,855.jpg,mountains,0.0,0.0,0.0,0.0,0.0,0.0,0.0,0.0,0.0,0.12738388156974204,baseline,RGB,euclidean,none
856,856.jpg,mountains,0.8,0.6,0.5,0.04040404040404041,0.06060606060606061,0.10101010101010101,0.07692307692307693,0.11009174311926605,0.16806722689075632,0.1910098048066418,baseline,RGB,euclidean,none
857,857.jpg,mountains,0.2,0.2,0.3,0.010101010101010102,0.020202020202020204,0.06060606060606061,0.019230769230769232,0.03669724770642203,0.10084033613445378,0.2633664324897873,baseline,RGB,euclidean,none
858,858.jpg,mountains,0.6,0.5,0.3,0.030303030303030304,0.050505050505050504,0.06060606060606061,0.057692307692307696,0.09174311926605505,0.10084033613445378,0.2636895356342989,baseline,RGB,euclidean,none
859,859.jpg,mountains,0.2,0.3,0.35,0.010101010101010102,0.030303030303030304,0.0707070707070707,0.019230769230769232,0.055045871559633024,0.1176470588235294,0.2767671094739614,baseline,RGB,euclidean,none
860,860.jpg,mountains,0.2,0.2,0.15,0.010101010101010102,0.020202020202020204,0.030303030303030304,0.019230769230769232,0.03669724770642203,0.05042016806722689,0.15094293115018648,baseline,RGB,euclidean,none
861,861.jpg,mountains,0.2,0.2,0.25,0.010101010101010102,0.020202020202020204,0.050505050505050504,0.019230769230769232,0.03669724770642203,0.08403361344537816,0.24685875158157164,baseline,RGB,euclidean,none
862,862.jpg,mountains,0.2,0.1,0.15,0.010101010101010102,0.010101010101010102,0.030303030303030304,0.019230769230769232,0.018348623853211014,0.05042016806722689,0.1317778614311477,baseline,RGB,euclidean,none
863,863.jpg,mountains,0.8,0.6,0.35,0.04040404040404041,0.06060606060606061,0.0707070707070707,0.07692307692307693,0.11009174311926605,0.1176470588235294,0.21543238664667316,baseline,RGB,euclidean,none
864,864.jpg,mountains,0.0,0.1,0.2,0.0,0.010101010101010102,0.04040404040404041,0.0,0.018348623853211014,0.06722689075630253,0.16096847357385494,baseline,RGB,euclidean,none
865,865.jpg,mountains,0.6,0.4,0.25,0.030303030303030304,0.04040404040404041,0.050505050505050504,0.057692307692307696,0.07339449541284405,0.08403361344537816,0.15576497357740984,baseline,RGB,euclidean,none
866,866.jpg,mountains,0.2,0.3,0.25,0.010101010101010102,0.030303030303030304,0.050505050505050504,0.019230769230769232,0.055045871559633024,0.08403361344537816,0.14263564392752767,baseline,RGB,euclidean,none
867,867.jpg,mountains,0.0,0.1,0.2,0.0,0.010101010101010102,0.04040404040404041,0.0,0.018348623853211014,0.06722689075630253,0.1717309163809598,baseline,RGB,euclidean,none
868,868.jpg,mountains,0.4,0.3,0.3,0.020202020202020204,0.030303030303030304,0.06060606060606061,0.038461538461538464,0.055045871559633024,0.10084033613445378,0.23294132457476388,baseline,RGB,euclidean,none
869,869.jpg,mountains,0.6,0.3,0.2,0.030303030303030304,0.030303030303030304,0.04040404040404041,0.057692307692307696,0.055045871559633024,0.06722689075630253,0.16489935361508512,baseline,RGB,euclidean,none
870,870.jpg,mountains,0.2,0.3,0.35,0.010101010101010102,0.030303030303030304,0.0707070707070707,0.019230769230769232,0.055045871559633024,0.1176470588235294,0.20981490324108173,baseline,RGB,euclidean,none
871,871.jpg,mountains,0.2,0.4,0.3,0.010101010101010102,0.04040404040404041,0.06060606060606061,0.019230769230769232,0.07339449541284405,0.10084033613445378,0.29507014934529086,baseline,RGB,euclidean,none
872,872.jpg,mountains,0.2,0.3,0.2,0.010101010101010102,0.030303030303030304,0.04040404040404041,0.019230769230769232,0.055045871559633024,0.06722689075630253,0.15487755417581328,baseline,RGB,euclidean,none
873,873.jpg,mountains,0.4,0.5,0.4,0.020202020202020204,0.050505050505050504,0.08080808080808081,0.038461538461538464,0.09174311926605505,0.13445378151260506,0.311067911539178,baseline,RGB,euclidean,none
874,874.jpg,mountains,0.0,0.0,0.0,0.0,0.0,0.0,0.0,0.0,0.0,0.09299927977425225,baseline,RGB,euclidean,none
875,875.jpg,mountains,0.6,0.5,0.3,0.030303030303030304,0.050505050505050504,0.06060606060606061,0.057692307692307696,0.09174311926605505,0.10084033613445378,0.2928009531566706,baseline,RGB,euclidean,none
876,876.jpg,mountains,0.0,0.2,0.1,0.0,0.020202020202020204,0.020202020202020204,0.0,0.03669724770642203,0.033613445378151266,0.24184145971418694,baseline,RGB,euclidean,none
877,877.jpg,mountains,0.4,0.4,0.3,0.020202020202020204,0.04040404040404041,0.06060606060606061,0.038461538461538464,0.07339449541284405,0.10084033613445378,0.2500238342700753,baseline,RGB,euclidean,none
878,878.jpg,mountains,0.2,0.3,0.3,0.010101010101010102,0.030303030303030304,0.06060606060606061,0.019230769230769232,0.055045871559633024,0.10084033613445378,0.2543314454236156,baseline,RGB,euclidean,none
879,879.jpg,mountains,0.6,0.5,0.3,0.030303030303030304,0.050505050505050504,0.06060606060606061,0.057692307692307696,0.09174311926605505,0.10084033613445378,0.25462195925041436,baseline,RGB,euclidean,none
880,880.jpg,mountains,0.2,0.2,0.35,0.010101010101010102,0.020202020202020204,0.0707070707070707,0.019230769230769232,0.03669724770642203,0.1176470588235294,0.29277802011641113,baseline,RGB,euclidean,none
881,881.jpg,mountains,0.4,0.4,0.4,0.020202020202020204,0.04040404040404041,0.08080808080808081,0.038461538461538464,0.07339449541284405,0.13445378151260506,0.2945697030132838,baseline,RGB,euclidean,none
882,882.jpg,mountains,0.2,0.2,0.2,0.010101010101010102,0.020202020202020204,0.04040404040404041,0.019230769230769232,0.03669724770642203,0.06722689075630253,0.1786864237803277,baseline,RGB,euclidean,none
883,883.jpg,mountains,0.0,0.0,0.0,0.0,0.0,0.0,0.0,0.0,0.0,0.10745053842356135,baseline,RGB,euclidean,none
884,884.jpg,mountains,0.8,0.6,0.55,0.04040404040404041,0.06060606060606061,0.1111111111111111,0.07692307692307693,0.11009174311926605,0.18487394957983191,0.30715318088669635,baseline,RGB,euclidean,none
885,885.jpg,mountains,1.0,0.7,0.4,0.050505050505050504,0.0707070707070707,0.08080808080808081,0.09615384615384615,0.12844036697247704,0.13445378151260506,0.214580885398316,baseline,RGB,euclidean,none
886,886.jpg,mountains,0.0,0.0,0.0,0.0,0.0,0.0,0.0,0.0,0.0,0.10847499316131921,baseline,RGB,euclidean,none
887,887.jpg,mountains,0.0,0.0,0.05,0.0,0.0,0.010101010101010102,0.0,0.0,0.016806722689075633,0.10056757070323188,baseline,RGB,euclidean,none
888,888.jpg,mountains,0.0,0.0,0.0,0.0,0.0,0.0,0.0,0.0,0.0,0.07760415417869376,baseline,RGB,euclidean,none
889,889.jpg,mountains,0.2,0.2,0.15,0.010101010101010102,0.020202020202020204,0.030303030303030304,0.019230769230769232,0.03669724770642203,0.05042016806722689,0.22834824773393889,baseline,RGB,euclidean,none
890,890.jpg,mountains,0.6,0.4,0.3,0.030303030303030304,0.04040404040404041,0.06060606060606061,0.057692307692307696,0.07339449541284405,0.10084033613445378,0.15905623756501278,baseline,RGB,euclidean,none
891,891.jpg,mountains,0.6,0.3,0.25,0.030303030303030304,0.030303030303030304,0.050505050505050504,0.057692307692307696,0.055045871559633024,0.08403361344537816,0.17283171212823012,baseline,RGB,euclidean,none
892,892.jpg,mountains,0.2,0.1,0.05,0.010101010101010102,0.010101010101010102,0.010101010101010102,0.019230769230769232,0.018348623853211014,0.016806722689075633,0.09775458524315238,baseline,RGB,euclidean,none
893,893.jpg,mountains,0.4,0.3,0.25,0.020202020202020204,0.030303030303030304,0.050505050505050504,0.038461538461538464,0.055045871559633024,0.08403361344537816,0.1464053779893628,baseline,RGB,euclidean,none
894,894.jpg,mountains,0.6,0.5,0.5,0.030303030303030304,0.050505050505050504,0.10101010101010101,0.057692307692307696,0.09174311926605505,0.16806722689075632,0.25901928984483286,baseline,RGB,euclidean,none
895,895.jpg,mountains,0.4,0.2,0.2,0.020202020202020204,0.020202020202020204,0.04040404040404041,0.038461538461538464,0.03669724770642203,0.06722689075630253,0.20304510079786336,baseline,RGB,euclidean,none
896,896.jpg,mountains,0.0,0.0,0.1,0.0,0.0,0.020202020202020204,0.0,0.0,0.033613445378151266,0.12344149179479096,baseline,RGB,euclidean,none
897,897.jpg,mountains,0.0,0.1,0.2,0.0,0.010101010101010102,0.04040404040404041,0.0,0.018348623853211014,0.06722689075630253,0.19911641709010827,baseline,RGB,euclidean,none
898,898.jpg,mountains,0.2,0.1,0.35,0.010101010101010102,0.010101010101010102,0.0707070707070707,0.019230769230769232,0.018348623853211014,0.1176470588235294,0.1511276453050918,baseline,RGB,euclidean,none
899,899.jpg,mountains,0.6,0.4,0.25,0.030303030303030304,0.04040404040404041,0.050505050505050504,0.057692307692307696,0.07339449541284405,0.08403361344537816,0.2245362153101494,baseline,RGB,euclidean,none
900,900.jpg,food,0.8,0.8,0.7,0.04040404040404041,0.08080808080808081,0.1414141414141414,0.07692307692307693,0.1467889908256881,0.2352941176470588,0.3434966774879316,baseline,RGB,euclidean,none
901,901.jpg,food,0.0,0.0,0.0,0.0,0.0,0.0,0.0,0.0,0.0,0.08536117767941559,baseline,RGB,euclidean,none
902,902.jpg,food,0.4,0.4,0.2,0.020202020202020204,0.04040404040404041,0.04040404040404041,0.038461538461538464,0.07339449541284405,0.06722689075630253,0.1583902038875614,baseline,RGB,euclidean,none
903,903.jpg,food,0.0,0.1,0.25,0.0,0.010101010101010102,0.050505050505050504,0.0,0.018348623853211014,0.08403361344537816,0.22688434623321477,baseline,RGB,euclidean,none
904,904.jpg,food,0.0,0.0,0.05,0.0,0.0,0.010101010101010102,0.0,0.0,0.016806722689075633,0.09701350609236994,baseline,RGB,euclidean,none
905,905.jpg,food,0.2,0.3,0.3,0.010101010101010102,0.030303030303030304,0.06060606060606061,0.019230769230769232,0.055045871559633024,0.10084033613445378,0.22234590938978865,baseline,RGB,euclidean,none
906,906.jpg,food,1.0,0.9,0.85,0.050505050505050504,0.09090909090909091,0.1717171717171717,0.09615384615384615,0.16513761467889906,0.2857142857142857,0.423619265093968,baseline,RGB,euclidean,none
907,907.jpg,food,1.0,0.9,0.9,0.050505050505050504,0.09090909090909091,0.18181818181818182,0.09615384615384615,0.16513761467889906,0.3025210084033613,0.4305051908311473,baseline,RGB,euclidean,none
908,908.jpg,food,0.2,0.5,0.65,0.010101010101010102,0.050505050505050504,0.13131313131313133,0.019230769230769232,0.09174311926605505,0.2184873949579832,0.35244719874466895,baseline,RGB,euclidean,none
909,909.jpg,food,0.4,0.5,0.5,0.020202020202020204,0.050505050505050504,0.10101010101010101,0.038461538461538464,0.09174311926605505,0.16806722689075632,0.263638931599439,baseline,RGB,euclidean,none
910,910.jpg,food,0.2,0.1,0.05,0.010101010101010102,0.010101010101010102,0.010101010101010102,0.019230769230769232,0.018348623853211014,0.016806722689075633,0.09824006474911177,baseline,RGB,euclidean,none
911,911.jpg,food,0.2,0.1,0.05,0.010101010101010102,0.010101010101010102,0.010101010101010102,0.019230769230769232,0.018348623853211014,0.016806722689075633,0.09699352694374644,baseline,RGB,euclidean,none
912,912.jpg,food,1.0,0.8,0.7,0.050505050505050504,0.08080808080808081,0.1414141414141414,0.09615384615384615,0.1467889908256881,0.2352941176470588,0.35752953894489176,baseline,RGB,euclidean,none
913,913.jpg,food,0.6,0.3,0.2,0.030303030303030304,0.030303030303030304,0.04040404040404041,0.057692307692307696,0.055045871559633024,0.06722689075630253,0.10966118076962895,baseline,RGB,euclidean,none
914,914.jpg,food,1.0,1.0,0.8,0.050505050505050504,0.10101010101010101,0.16161616161616163,0.09615384615384615,0.1834862385321101,0.26890756302521013,0.4173053210310808,baseline,RGB,euclidean,none
915,915.jpg,food,0.0,0.0,0.05,0.0,0.0,0.010101010101010102,0.0,0.0,0.016806722689075633,0.153900537952513,baseline,RGB,euclidean,none
916,916.jpg,food,0.0,0.0,0.05,0.0,0.0,0.010101010101010102,0.0,0.0,0.016806722689075633,0.10862544967136586,baseline,RGB,euclidean,none
917,917.jpg,food,0.0,0.1,0.1,0.0,0.010101010101010102,0.020202020202020204,0.0,0.018348623853211014,0.033613445378151266,0.11957703639391472,baseline,RGB,euclidean,none
918,918.jpg,food,0.4,0.3,0.2,0.020202020202020204,0.030303030303030304,0.04040404040404041,0.038461538461538464,0.055045871559633024,0.06722689075630253,0.13976827522414997,baseline,RGB,euclidean,none
919,919.jpg,food,0.4,0.4,0.3,0.020202020202020204,0.04040404040404041,0.06060606060606061,0.038461538461538464,0.07339449541284405,0.10084033613445378,0.22453872029888086,baseline,RGB,euclidean,none
920,920.jpg,food,1.0,0.9,0.8,0.050505050505050504,0.09090909090909091,0.16161616161616163,0.09615384615384615,0.16513761467889906,0.26890756302521013,0.39759071607085555,baseline,RGB,euclidean,none
921,921.jpg,food,0.4,0.3,0.3,0.020202020202020204,0.030303030303030304,0.06060606060606061,0.038461538461538464,0.055045871559633024,0.10084033613445378,0.18744700014703586,baseline,RGB,euclidean,none
922,922.jpg,food,0.4,0.4,0.25,0.020202020202020204,0.04040404040404041,0.050505050505050504,0.038461538461538464,0.07339449541284405,0.08403361344537816,0.15191944950631428,baseline,RGB,euclidean,none
923,923.jpg,food,0.2,0.1,0.05,0.010101010101010102,0.010101010101010102,0.010101010101010102,0.019230769230769232,0.018348623853211014,0.016806722689075633,0.13091924738943198,baseline,RGB,euclidean,none
924,924.jpg,food,0.2,0.2,0.15,0.010101010101010102,0.020202020202020204,0.030303030303030304,0.019230769230769232,0.03669724770642203,0.05042016806722689,0.13594599569129967,baseline,RGB,euclidean,none
925,925.jpg,food,0.6,0.6,0.45,0.030303030303030304,0.06060606060606061,0.09090909090909091,0.057692307692307696,0.11009174311926605,0.15126050420168066,0.21891721510434992,baseline,RGB,euclidean,none
926,926.jpg,food,0.6,0.4,0.25,0.030303030303030304,0.04040404040404041,0.050505050505050504,0.057692307692307696,0.07339449541284405,0.08403361344537816,0.19499815935713424,baseline,RGB,euclidean,none
927,927.jpg,food,0.4,0.3,0.25,0.020202020202020204,0.030303030303030304,0.050505050505050504,0.038461538461538464,0.055045871559633024,0.08403361344537816,0.17814280758050122,baseline,RGB,euclidean,none
928,928.jpg,food,0.8,0.6,0.55,0.04040404040404041,0.06060606060606061,0.1111111111111111,0.07692307692307693,0.11009174311926605,0.18487394957983191,0.22456376715371007,baseline,RGB,euclidean,none
929,929.jpg,food,0.8,0.7,0.45,0.04040404040404041,0.0707070707070707,0.09090909090909091,0.07692307692307693,0.12844036697247704,0.15126050420168066,0.21833709267390475,baseline,RGB,euclidean,none
930,930.jpg,food,0.4,0.2,0.2,0.020202020202020204,0.020202020202020204,0.04040404040404041,0.038461538461538464,0.03669724770642203,0.06722689075630253,0.1307394523639897,baseline,RGB,euclidean,none
931,931.jpg,food,1.0,0.8,0.7,0.050505050505050504,0.08080808080808081,0.1414141414141414,0.09615384615384615,0.1467889908256881,0.2352941176470588,0.3720180582640623,baseline,RGB,euclidean,none
932,932.jpg,food,0.8,0.7,0.45,0.04040404040404041,0.0707070707070707,0.09090909090909091,0.07692307692307693,0.12844036697247704,0.15126050420168066,0.25263257372987546,baseline,RGB,euclidean,none
933,933.jpg,food,0.4,0.5,0.5,0.020202020202020204,0.050505050505050504,0.10101010101010101,0.038461538461538464,0.09174311926605505,0.16806722689075632,0.2679377957255059,baseline,RGB,euclidean,none
934,934.jpg,food,1.0,0.9,0.9,0.050505050505050504,0.09090909090909091,0.18181818181818182,0.09615384615384615,0.16513761467889906,0.3025210084033613,0.4333242403185593,baseline,RGB,euclidean,none
935,935.jpg,food,0.8,0.6,0.4,0.04040404040404041,0.06060606060606061,0.08080808080808081,0.07692307692307693,0.11009174311926605,0.13445378151260506,0.21406662531913084,baseline,RGB,euclidean,none
936,936.jpg,food,1.0,1.0,0.95,0.050505050505050504,0.10101010101010101,0.1919191919191919,0.09615384615384615,0.1834862385321101,0.319327731092437,0.42250226507793315,baseline,RGB,euclidean,none
937,937.jpg,food,0.8,0.8,0.85,0.04040404040404041,0.08080808080808081,0.1717171717171717,0.07692307692307693,0.1467889908256881,0.2857142857142857,0.4046069078712476,baseline,RGB,euclidean,none
938,938.jpg,food,0.8,0.8,0.65,0.04040404040404041,0.08080808080808081,0.13131313131313133,0.07692307692307693,0.1467889908256881,0.2184873949579832,0.3477108540598126,baseline,RGB,euclidean,none
939,939.jpg,food,1.0,1.0,0.95,0.050505050505050504,0.10101010101010101,0.1919191919191919,0.09615384615384615,0.1834862385321101,0.319327731092437,0.4381214049555105,baseline,RGB,euclidean,none
940,940.jpg,food,0.4,0.5,0.45,0.020202020202020204,0.050505050505050504,0.09090909090909091,0.038461538461538464,0.09174311926605505,0.15126050420168066,0.19704469965863278,baseline,RGB,euclidean,none
941,941.jpg,food,1.0,1.0,0.75,0.050505050505050504,0.10101010101010101,0.15151515151515152,0.09615384615384615,0.1834862385321101,0.2521008403361345,0.4034491174909954,baseline,RGB,euclidean,none
942,942.jpg,food,1.0,1.0,0.85,0.050505050505050504,0.10101010101010101,0.1717171717171717,0.09615384615384615,0.1834862385321101,0.2857142857142857,0.431526421623868,baseline,RGB,euclidean,none
943,943.jpg,food,0.8,0.7,0.45,0.04040404040404041,0.0707070707070707,0.09090909090909091,0.07692307692307693,0.12844036697247704,0.15126050420168066,0.20344936436895497,baseline,RGB,euclidean,none
944,944.jpg,food,1.0,0.9,0.8,0.050505050505050504,0.09090909090909091,0.16161616161616163,0.09615384615384615,0.16513761467889906,0.26890756302521013,0.3959930388461359,baseline,RGB,euclidean,none
945,945.jpg,food,0.0,0.2,0.2,0.0,0.020202020202020204,0.04040404040404041,0.0,0.03669724770642203,0.06722689075630253,0.19997225587220802,baseline,RGB,euclidean,none
946,946.jpg,food,1.0,0.9,0.7,0.050505050505050504,0.09090909090909091,0.1414141414141414,0.09615384615384615,0.16513761467889906,0.2352941176470588,0.3892218792580329,baseline,RGB,euclidean,none
947,947.jpg,food,0.0,0.2,0.1,0.0,0.020202020202020204,0.020202020202020204,0.0,0.03669724770642203,0.033613445378151266,0.09277600963869129,baseline,RGB,euclidean,none
948,948.jpg,food,1.0,0.6,0.45,0.050505050505050504,0.06060606060606061,0.09090909090909091,0.09615384615384615,0.11009174311926605,0.15126050420168066,0.2237803997615334,baseline,RGB,euclidean,none
949,949.jpg,food,0.8,0.7,0.45,0.04040404040404041,0.0707070707070707,0.09090909090909091,0.07692307692307693,0.12844036697247704,0.15126050420168066,0.22383608358642865,baseline,RGB,euclidean,none
950,950.jpg,food,1.0,0.8,0.7,0.050505050505050504,0.08080808080808081,0.1414141414141414,0.09615384615384615,0.1467889908256881,0.2352941176470588,0.2685229667205011,baseline,RGB,euclidean,none
951,951.jpg,food,0.8,0.9,0.7,0.04040404040404041,0.09090909090909091,0.1414141414141414,0.07692307692307693,0.16513761467889906,0.2352941176470588,0.26730654273432375,baseline,RGB,euclidean,none
952,952.jpg,food,0.4,0.2,0.25,0.020202020202020204,0.020202020202020204,0.050505050505050504,0.038461538461538464,0.03669724770642203,0.08403361344537816,0.1370125590564153,baseline,RGB,euclidean,none
953,953.jpg,food,1.0,0.7,0.55,0.050505050505050504,0.0707070707070707,0.1111111111111111,0.09615384615384615,0.12844036697247704,0.18487394957983191,0.2272585124740159,baseline,RGB,euclidean,none
954,954.jpg,food,0.8,0.7,0.6,0.04040404040404041,0.0707070707070707,0.12121212121212122,0.07692307692307693,0.12844036697247704,0.20168067226890757,0.24175543672521974,baseline,RGB,euclidean,none
955,955.jpg,food,1.0,0.9,0.7,0.050505050505050504,0.09090909090909091,0.1414141414141414,0.09615384615384615,0.16513761467889906,0.2352941176470588,0.3917158330581245,baseline,RGB,euclidean,none
956,956.jpg,food,0.2,0.2,0.15,0.010101010101010102,0.020202020202020204,0.030303030303030304,0.019230769230769232,0.03669724770642203,0.05042016806722689,0.12299099737278013,baseline,RGB,euclidean,none
957,957.jpg,food,1.0,0.7,0.6,0.050505050505050504,0.0707070707070707,0.12121212121212122,0.09615384615384615,0.12844036697247704,0.20168067226890757,0.2631658959023513,baseline,RGB,euclidean,none
958,958.jpg,food,0.2,0.5,0.5,0.010101010101010102,0.050505050505050504,0.10101010101010101,0.019230769230769232,0.09174311926605505,0.16806722689075632,0.21312247589930666,baseline,RGB,euclidean,none
959,959.jpg,food,0.8,0.7,0.6,0.04040404040404041,0.0707070707070707,0.12121212121212122,0.07692307692307693,0.12844036697247704,0.20168067226890757,0.24261769765985008,baseline,RGB,euclidean,none
960,960.jpg,food,0.8,0.6,0.55,0.04040404040404041,0.06060606060606061,0.1111111111111111,0.07692307692307693,0.11009174311926605,0.18487394957983191,0.31698026524345635,baseline,RGB,euclidean,none
961,961.jpg,food,0.6,0.3,0.2,0.030303030303030304,0.030303030303030304,0.04040404040404041,0.057692307692307696,0.055045871559633024,0.06722689075630253,0.11249535590309727,baseline,RGB,euclidean,none
962,962.jpg,food,1.0,1.0,0.8,0.050505050505050504,0.10101010101010101,0.16161616161616163,0.09615384615384615,0.1834862385321101,0.26890756302521013,0.40688599089112537,baseline,RGB,euclidean,none
963,963.jpg,food,0.8,0.7,0.6,0.04040404040404041,0.0707070707070707,0.12121212121212122,0.07692307692307693,0.12844036697247704,0.20168067226890757,0.252349801018679,baseline,RGB,euclidean,none
964,964.jpg,food,0.8,0.8,0.45,0.04040404040404041,0.08080808080808081,0.09090909090909091,0.07692307692307693,0.1467889908256881,0.15126050420168066,0.20156909685238236,baseline,RGB,euclidean,none
965,965.jpg,food,0.0,0.0,0.1,0.0,0.0,0.020202020202020204,0.0,0.0,0.033613445378151266,0.11368719187445607,baseline,RGB,euclidean,none
966,966.jpg,food,0.6,0.3,0.3,0.030303030303030304,0.030303030303030304,0.06060606060606061,0.057692307692307696,0.055045871559633024,0.10084033613445378,0.1580712850203033,baseline,RGB,euclidean,none
967,967.jpg,food,1.0,0.8,0.55,0.050505050505050504,0.08080808080808081,0.1111111111111111,0.09615384615384615,0.1467889908256881,0.18487394957983191,0.34210604160736113,baseline,RGB,euclidean,none
968,968.jpg,food,0.0,0.0,0.0,0.0,0.0,0.0,0.0,0.0,0.0,0.08088439041932019,baseline,RGB,euclidean,none
969,969.jpg,food,0.2,0.1,0.1,0.010101010101010102,0.010101010101010102,0.020202020202020204,0.019230769230769232,0.018348623853211014,0.033613445378151266,0.11746036263947193,baseline,RGB,euclidean,none
970,970.jpg,food,0.4,0.5,0.35,0.020202020202020204,0.050505050505050504,0.0707070707070707,0.038461538461538464,0.09174311926605505,0.1176470588235294,0.18325399234638343,baseline,RGB,euclidean,none
971,971.jpg,food,0.4,0.4,0.35,0.020202020202020204,0.04040404040404041,0.0707070707070707,0.038461538461538464,0.07339449541284405,0.1176470588235294,0.19845241018070073,baseline,RGB,euclidean,none
972,972.jpg,food,0.2,0.2,0.15,0.010101010101010102,0.020202020202020204,0.030303030303030304,0.019230769230769232,0.03669724770642203,0.05042016806722689,0.08714824017582488,baseline,RGB,euclidean,none
973,973.jpg,food,0.6,0.5,0.6,0.030303030303030304,0.050505050505050504,0.12121212121212122,0.057692307692307696,0.09174311926605505,0.20168067226890757,0.35205154766513475,baseline,RGB,euclidean,none
974,974.jpg,food,1.0,0.9,0.65,0.050505050505050504,0.09090909090909091,0.13131313131313133,0.09615384615384615,0.16513761467889906,0.2184873949579832,0.3703334287871326,baseline,RGB,euclidean,none
975,975.jpg,food,0.2,0.1,0.3,0.010101010101010102,0.010101010101010102,0.06060606060606061,0.019230769230769232,0.018348623853211014,0.10084033613445378,0.14212380057769258,baseline,RGB,euclidean,none
976,976.jpg,food,0.8,0.9,0.7,0.04040404040404041,0.09090909090909091,0.1414141414141414,0.07692307692307693,0.16513761467889906,0.2352941176470588,0.35809625376935256,baseline,RGB,euclidean,none
977,977.jpg,food,1.0,1.0,0.75,0.050505050505050504,0.10101010101010101,0.15151515151515152,0.09615384615384615,0.1834862385321101,0.2521008403361345,0.410115674533342,baseline,RGB,euclidean,none
978,978.jpg,food,0.0,0.1,0.05,0.0,0.010101010101010102,0.010101010101010102,0.0,0.018348623853211014,0.016806722689075633,0.14579230271670257,baseline,RGB,euclidean,none
979,979.jpg,food,0.8,0.6,0.5,0.04040404040404041,0.06060606060606061,0.10101010101010101,0.07692307692307693,0.11009174311926605,0.16806722689075632,0.23296327700977207,baseline,RGB,euclidean,none
980,980.jpg,food,1.0,1.0,0.9,0.050505050505050504,0.10101010101010101,0.18181818181818182,0.09615384615384615,0.1834862385321101,0.3025210084033613,0.42960203528250746,baseline,RGB,euclidean,none
981,981.jpg,food,0.8,0.7,0.45,0.04040404040404041,0.0707070707070707,0.09090909090909091,0.07692307692307693,0.12844036697247704,0.15126050420168066,0.2326035861181107,baseline,RGB,euclidean,none
982,982.jpg,food,0.4,0.6,0.5,0.020202020202020204,0.06060606060606061,0.10101010101010101,0.038461538461538464,0.11009174311926605,0.16806722689075632,0.18399991932765844,baseline,RGB,euclidean,none
983,983.jpg,food,0.6,0.4,0.45,0.030303030303030304,0.04040404040404041,0.09090909090909091,0.057692307692307696,0.07339449541284405,0.15126050420168066,0.1762213945987328,baseline,RGB,euclidean,none
984,984.jpg,food,0.8,0.6,0.5,0.04040404040404041,0.06060606060606061,0.10101010101010101,0.07692307692307693,0.11009174311926605,0.16806722689075632,0.270109240405508,baseline,RGB,euclidean,none
985,985.jpg,food,1.0,0.8,0.55,0.050505050505050504,0.08080808080808081,0.1111111111111111,0.09615384615384615,0.1467889908256881,0.18487394957983191,0.2676023599742821,baseline,RGB,euclidean,none
986,986.jpg,food,0.4,0.3,0.3,0.020202020202020204,0.030303030303030304,0.06060606060606061,0.038461538461538464,0.055045871559633024,0.10084033613445378,0.1573623873231494,baseline,RGB,euclidean,none
987,987.jpg,food,0.2,0.1,0.15,0.010101010101010102,0.010101010101010102,0.030303030303030304,0.019230769230769232,0.018348623853211014,0.05042016806722689,0.1312853068719041,baseline,RGB,euclidean,none
988,988.jpg,food,0.8,0.9,0.7,0.04040404040404041,0.09090909090909091,0.1414141414141414,0.07692307692307693,0.16513761467889906,0.2352941176470588,0.3751324792165211,baseline,RGB,euclidean,none
989,989.jpg,food,1.0,1.0,0.9,0.050505050505050504,0.10101010101010101,0.18181818181818182,0.09615384615384615,0.1834862385321101,0.3025210084033613,0.42627985461588414,baseline,RGB,euclidean,none
990,990.jpg,food,0.8,0.7,0.65,0.04040404040404041,0.0707070707070707,0.13131313131313133,0.07692307692307693,0.12844036697247704,0.2184873949579832,0.35229112236063365,baseline,RGB,euclidean,none
991,991.jpg,food,0.6,0.3,0.4,0.030303030303030304,0.030303030303030304,0.08080808080808081,0.057692307692307696,0.055045871559633024,0.13445378151260506,0.1942537489410313,baseline,RGB,euclidean,none
992,992.jpg,food,1.0,0.7,0.45,0.050505050505050504,0.0707070707070707,0.09090909090909091,0.09615384615384615,0.12844036697247704,0.15126050420168066,0.25302417158688933,baseline,RGB,euclidean,none
993,993.jpg,food,0.2,0.1,0.05,0.010101010101010102,0.010101010101010102,0.010101010101010102,0.019230769230769232,0.018348623853211014,0.016806722689075633,0.10075446045683802,baseline,RGB,euclidean,none
994,994.jpg,food,0.6,0.6,0.45,0.030303030303030304,0.06060606060606061,0.09090909090909091,0.057692307692307696,0.11009174311926605,0.15126050420168066,0.24297031954266488,baseline,RGB,euclidean,none
995,995.jpg,food,0.0,0.2,0.15,0.0,0.020202020202020204,0.030303030303030304,0.0,0.03669724770642203,0.05042016806722689,0.08392884360430032,baseline,RGB,euclidean,none
996,996.jpg,food,1.0,0.9,0.65,0.050505050505050504,0.09090909090909091,0.13131313131313133,0.09615384615384615,0.16513761467889906,0.2184873949579832,0.2836762347903381,baseline,RGB,euclidean,none
997,997.jpg,food,0.4,0.3,0.2,0.020202020202020204,0.030303030303030304,0.04040404040404041,0.038461538461538464,0.055045871559633024,0.06722689075630253,0.10471927383512025,baseline,RGB,euclidean,none
998,998.jpg,food,0.2,0.3,0.25,0.010101010101010102,0.030303030303030304,0.050505050505050504,0.019230769230769232,0.055045871559633024,0.08403361344537816,0.1529833228378933,baseline,RGB,euclidean,none
999,999.jpg,food,0.2,0.2,0.25,0.010101010101010102,0.020202020202020204,0.050505050505050504,0.019230769230769232,0.03669724770642203,0.08403361344537816,0.2248232501380543,baseline,RGB,euclidean,none
0,0.jpg,africa,0.8,0.8,0.55,0.04040404040404041,0.08080808080808081,0.1111111111111111,0.07692307692307693,0.1467889908256881,0.18487394957983191,0.30812743589016134,best,RGB+HSV+LAB,cosine,zscore
1,1.jpg,africa,0.8,0.9,0.8,0.04040404040404041,0.09090909090909091,0.16161616161616163,0.07692307692307693,0.16513761467889906,0.26890756302521013,0.5827715448007178,best,RGB+HSV+LAB,cosine,zscore
2,2.jpg,africa,1.0,1.0,0.9,0.050505050505050504,0.10101010101010101,0.18181818181818182,0.09615384615384615,0.1834862385321101,0.3025210084033613,0.5909677107448457,best,RGB+HSV+LAB,cosine,zscore
3,3.jpg,africa,0.8,0.9,0.6,0.04040404040404041,0.09090909090909091,0.12121212121212122,0.07692307692307693,0.16513761467889906,0.20168067226890757,0.34410757886124255,best,RGB+HSV+LAB,cosine,zscore
4,4.jpg,africa,0.0,0.1,0.15,0.0,0.010101010101010102,0.030303030303030304,0.0,0.018348623853211014,0.05042016806722689,0.2398585876838535,best,RGB+HSV+LAB,cosine,zscore
5,5.jpg,africa,1.0,1.0,0.95,0.050505050505050504,0.10101010101010101,0.1919191919191919,0.09615384615384615,0.1834862385321101,0.319327731092437,0.6898230796761072,best,RGB+HSV+LAB,cosine,zscore
6,6.jpg,africa,1.0,0.9,0.75,0.050505050505050504,0.09090909090909091,0.15151515151515152,0.09615384615384615,0.16513761467889906,0.2521008403361345,0.46057236605328034,best,RGB+HSV+LAB,cosine,zscore
7,7.jpg,africa,0.8,0.5,0.55,0.04040404040404041,0.050505050505050504,0.1111111111111111,0.07692307692307693,0.09174311926605505,0.18487394957983191,0.3522505085963931,best,RGB+HSV+LAB,cosine,zscore
8,8.jpg,africa,0.8,0.9,0.95,0.04040404040404041,0.09090909090909091,0.1919191919191919,0.07692307692307693,0.16513761467889906,0.319327731092437,0.5861829596471573,best,RGB+HSV+LAB,cosine,zscore
9,9.jpg,africa,1.0,1.0,1.0,0.050505050505050504,0.10101010101010101,0.20202020202020202,0.09615384615384615,0.1834862385321101,0.33613445378151263,0.5890492272119184,best,RGB+HSV+LAB,cosine,zscore
10,10.jpg,africa,0.2,0.1,0.2,0.010101010101010102,0.010101010101010102,0.04040404040404041,0.019230769230769232,0.018348623853211014,0.06722689075630253,0.20517677285554944,best,RGB+HSV+LAB,cosine,zscore
11,11.jpg,africa,0.2,0.3,0.3,0.010101010101010102,0.030303030303030304,0.06060606060606061,0.019230769230769232,0.055045871559633024,0.10084033613445378,0.31582916957243573,best,RGB+HSV+LAB,cosine,zscore
12,12.jpg,africa,1.0,0.8,0.7,0.050505050505050504,0.08080808080808081,0.1414141414141414,0.09615384615384615,0.1467889908256881,0.2352941176470588,0.4132993658384206,best,RGB+HSV+LAB,cosine,zscore
13,13.jpg,africa,0.8,0.8,0.8,0.04040404040404041,0.08080808080808081,0.16161616161616163,0.07692307692307693,0.1467889908256881,0.26890756302521013,0.4561595275277868,best,RGB+HSV+LAB,cosine,zscore
14,14.jpg,africa,0.2,0.1,0.15,0.010101010101010102,0.010101010101010102,0.030303030303030304,0.019230769230769232,0.018348623853211014,0.05042016806722689,0.08284110644939394,best,RGB+HSV+LAB,cosine,zscore
15,15.jpg,africa,0.4,0.3,0.3,0.020202020202020204,0.030303030303030304,0.06060606060606061,0.038461538461538464,0.055045871559633024,0.10084033613445378,0.24158367945581166,best,RGB+HSV+LAB,cosine,zscore
16,16.jpg,africa,0.2,0.1,0.15,0.010101010101010102,0.010101010101010102,0.030303030303030304,0.019230769230769232,0.018348623853211014,0.05042016806722689,0.1621809374558594,best,RGB+HSV+LAB,cosine,zscore
17,17.jpg,africa,0.8,0.7,0.65,0.04040404040404041,0.0707070707070707,0.13131313131313133,0.07692307692307693,0.12844036697247704,0.2184873949579832,0.45716964722452624,best,RGB+HSV+LAB,cosine,zscore
18,18.jpg,africa,0.6,0.5,0.5,0.030303030303030304,0.050505050505050504,0.10101010101010101,0.057692307692307696,0.09174311926605505,0.16806722689075632,0.3322130633448393,best,RGB+HSV+LAB,cosine,zscore
19,19.jpg,africa,1.0,1.0,1.0,0.050505050505050504,0.10101010101010101,0.20202020202020202,0.09615384615384615,0.1834862385321101,0.33613445378151263,0.6506566280725105,best,RGB+HSV+LAB,cosine,zscore
20,20.jpg,africa,0.8,0.9,0.85,0.04040404040404041,0.09090909090909091,0.1717171717171717,0.07692307692307693,0.16513761467889906,0.2857142857142857,0.5519689232225793,best,RGB+HSV+LAB,cosine,zscore
21,21.jpg,africa,1.0,1.0,0.85,0.050505050505050504,0.10101010101010101,0.1717171717171717,0.09615384615384615,0.1834862385321101,0.2857142857142857,0.5422518926939125,best,RGB+HSV+LAB,cosine,zscore
22,22.jpg,africa,0.8,0.8,0.65,0.04040404040404041,0.08080808080808081,0.13131313131313133,0.07692307692307693,0.1467889908256881,0.2184873949579832,0.540991771363213,best,RGB+HSV+LAB,cosine,zscore
23,23.jpg,africa,0.4,0.3,0.5,0.020202020202020204,0.030303030303030304,0.10101010101010101,0.038461538461538464,0.055045871559633024,0.16806722689075632,0.3851612481712745,best,RGB+HSV+LAB,cosine,zscore
24,24.jpg,africa,0.8,0.9,0.8,0.04040404040404041,0.09090909090909091,0.16161616161616163,0.07692307692307693,0.16513761467889906,0.26890756302521013,0.5067292105030248,best,RGB+HSV+LAB,cosine,zscore
25,25.jpg,africa,1.0,1.0,0.9,0.050505050505050504,0.10101010101010101,0.18181818181818182,0.09615384615384615,0.1834862385321101,0.3025210084033613,0.6500467251695634,best,RGB+HSV+LAB,cosine,zscore
26,26.jpg,africa,1.0,1.0,0.95,0.050505050505050504,0.10101010101010101,0.1919191919191919,0.09615384615384615,0.1834862385321101,0.319327731092437,0.5801814987126866,best,RGB+HSV+LAB,cosine,zscore
27,27.jpg,africa,1.0,0.9,0.85,0.050505050505050504,0.09090909090909091,0.1717171717171717,0.09615384615384615,0.16513761467889906,0.2857142857142857,0.6088150109462231,best,RGB+HSV+LAB,cosine,zscore
28,28.jpg,africa,0.4,0.6,0.4,0.020202020202020204,0.06060606060606061,0.08080808080808081,0.038461538461538464,0.11009174311926605,0.13445378151260506,0.27527177036122774,best,RGB+HSV+LAB,cosine,zscore
29,29.jpg,africa,1.0,0.9,0.8,0.050505050505050504,0.09090909090909091,0.16161616161616163,0.09615384615384615,0.16513761467889906,0.26890756302521013,0.5479462825836302,best,RGB+HSV+LAB,cosine,zscore
30,30.jpg,africa,0.2,0.2,0.15,0.010101010101010102,0.020202020202020204,0.030303030303030304,0.019230769230769232,0.03669724770642203,0.05042016806722689,0.19209770736803683,best,RGB+HSV+LAB,cosine,zscore
31,31.jpg,africa,0.8,0.5,0.35,0.04040404040404041,0.050505050505050504,0.0707070707070707,0.07692307692307693,0.09174311926605505,0.1176470588235294,0.24845199332944415,best,RGB+HSV+LAB,cosine,zscore
32,32.jpg,africa,1.0,1.0,0.85,0.050505050505050504,0.10101010101010101,0.1717171717171717,0.09615384615384615,0.1834862385321101,0.2857142857142857,0.5830780045978123,best,RGB+HSV+LAB,cosine,zscore
33,33.jpg,africa,0.0,0.1,0.15,0.0,0.010101010101010102,0.030303030303030304,0.0,0.018348623853211014,0.05042016806722689,0.1033338737626698,best,RGB+HSV+LAB,cosine,zscore
34,34.jpg,africa,0.2,0.2,0.1,0.010101010101010102,0.020202020202020204,0.020202020202020204,0.019230769230769232,0.03669724770642203,0.033613445378151266,0.07527668318249577,best,RGB+HSV+LAB,cosine,zscore
35,35.jpg,africa,0.2,0.1,0.15,0.010101010101010102,0.010101010101010102,0.030303030303030304,0.019230769230769232,0.018348623853211014,0.05042016806722689,0.15120021504083458,best,RGB+HSV+LAB,cosine,zscore
36,36.jpg,africa,0.4,0.3,0.2,0.020202020202020204,0.030303030303030304,0.04040404040404041,0.038461538461538464,0.055045871559633024,0.06722689075630253,0.21919056327951403,best,RGB+HSV+LAB,cosine,zscore
37,37.jpg,africa,0.6,0.4,0.35,0.030303030303030304,0.04040404040404041,0.0707070707070707,0.057692307692307696,0.07339449541284405,0.1176470588235294,0.2756739829533737,best,RGB+HSV+LAB,cosine,zscore
38,38.jpg,africa,1.0,0.9,0.75,0.050505050505050504,0.09090909090909091,0.15151515151515152,0.09615384615384615,0.16513761467889906,0.2521008403361345,0.5159066294509171,best,RGB+HSV+LAB,cosine,zscore
39,39.jpg,africa,0.4,0.6,0.4,0.020202020202020204,0.06060606060606061,0.08080808080808081,0.038461538461538464,0.11009174311926605,0.13445378151260506,0.2557566012466131,best,RGB+HSV+LAB,cosine,zscore
40,40.jpg,africa,0.8,0.8,0.7,0.04040404040404041,0.08080808080808081,0.1414141414141414,0.07692307692307693,0.1467889908256881,0.2352941176470588,0.4295575492275559,best,RGB+HSV+LAB,cosine,zscore
41,41.jpg,africa,0.6,0.8,0.5,0.030303030303030304,0.08080808080808081,0.10101010101010101,0.057692307692307696,0.1467889908256881,0.16806722689075632,0.4052337823770913,best,RGB+HSV+LAB,cosine,zscore
42,42.jpg,africa,0.2,0.2,0.35,0.010101010101010102,0.020202020202020204,0.0707070707070707,0.019230769230769232,0.03669724770642203,0.1176470588235294,0.24036448513882416,best,RGB+HSV+LAB,cosine,zscore
43,43.jpg,africa,0.2,0.3,0.3,0.010101010101010102,0.030303030303030304,0.06060606060606061,0.019230769230769232,0.055045871559633024,0.10084033613445378,0.17940903841091055,best,RGB+HSV+LAB,cosine,zscore
44,44.jpg,africa,0.2,0.3,0.2,0.010101010101010102,0.030303030303030304,0.04040404040404041,0.019230769230769232,0.055045871559633024,0.06722689075630253,0.2714829420928576,best,RGB+HSV+LAB,cosine,zscore
45,45.jpg,africa,0.8,0.7,0.65,0.04040404040404041,0.0707070707070707,0.13131313131313133,0.07692307692307693,0.12844036697247704,0.2184873949579832,0.39226410647009763,best,RGB+HSV+LAB,cosine,zscore
46,46.jpg,africa,0.6,0.5,0.6,0.030303030303030304,0.050505050505050504,0.12121212121212122,0.057692307692307696,0.09174311926605505,0.20168067226890757,0.38137882286028385,best,RGB+HSV+LAB,cosine,zscore
47,47.jpg,africa,0.6,0.8,0.8,0.030303030303030304,0.08080808080808081,0.16161616161616163,0.057692307692307696,0.1467889908256881,0.26890756302521013,0.5166537405859989,best,RGB+HSV+LAB,cosine,zscore
48,48.jpg,africa,0.4,0.5,0.45,0.020202020202020204,0.050505050505050504,0.09090909090909091,0.038461538461538464,0.09174311926605505,0.15126050420168066,0.28924401816069445,best,RGB+HSV+LAB,cosine,zscore
49,49.jpg,africa,0.8,0.7,0.75,0.04040404040404041,0.0707070707070707,0.15151515151515152,0.07692307692307693,0.12844036697247704,0.2521008403361345,0.45587394638759193,best,RGB+HSV+LAB,cosine,zscore
50,50.jpg,africa,0.0,0.2,0.1,0.0,0.020202020202020204,0.020202020202020204,0.0,0.03669724770642203,0.033613445378151266,0.1889284077022864,best,RGB+HSV+LAB,cosine,zscore
51,51.jpg,africa,0.4,0.4,0.35,0.020202020202020204,0.04040404040404041,0.0707070707070707,0.038461538461538464,0.07339449541284405,0.1176470588235294,0.27411526331515274,best,RGB+HSV+LAB,cosine,zscore
52,52.jpg,africa,1.0,1.0,0.9,0.050505050505050504,0.10101010101010101,0.18181818181818182,0.09615384615384615,0.1834862385321101,0.3025210084033613,0.5550208588043378,best,RGB+HSV+LAB,cosine,zscore
53,53.jpg,africa,0.4,0.4,0.3,0.020202020202020204,0.04040404040404041,0.06060606060606061,0.038461538461538464,0.07339449541284405,0.10084033613445378,0.1673644076382342,best,RGB+HSV+LAB,cosine,zscore
54,54.jpg,africa,0.4,0.3,0.3,0.020202020202020204,0.030303030303030304,0.06060606060606061,0.038461538461538464,0.055045871559633024,0.10084033613445378,0.29917698152974365,best,RGB+HSV+LAB,cosine,zscore
55,55.jpg,africa,0.8,0.7,0.65,0.04040404040404041,0.0707070707070707,0.13131313131313133,0.07692307692307693,0.12844036697247704,0.2184873949579832,0.4202851137906447,best,RGB+HSV+LAB,cosine,zscore
56,56.jpg,africa,0.8,0.8,0.85,0.04040404040404041,0.08080808080808081,0.1717171717171717,0.07692307692307693,0.1467889908256881,0.2857142857142857,0.5299395123332012,best,RGB+HSV+LAB,cosine,zscore
57,57.jpg,africa,0.6,0.6,0.5,0.030303030303030304,0.06060606060606061,0.10101010101010101,0.057692307692307696,0.11009174311926605,0.16806722689075632,0.32338681085531085,best,RGB+HSV+LAB,cosine,zscore
58,58.jpg,africa,1.0,1.0,0.85,0.050505050505050504,0.10101010101010101,0.1717171717171717,0.09615384615384615,0.1834862385321101,0.2857142857142857,0.4447310445299315,best,RGB+HSV+LAB,cosine,zscore
59,59.jpg,africa,1.0,0.9,0.9,0.050505050505050504,0.09090909090909091,0.18181818181818182,0.09615384615384615,0.16513761467889906,0.3025210084033613,0.5950120205324202,best,RGB+HSV+LAB,cosine,zscore
60,60.jpg,africa,1.0,0.9,0.95,0.050505050505050504,0.09090909090909091,0.1919191919191919,0.09615384615384615,0.16513761467889906,0.319327731092437,0.5582622234821177,best,RGB+HSV+LAB,cosine,zscore
61,61.jpg,africa,0.8,0.8,0.85,0.04040404040404041,0.08080808080808081,0.1717171717171717,0.07692307692307693,0.1467889908256881,0.2857142857142857,0.6198646209934952,best,RGB+HSV+LAB,cosine,zscore
62,62.jpg,africa,0.8,0.6,0.65,0.04040404040404041,0.06060606060606061,0.13131313131313133,0.07692307692307693,0.11009174311926605,0.2184873949579832,0.42490341823921324,best,RGB+HSV+LAB,cosine,zscore
63,63.jpg,africa,0.0,0.0,0.1,0.0,0.0,0.020202020202020204,0.0,0.0,0.033613445378151266,0.101029572918948,best,RGB+HSV+LAB,cosine,zscore
64,64.jpg,africa,1.0,0.9,0.85,0.050505050505050504,0.09090909090909091,0.1717171717171717,0.09615384615384615,0.16513761467889906,0.2857142857142857,0.529878596781392,best,RGB+HSV+LAB,cosine,zscore
65,65.jpg,africa,0.0,0.0,0.0,0.0,0.0,0.0,0.0,0.0,0.0,0.16295627324391015,best,RGB+HSV+LAB,cosine,zscore
66,66.jpg,africa,1.0,1.0,0.9,0.050505050505050504,0.10101010101010101,0.18181818181818182,0.09615384615384615,0.1834862385321101,0.3025210084033613,0.569800094675235,best,RGB+HSV+LAB,cosine,zscore
67,67.jpg,africa,1.0,0.8,0.8,0.050505050505050504,0.08080808080808081,0.16161616161616163,0.09615384615384615,0.1467889908256881,0.26890756302521013,0.5620705324024762,best,RGB+HSV+LAB,cosine,zscore
68,68.jpg,africa,0.2,0.2,0.2,0.010101010101010102,0.020202020202020204,0.04040404040404041,0.019230769230769232,0.03669724770642203,0.06722689075630253,0.20742619504508875,best,RGB+HSV+LAB,cosine,zscore
69,69.jpg,africa,0.2,0.2,0.2,0.010101010101010102,0.020202020202020204,0.04040404040404041,0.019230769230769232,0.03669724770642203,0.06722689075630253,0.19896049711286015,best,RGB+HSV+LAB,cosine,zscore
70,70.jpg,africa,0.6,0.4,0.35,0.030303030303030304,0.04040404040404041,0.0707070707070707,0.057692307692307696,0.07339449541284405,0.1176470588235294,0.22047606905859748,best,RGB+HSV+LAB,cosine,zscore
71,71.jpg,africa,0.0,0.1,0.1,0.0,0.010101010101010102,0.020202020202020204,0.0,0.018348623853211014,0.033613445378151266,0.10426496461099363,best,RGB+HSV+LAB,cosine,zscore
72,72.jpg,africa,1.0,1.0,1.0,0.050505050505050504,0.10101010101010101,0.20202020202020202,0.09615384615384615,0.1834862385321101,0.33613445378151263,0.65216996250623,best,RGB+HSV+LAB,cosine,zscore
73,73.jpg,africa,0.0,0.0,0.05,0.0,0.0,0.010101010101010102,0.0,0.0,0.016806722689075633,0.06335595158197715,best,RGB+HSV+LAB,cosine,zscore
74,74.jpg,africa,0.6,0.8,0.65,0.030303030303030304,0.08080808080808081,0.13131313131313133,0.057692307692307696,0.1467889908256881,0.2184873949579832,0.3595160360813408,best,RGB+HSV+LAB,cosine,zscore
75,75.jpg,africa,1.0,0.9,0.9,0.050505050505050504,0.09090909090909091,0.18181818181818182,0.09615384615384615,0.16513761467889906,0.3025210084033613,0.5833662237765682,best,RGB+HSV+LAB,cosine,zscore
76,76.jpg,africa,0.6,0.6,0.3,0.030303030303030304,0.06060606060606061,0.06060606060606061,0.057692307692307696,0.11009174311926605,0.10084033613445378,0.2353752012413998,best,RGB+HSV+LAB,cosine,zscore
77,77.jpg,africa,1.0,1.0,1.0,0.050505050505050504,0.10101010101010101,0.20202020202020202,0.09615384615384615,0.1834862385321101,0.33613445378151263,0.6982286657474426,best,RGB+HSV+LAB,cosine,zscore
78,78.jpg,africa,0.2,0.3,0.35,0.010101010101010102,0.030303030303030304,0.0707070707070707,0.019230769230769232,0.055045871559633024,0.1176470588235294,0.27017071986044955,best,RGB+HSV+LAB,cosine,zscore
79,79.jpg,africa,0.0,0.0,0.0,0.0,0.0,0.0,0.0,0.0,0.0,0.06348138437580471,best,RGB+HSV+LAB,cosine,zscore
80,80.jpg,africa,0.8,0.6,0.55,0.04040404040404041,0.06060606060606061,0.1111111111111111,0.07692307692307693,0.11009174311926605,0.18487394957983191,0.3489479805300745,best,RGB+HSV+LAB,cosine,zscore
81,81.jpg,africa,0.6,0.6,0.6,0.030303030303030304,0.06060606060606061,0.12121212121212122,0.057692307692307696,0.11009174311926605,0.20168067226890757,0.4177444742384888,best,RGB+HSV+LAB,cosine,zscore
82,82.jpg,africa,1.0,1.0,1.0,0.050505050505050504,0.10101010101010101,0.20202020202020202,0.09615384615384615,0.1834862385321101,0.33613445378151263,0.592544947667308,best,RGB+HSV+LAB,cosine,zscore
83,83.jpg,africa,1.0,1.0,0.95,0.050505050505050504,0.10101010101010101,0.1919191919191919,0.09615384615384615,0.1834862385321101,0.319327731092437,0.5745731124352446,best,RGB+HSV+LAB,cosine,zscore
84,84.jpg,africa,0.2,0.2,0.3,0.010101010101010102,0.020202020202020204,0.06060606060606061,0.019230769230769232,0.03669724770642203,0.10084033613445378,0.35271591386046997,best,RGB+HSV+LAB,cosine,zscore
85,85.jpg,africa,0.6,0.5,0.5,0.030303030303030304,0.050505050505050504,0.10101010101010101,0.057692307692307696,0.09174311926605505,0.16806722689075632,0.33965862733653124,best,RGB+HSV+LAB,cosine,zscore
86,86.jpg,africa,0.0,0.1,0.05,0.0,0.010101010101010102,0.010101010101010102,0.0,0.018348623853211014,0.016806722689075633,0.08724750988488786,best,RGB+HSV+LAB,cosine,zscore
87,87.jpg,africa,0.8,0.6,0.55,0.04040404040404041,0.06060606060606061,0.1111111111111111,0.07692307692307693,0.11009174311926605,0.18487394957983191,0.3765566576059184,best,RGB+HSV+LAB,cosine,zscore
88,88.jpg,africa,0.0,0.0,0.0,0.0,0.0,0.0,0.0,0.0,0.0,0.0742481182062629,best,RGB+HSV+LAB,cosine,zscore
89,89.jpg,africa,0.4,0.3,0.25,0.020202020202020204,0.030303030303030304,0.050505050505050504,0.038461538461538464,0.055045871559633024,0.08403361344537816,0.22092998755073753,best,RGB+HSV+LAB,cosine,zscore
90,90.jpg,africa,0.8,0.5,0.25,0.04040404040404041,0.050505050505050504,0.050505050505050504,0.07692307692307693,0.09174311926605505,0.08403361344537816,0.20621049232148364,best,RGB+HSV+LAB,cosine,zscore
91,91.jpg,africa,1.0,0.9,0.9,0.050505050505050504,0.09090909090909091,0.18181818181818182,0.09615384615384615,0.16513761467889906,0.3025210084033613,0.5261714360680383,best,RGB+HSV+LAB,cosine,zscore
92,92.jpg,africa,1.0,0.8,0.65,0.050505050505050504,0.08080808080808081,0.13131313131313133,0.09615384615384615,0.1467889908256881,0.2184873949579832,0.49012261382642597,best,RGB+HSV+LAB,cosine,zscore
93,93.jpg,africa,0.2,0.2,0.25,0.010101010101010102,0.020202020202020204,0.050505050505050504,0.019230769230769232,0.03669724770642203,0.08403361344537816,0.2936511689699856,best,RGB+HSV+LAB,cosine,zscore
94,94.jpg,africa,0.8,0.6,0.55,0.04040404040404041,0.06060606060606061,0.1111111111111111,0.07692307692307693,0.11009174311926605,0.18487394957983191,0.4694646668605815,best,RGB+HSV+LAB,cosine,zscore
95,95.jpg,africa,0.0,0.2,0.15,0.0,0.020202020202020204,0.030303030303030304,0.0,0.03669724770642203,0.05042016806722689,0.20248329900834683,best,RGB+HSV+LAB,cosine,zscore
96,96.jpg,africa,0.4,0.4,0.5,0.020202020202020204,0.04040404040404041,0.10101010101010101,0.038461538461538464,0.07339449541284405,0.16806722689075632,0.3793275875659308,best,RGB+HSV+LAB,cosine,zscore
97,97.jpg,africa,0.6,0.4,0.55,0.030303030303030304,0.04040404040404041,0.1111111111111111,0.057692307692307696,0.07339449541284405,0.18487394957983191,0.3869698648020051,best,RGB+HSV+LAB,cosine,zscore
98,98.jpg,africa,0.4,0.4,0.3,0.020202020202020204,0.04040404040404041,0.06060606060606061,0.038461538461538464,0.07339449541284405,0.10084033613445378,0.23197272099350014,best,RGB+HSV+LAB,cosine,zscore
99,99.jpg,africa,1.0,1.0,0.9,0.050505050505050504,0.10101010101010101,0.18181818181818182,0.09615384615384615,0.1834862385321101,0.3025210084033613,0.5829132312669799,best,RGB+HSV+LAB,cosine,zscore
100,100.jpg,beach,0.0,0.0,0.0,0.0,0.0,0.0,0.0,0.0,0.0,0.08845829607933196,best,RGB+HSV+LAB,cosine,zscore
101,101.jpg,beach,0.6,0.7,0.55,0.030303030303030304,0.0707070707070707,0.1111111111111111,0.057692307692307696,0.12844036697247704,0.18487394957983191,0.2473265091455948,best,RGB+HSV+LAB,cosine,zscore
102,102.jpg,beach,1.0,1.0,0.95,0.050505050505050504,0.10101010101010101,0.1919191919191919,0.09615384615384615,0.1834862385321101,0.319327731092437,0.48785315451400113,best,RGB+HSV+LAB,cosine,zscore
103,103.jpg,beach,1.0,0.8,0.65,0.050505050505050504,0.08080808080808081,0.13131313131313133,0.09615384615384615,0.1467889908256881,0.2184873949579832,0.3282375616480536,best,RGB+HSV+LAB,cosine,zscore
104,104.jpg,beach,0.8,0.8,0.7,0.04040404040404041,0.08080808080808081,0.1414141414141414,0.07692307692307693,0.1467889908256881,0.2352941176470588,0.3998869361661879,best,RGB+HSV+LAB,cosine,zscore
105,105.jpg,beach,0.0,0.0,0.0,0.0,0.0,0.0,0.0,0.0,0.0,0.09486266992536305,best,RGB+HSV+LAB,cosine,zscore
106,106.jpg,beach,0.6,0.5,0.45,0.030303030303030304,0.050505050505050504,0.09090909090909091,0.057692307692307696,0.09174311926605505,0.15126050420168066,0.23611034304050588,best,RGB+HSV+LAB,cosine,zscore
107,107.jpg,beach,0.4,0.6,0.5,0.020202020202020204,0.06060606060606061,0.10101010101010101,0.038461538461538464,0.11009174311926605,0.16806722689075632,0.22317828856868346,best,RGB+HSV+LAB,cosine,zscore
108,108.jpg,beach,0.2,0.3,0.15,0.010101010101010102,0.030303030303030304,0.030303030303030304,0.019230769230769232,0.055045871559633024,0.05042016806722689,0.13912278227043193,best,RGB+HSV+LAB,cosine,zscore
109,109.jpg,beach,0.2,0.2,0.1,0.010101010101010102,0.020202020202020204,0.020202020202020204,0.019230769230769232,0.03669724770642203,0.033613445378151266,0.07868897532775278,best,RGB+HSV+LAB,cosine,zscore
110,110.jpg,beach,0.8,0.5,0.35,0.04040404040404041,0.050505050505050504,0.0707070707070707,0.07692307692307693,0.09174311926605505,0.1176470588235294,0.19014085274457826,best,RGB+HSV+LAB,cosine,zscore
111,111.jpg,beach,0.4,0.3,0.4,0.020202020202020204,0.030303030303030304,0.08080808080808081,0.038461538461538464,0.055045871559633024,0.13445378151260506,0.24896285199605414,best,RGB+HSV+LAB,cosine,zscore
112,112.jpg,beach,0.0,0.1,0.25,0.0,0.010101010101010102,0.050505050505050504,0.0,0.018348623853211014,0.08403361344537816,0.23028603817898657,best,RGB+HSV+LAB,cosine,zscore
113,113.jpg,beach,0.4,0.5,0.5,0.020202020202020204,0.050505050505050504,0.10101010101010101,0.038461538461538464,0.09174311926605505,0.16806722689075632,0.38109434965437056,best,RGB+HSV+LAB,cosine,zscore
114,114.jpg,beach,0.2,0.1,0.15,0.010101010101010102,0.010101010101010102,0.030303030303030304,0.019230769230769232,0.018348623853211014,0.05042016806722689,0.08606393948058381,best,RGB+HSV+LAB,cosine,zscore
115,115.jpg,beach,0.2,0.3,0.25,0.010101010101010102,0.030303030303030304,0.050505050505050504,0.019230769230769232,0.055045871559633024,0.08403361344537816,0.15866493381310778,best,RGB+HSV+LAB,cosine,zscore
116,116.jpg,beach,0.4,0.2,0.3,0.020202020202020204,0.020202020202020204,0.06060606060606061,0.038461538461538464,0.03669724770642203,0.10084033613445378,0.15547035487778946,best,RGB+HSV+LAB,cosine,zscore
117,117.jpg,beach,0.0,0.0,0.0,0.0,0.0,0.0,0.0,0.0,0.0,0.13319014015000588,best,RGB+HSV+LAB,cosine,zscore
118,118.jpg,beach,0.4,0.3,0.3,0.020202020202020204,0.030303030303030304,0.06060606060606061,0.038461538461538464,0.055045871559633024,0.10084033613445378,0.20789268025024688,best,RGB+HSV+LAB,cosine,zscore
119,119.jpg,beach,0.0,0.0,0.1,0.0,0.0,0.020202020202020204,0.0,0.0,0.033613445378151266,0.13077636942332638,best,RGB+HSV+LAB,cosine,zscore
120,120.jpg,beach,0.8,0.7,0.65,0.04040404040404041,0.0707070707070707,0.13131313131313133,0.07692307692307693,0.12844036697247704,0.2184873949579832,0.305321834061502,best,RGB+HSV+LAB,cosine,zscore
121,121.jpg,beach,0.2,0.1,0.05,0.010101010101010102,0.010101010101010102,0.010101010101010102,0.019230769230769232,0.018348623853211014,0.016806722689075633,0.14885897058183498,best,RGB+HSV+LAB,cosine,zscore
122,122.jpg,beach,0.6,0.5,0.45,0.030303030303030304,0.050505050505050504,0.09090909090909091,0.057692307692307696,0.09174311926605505,0.15126050420168066,0.3456437182849635,best,RGB+HSV+LAB,cosine,zscore
123,123.jpg,beach,0.8,0.4,0.25,0.04040404040404041,0.04040404040404041,0.050505050505050504,0.07692307692307693,0.07339449541284405,0.08403361344537816,0.19258637840402118,best,RGB+HSV+LAB,cosine,zscore
124,124.jpg,beach,0.2,0.1,0.1,0.010101010101010102,0.010101010101010102,0.020202020202020204,0.019230769230769232,0.018348623853211014,0.033613445378151266,0.08656384846101108,best,RGB+HSV+LAB,cosine,zscore
125,125.jpg,beach,1.0,0.8,0.65,0.050505050505050504,0.08080808080808081,0.13131313131313133,0.09615384615384615,0.1467889908256881,0.2184873949579832,0.4216277513231433,best,RGB+HSV+LAB,cosine,zscore
126,126.jpg,beach,0.8,0.8,0.75,0.04040404040404041,0.08080808080808081,0.15151515151515152,0.07692307692307693,0.1467889908256881,0.2521008403361345,0.4465673597793999,best,RGB+HSV+LAB,cosine,zscore
127,127.jpg,beach,0.8,0.9,0.8,0.04040404040404041,0.09090909090909091,0.16161616161616163,0.07692307692307693,0.16513761467889906,0.26890756302521013,0.47641802448983955,best,RGB+HSV+LAB,cosine,zscore
128,128.jpg,beach,0.2,0.1,0.1,0.010101010101010102,0.010101010101010102,0.020202020202020204,0.019230769230769232,0.018348623853211014,0.033613445378151266,0.11873503460422528,best,RGB+HSV+LAB,cosine,zscore
129,129.jpg,beach,0.4,0.2,0.25,0.020202020202020204,0.020202020202020204,0.050505050505050504,0.038461538461538464,0.03669724770642203,0.08403361344537816,0.21790054769574926,best,RGB+HSV+LAB,cosine,zscore
130,130.jpg,beach,0.0,0.0,0.0,0.0,0.0,0.0,0.0,0.0,0.0,0.14037761945923546,best,RGB+HSV+LAB,cosine,zscore
131,131.jpg,beach,0.2,0.1,0.05,0.010101010101010102,0.010101010101010102,0.010101010101010102,0.019230769230769232,0.018348623853211014,0.016806722689075633,0.1332504962105758,best,RGB+HSV+LAB,cosine,zscore
132,132.jpg,beach,0.4,0.2,0.35,0.020202020202020204,0.020202020202020204,0.0707070707070707,0.038461538461538464,0.03669724770642203,0.1176470588235294,0.32300709896570856,best,RGB+HSV+LAB,cosine,zscore
133,133.jpg,beach,0.2,0.3,0.35,0.010101010101010102,0.030303030303030304,0.0707070707070707,0.019230769230769232,0.055045871559633024,0.1176470588235294,0.2595155216556862,best,RGB+HSV+LAB,cosine,zscore
134,134.jpg,beach,0.4,0.5,0.6,0.020202020202020204,0.050505050505050504,0.12121212121212122,0.038461538461538464,0.09174311926605505,0.20168067226890757,0.4427971043385502,best,RGB+HSV+LAB,cosine,zscore
135,135.jpg,beach,0.2,0.4,0.4,0.010101010101010102,0.04040404040404041,0.08080808080808081,0.019230769230769232,0.07339449541284405,0.13445378151260506,0.3279915432208488,best,RGB+HSV+LAB,cosine,zscore
136,136.jpg,beach,0.6,0.6,0.55,0.030303030303030304,0.06060606060606061,0.1111111111111111,0.057692307692307696,0.11009174311926605,0.18487394957983191,0.3978690212773843,best,RGB+HSV+LAB,cosine,zscore
137,137.jpg,beach,1.0,0.8,0.6,0.050505050505050504,0.08080808080808081,0.12121212121212122,0.09615384615384615,0.1467889908256881,0.20168067226890757,0.3212488701146201,best,RGB+HSV+LAB,cosine,zscore
138,138.jpg,beach,0.8,0.8,0.9,0.04040404040404041,0.08080808080808081,0.18181818181818182,0.07692307692307693,0.1467889908256881,0.3025210084033613,0.43272959014445245,best,RGB+HSV+LAB,cosine,zscore
139,139.jpg,beach,0.2,0.2,0.15,0.010101010101010102,0.020202020202020204,0.030303030303030304,0.019230769230769232,0.03669724770642203,0.05042016806722689,0.1375065942346179,best,RGB+HSV+LAB,cosine,zscore
140,140.jpg,beach,0.2,0.1,0.05,0.010101010101010102,0.010101010101010102,0.010101010101010102,0.019230769230769232,0.018348623853211014,0.016806722689075633,0.12444691015394246,best,RGB+HSV+LAB,cosine,zscore
141,141.jpg,beach,0.2,0.4,0.35,0.010101010101010102,0.04040404040404041,0.0707070707070707,0.019230769230769232,0.07339449541284405,0.1176470588235294,0.22133036595586436,best,RGB+HSV+LAB,cosine,zscore
142,142.jpg,beach,0.8,0.5,0.5,0.04040404040404041,0.050505050505050504,0.10101010101010101,0.07692307692307693,0.09174311926605505,0.16806722689075632,0.23539361889227375,best,RGB+HSV+LAB,cosine,zscore
143,143.jpg,beach,0.4,0.4,0.4,0.020202020202020204,0.04040404040404041,0.08080808080808081,0.038461538461538464,0.07339449541284405,0.13445378151260506,0.36911470670561913,best,RGB+HSV+LAB,cosine,zscore
144,144.jpg,beach,0.0,0.0,0.05,0.0,0.0,0.010101010101010102,0.0,0.0,0.016806722689075633,0.08852726940317056,best,RGB+HSV+LAB,cosine,zscore
145,145.jpg,beach,0.6,0.5,0.4,0.030303030303030304,0.050505050505050504,0.08080808080808081,0.057692307692307696,0.09174311926605505,0.13445378151260506,0.24301454267566036,best,RGB+HSV+LAB,cosine,zscore
146,146.jpg,beach,1.0,1.0,0.95,0.050505050505050504,0.10101010101010101,0.1919191919191919,0.09615384615384615,0.1834862385321101,0.319327731092437,0.6558826442175731,best,RGB+HSV+LAB,cosine,zscore
147,147.jpg,beach,0.6,0.6,0.4,0.030303030303030304,0.06060606060606061,0.08080808080808081,0.057692307692307696,0.11009174311926605,0.13445378151260506,0.24846532043287747,best,RGB+HSV+LAB,cosine,zscore
148,148.jpg,beach,1.0,0.8,0.8,0.050505050505050504,0.08080808080808081,0.16161616161616163,0.09615384615384615,0.1467889908256881,0.26890756302521013,0.5112813264732932,best,RGB+HSV+LAB,cosine,zscore
149,149.jpg,beach,1.0,1.0,0.85,0.050505050505050504,0.10101010101010101,0.1717171717171717,0.09615384615384615,0.1834862385321101,0.2857142857142857,0.5431644570148613,best,RGB+HSV+LAB,cosine,zscore
150,150.jpg,beach,0.8,0.9,0.85,0.04040404040404041,0.09090909090909091,0.1717171717171717,0.07692307692307693,0.16513761467889906,0.2857142857142857,0.41712645098077444,best,RGB+HSV+LAB,cosine,zscore
151,151.jpg,beach,0.8,0.5,0.6,0.04040404040404041,0.050505050505050504,0.12121212121212122,0.07692307692307693,0.09174311926605505,0.20168067226890757,0.37176597190866784,best,RGB+HSV+LAB,cosine,zscore
152,152.jpg,beach,0.6,0.6,0.35,0.030303030303030304,0.06060606060606061,0.0707070707070707,0.057692307692307696,0.11009174311926605,0.1176470588235294,0.25981719208314286,best,RGB+HSV+LAB,cosine,zscore
153,153.jpg,beach,0.0,0.1,0.2,0.0,0.010101010101010102,0.04040404040404041,0.0,0.018348623853211014,0.06722689075630253,0.11478639891212447,best,RGB+HSV+LAB,cosine,zscore
154,154.jpg,beach,0.2,0.6,0.5,0.010101010101010102,0.06060606060606061,0.10101010101010101,0.019230769230769232,0.11009174311926605,0.16806722689075632,0.3853862543481598,best,RGB+HSV+LAB,cosine,zscore
155,155.jpg,beach,0.4,0.2,0.25,0.020202020202020204,0.020202020202020204,0.050505050505050504,0.038461538461538464,0.03669724770642203,0.08403361344537816,0.25718835237530985,best,RGB+HSV+LAB,cosine,zscore
156,156.jpg,beach,1.0,0.9,0.85,0.050505050505050504,0.09090909090909091,0.1717171717171717,0.09615384615384615,0.16513761467889906,0.2857142857142857,0.5347015366665195,best,RGB+HSV+LAB,cosine,zscore
157,157.jpg,beach,1.0,0.9,0.7,0.050505050505050504,0.09090909090909091,0.1414141414141414,0.09615384615384615,0.16513761467889906,0.2352941176470588,0.5010440264144251,best,RGB+HSV+LAB,cosine,zscore
158,158.jpg,beach,1.0,1.0,0.9,0.050505050505050504,0.10101010101010101,0.18181818181818182,0.09615384615384615,0.1834862385321101,0.3025210084033613,0.46407096133831155,best,RGB+HSV+LAB,cosine,zscore
159,159.jpg,beach,1.0,0.9,0.6,0.050505050505050504,0.09090909090909091,0.12121212121212122,0.09615384615384615,0.16513761467889906,0.20168067226890757,0.33864892088018433,best,RGB+HSV+LAB,cosine,zscore
160,160.jpg,beach,0.0,0.0,0.0,0.0,0.0,0.0,0.0,0.0,0.0,0.0621551093019342,best,RGB+HSV+LAB,cosine,zscore
161,161.jpg,beach,1.0,0.9,0.9,0.050505050505050504,0.09090909090909091,0.18181818181818182,0.09615384615384615,0.16513761467889906,0.3025210084033613,0.5443423956792647,best,RGB+HSV+LAB,cosine,zscore
162,162.jpg,beach,0.4,0.4,0.3,0.020202020202020204,0.04040404040404041,0.06060606060606061,0.038461538461538464,0.07339449541284405,0.10084033613445378,0.34162125750641686,best,RGB+HSV+LAB,cosine,zscore
163,163.jpg,beach,0.8,0.6,0.65,0.04040404040404041,0.06060606060606061,0.13131313131313133,0.07692307692307693,0.11009174311926605,0.2184873949579832,0.3380658177254101,best,RGB+HSV+LAB,cosine,zscore
164,164.jpg,beach,0.4,0.3,0.2,0.020202020202020204,0.030303030303030304,0.04040404040404041,0.038461538461538464,0.055045871559633024,0.06722689075630253,0.15829604727084184,best,RGB+HSV+LAB,cosine,zscore
165,165.jpg,beach,0.8,0.9,0.75,0.04040404040404041,0.09090909090909091,0.15151515151515152,0.07692307692307693,0.16513761467889906,0.2521008403361345,0.5915408900689707,best,RGB+HSV+LAB,cosine,zscore
166,166.jpg,beach,0.4,0.5,0.4,0.020202020202020204,0.050505050505050504,0.08080808080808081,0.038461538461538464,0.09174311926605505,0.13445378151260506,0.34270826529303766,best,RGB+HSV+LAB,cosine,zscore
167,167.jpg,beach,0.2,0.3,0.15,0.010101010101010102,0.030303030303030304,0.030303030303030304,0.019230769230769232,0.055045871559633024,0.05042016806722689,0.15482303297128167,best,RGB+HSV+LAB,cosine,zscore
168,168.jpg,beach,0.2,0.3,0.25,0.010101010101010102,0.030303030303030304,0.050505050505050504,0.019230769230769232,0.055045871559633024,0.08403361344537816,0.2832728519979101,best,RGB+HSV+LAB,cosine,zscore
169,169.jpg,beach,0.4,0.3,0.3,0.020202020202020204,0.030303030303030304,0.06060606060606061,0.038461538461538464,0.055045871559633024,0.10084033613445378,0.3540711420628873,best,RGB+HSV+LAB,cosine,zscore
170,170.jpg,beach,0.4,0.4,0.35,0.020202020202020204,0.04040404040404041,0.0707070707070707,0.038461538461538464,0.07339449541284405,0.1176470588235294,0.21474484796400603,best,RGB+HSV+LAB,cosine,zscore
171,171.jpg,beach,0.4,0.6,0.45,0.020202020202020204,0.06060606060606061,0.09090909090909091,0.038461538461538464,0.11009174311926605,0.15126050420168066,0.2517689759547323,best,RGB+HSV+LAB,cosine,zscore
172,172.jpg,beach,0.2,0.2,0.2,0.010101010101010102,0.020202020202020204,0.04040404040404041,0.019230769230769232,0.03669724770642203,0.06722689075630253,0.1603397588405579,best,RGB+HSV+LAB,cosine,zscore
173,173.jpg,beach,1.0,0.8,0.65,0.050505050505050504,0.08080808080808081,0.13131313131313133,0.09615384615384615,0.1467889908256881,0.2184873949579832,0.4471845479965586,best,RGB+HSV+LAB,cosine,zscore
174,174.jpg,beach,0.2,0.2,0.1,0.010101010101010102,0.020202020202020204,0.020202020202020204,0.019230769230769232,0.03669724770642203,0.033613445378151266,0.149240009134106,best,RGB+HSV+LAB,cosine,zscore
175,175.jpg,beach,1.0,0.6,0.35,0.050505050505050504,0.06060606060606061,0.0707070707070707,0.09615384615384615,0.11009174311926605,0.1176470588235294,0.27482193067338984,best,RGB+HSV+LAB,cosine,zscore
176,176.jpg,beach,0.8,0.7,0.6,0.04040404040404041,0.0707070707070707,0.12121212121212122,0.07692307692307693,0.12844036697247704,0.20168067226890757,0.3838038405581663,best,RGB+HSV+LAB,cosine,zscore
177,177.jpg,beach,0.8,0.7,0.6,0.04040404040404041,0.0707070707070707,0.12121212121212122,0.07692307692307693,0.12844036697247704,0.20168067226890757,0.3844164967717271,best,RGB+HSV+LAB,cosine,zscore
178,178.jpg,beach,0.6,0.4,0.35,0.030303030303030304,0.04040404040404041,0.0707070707070707,0.057692307692307696,0.07339449541284405,0.1176470588235294,0.20199552146249766,best,RGB+HSV+LAB,cosine,zscore
179,179.jpg,beach,0.6,0.7,0.6,0.030303030303030304,0.0707070707070707,0.12121212121212122,0.057692307692307696,0.12844036697247704,0.20168067226890757,0.4232643449463927,best,RGB+HSV+LAB,cosine,zscore
180,180.jpg,beach,0.8,0.9,0.75,0.04040404040404041,0.09090909090909091,0.15151515151515152,0.07692307692307693,0.16513761467889906,0.2521008403361345,0.4802874902596677,best,RGB+HSV+LAB,cosine,zscore
181,181.jpg,beach,0.2,0.4,0.5,0.010101010101010102,0.04040404040404041,0.10101010101010101,0.019230769230769232,0.07339449541284405,0.16806722689075632,0.29021091941578697,best,RGB+HSV+LAB,cosine,zscore
182,182.jpg,beach,0.0,0.2,0.1,0.0,0.020202020202020204,0.020202020202020204,0.0,0.03669724770642203,0.033613445378151266,0.11020787545909788,best,RGB+HSV+LAB,cosine,zscore
183,183.jpg,beach,1.0,0.8,0.5,0.050505050505050504,0.08080808080808081,0.10101010101010101,0.09615384615384615,0.1467889908256881,0.16806722689075632,0.34800131101386933,best,RGB+HSV+LAB,cosine,zscore
184,184.jpg,beach,1.0,0.9,0.7,0.050505050505050504,0.09090909090909091,0.1414141414141414,0.09615384615384615,0.16513761467889906,0.2352941176470588,0.458788897863137,best,RGB+HSV+LAB,cosine,zscore
185,185.jpg,beach,0.8,0.6,0.55,0.04040404040404041,0.06060606060606061,0.1111111111111111,0.07692307692307693,0.11009174311926605,0.18487394957983191,0.2748909356996581,best,RGB+HSV+LAB,cosine,zscore
186,186.jpg,beach,0.8,0.8,0.75,0.04040404040404041,0.08080808080808081,0.15151515151515152,0.07692307692307693,0.1467889908256881,0.2521008403361345,0.49126519785607076,best,RGB+HSV+LAB,cosine,zscore
187,187.jpg,beach,1.0,0.7,0.5,0.050505050505050504,0.0707070707070707,0.10101010101010101,0.09615384615384615,0.12844036697247704,0.16806722689075632,0.3871608100821355,best,RGB+HSV+LAB,cosine,zscore
188,188.jpg,beach,0.2,0.3,0.35,0.010101010101010102,0.030303030303030304,0.0707070707070707,0.019230769230769232,0.055045871559633024,0.1176470588235294,0.19172206738399564,best,RGB+HSV+LAB,cosine,zscore
189,189.jpg,beach,0.2,0.4,0.25,0.010101010101010102,0.04040404040404041,0.050505050505050504,0.019230769230769232,0.07339449541284405,0.08403361344537816,0.1261043847185414,best,RGB+HSV+LAB,cosine,zscore
190,190.jpg,beach,0.0,0.0,0.0,0.0,0.0,0.0,0.0,0.0,0.0,0.07402521176750877,best,RGB+HSV+LAB,cosine,zscore
191,191.jpg,beach,1.0,0.9,0.9,0.050505050505050504,0.09090909090909091,0.18181818181818182,0.09615384615384615,0.16513761467889906,0.3025210084033613,0.4894336726386979,best,RGB+HSV+LAB,cosine,zscore
192,192.jpg,beach,0.8,0.6,0.7,0.04040404040404041,0.06060606060606061,0.1414141414141414,0.07692307692307693,0.11009174311926605,0.2352941176470588,0.39312622763741023,best,RGB+HSV+LAB,cosine,zscore
193,193.jpg,beach,0.4,0.2,0.15,0.020202020202020204,0.020202020202020204,0.030303030303030304,0.038461538461538464,0.03669724770642203,0.05042016806722689,0.11383073663092891,best,RGB+HSV+LAB,cosine,zscore
194,194.jpg,beach,0.6,0.6,0.65,0.030303030303030304,0.06060606060606061,0.13131313131313133,0.057692307692307696,0.11009174311926605,0.2184873949579832,0.46354658908077456,best,RGB+HSV+LAB,cosine,zscore
195,195.jpg,beach,0.8,0.8,0.75,0.04040404040404041,0.08080808080808081,0.15151515151515152,0.07692307692307693,0.1467889908256881,0.2521008403361345,0.40871421754517057,best,RGB+HSV+LAB,cosine,zscore
196,196.jpg,beach,0.2,0.2,0.1,0.010101010101010102,0.020202020202020204,0.020202020202020204,0.019230769230769232,0.03669724770642203,0.033613445378151266,0.08408521677585858,best,RGB+HSV+LAB,cosine,zscore
197,197.jpg,beach,1.0,1.0,0.75,0.050505050505050504,0.10101010101010101,0.15151515151515152,0.09615384615384615,0.1834862385321101,0.2521008403361345,0.46505551256643535,best,RGB+HSV+LAB,cosine,zscore
198,198.jpg,beach,0.8,0.7,0.55,0.04040404040404041,0.0707070707070707,0.1111111111111111,0.07692307692307693,0.12844036697247704,0.18487394957983191,0.2572170106535945,best,RGB+HSV+LAB,cosine,zscore
199,199.jpg,beach,0.8,0.4,0.45,0.04040404040404041,0.04040404040404041,0.09090909090909091,0.07692307692307693,0.07339449541284405,0.15126050420168066,0.2581439097387386,best,RGB+HSV+LAB,cosine,zscore
200,200.jpg,buildings,0.0,0.1,0.15,0.0,0.010101010101010102,0.030303030303030304,0.0,0.018348623853211014,0.05042016806722689,0.1665925971420572,best,RGB+HSV+LAB,cosine,zscore
201,201.jpg,buildings,1.0,0.7,0.6,0.050505050505050504,0.0707070707070707,0.12121212121212122,0.09615384615384615,0.12844036697247704,0.20168067226890757,0.29769209850261114,best,RGB+HSV+LAB,cosine,zscore
202,202.jpg,buildings,0.8,0.8,0.55,0.04040404040404041,0.08080808080808081,0.1111111111111111,0.07692307692307693,0.1467889908256881,0.18487394957983191,0.2300451295982161,best,RGB+HSV+LAB,cosine,zscore
203,203.jpg,buildings,0.8,0.8,0.7,0.04040404040404041,0.08080808080808081,0.1414141414141414,0.07692307692307693,0.1467889908256881,0.2352941176470588,0.4142806588245288,best,RGB+HSV+LAB,cosine,zscore
204,204.jpg,buildings,1.0,0.7,0.6,0.050505050505050504,0.0707070707070707,0.12121212121212122,0.09615384615384615,0.12844036697247704,0.20168067226890757,0.31177225520265134,best,RGB+HSV+LAB,cosine,zscore
205,205.jpg,buildings,1.0,0.7,0.4,0.050505050505050504,0.0707070707070707,0.08080808080808081,0.09615384615384615,0.12844036697247704,0.13445378151260506,0.20707123828420193,best,RGB+HSV+LAB,cosine,zscore
206,206.jpg,buildings,0.8,0.8,0.75,0.04040404040404041,0.08080808080808081,0.15151515151515152,0.07692307692307693,0.1467889908256881,0.2521008403361345,0.4069172102342337,best,RGB+HSV+LAB,cosine,zscore
207,207.jpg,buildings,0.6,0.6,0.4,0.030303030303030304,0.06060606060606061,0.08080808080808081,0.057692307692307696,0.11009174311926605,0.13445378151260506,0.22614988374271455,best,RGB+HSV+LAB,cosine,zscore
208,208.jpg,buildings,1.0,0.6,0.6,0.050505050505050504,0.06060606060606061,0.12121212121212122,0.09615384615384615,0.11009174311926605,0.20168067226890757,0.2729369349365567,best,RGB+HSV+LAB,cosine,zscore
209,209.jpg,buildings,0.6,0.4,0.4,0.030303030303030304,0.04040404040404041,0.08080808080808081,0.057692307692307696,0.07339449541284405,0.13445378151260506,0.1920990664722572,best,RGB+HSV+LAB,cosine,zscore
210,210.jpg,buildings,0.6,0.7,0.55,0.030303030303030304,0.0707070707070707,0.1111111111111111,0.057692307692307696,0.12844036697247704,0.18487394957983191,0.23649397199871325,best,RGB+HSV+LAB,cosine,zscore
211,211.jpg,buildings,0.6,0.7,0.45,0.030303030303030304,0.0707070707070707,0.09090909090909091,0.057692307692307696,0.12844036697247704,0.15126050420168066,0.3027161942094139,best,RGB+HSV+LAB,cosine,zscore
212,212.jpg,buildings,0.4,0.5,0.45,0.020202020202020204,0.050505050505050504,0.09090909090909091,0.038461538461538464,0.09174311926605505,0.15126050420168066,0.23392251478929207,best,RGB+HSV+LAB,cosine,zscore
213,213.jpg,buildings,0.2,0.3,0.15,0.010101010101010102,0.030303030303030304,0.030303030303030304,0.019230769230769232,0.055045871559633024,0.05042016806722689,0.10423472587871897,best,RGB+HSV+LAB,cosine,zscore
214,214.jpg,buildings,0.8,0.6,0.4,0.04040404040404041,0.06060606060606061,0.08080808080808081,0.07692307692307693,0.11009174311926605,0.13445378151260506,0.1848003710086446,best,RGB+HSV+LAB,cosine,zscore
215,215.jpg,buildings,0.8,0.8,0.7,0.04040404040404041,0.08080808080808081,0.1414141414141414,0.07692307692307693,0.1467889908256881,0.2352941176470588,0.3352257006270334,best,RGB+HSV+LAB,cosine,zscore
216,216.jpg,buildings,0.6,0.6,0.5,0.030303030303030304,0.06060606060606061,0.10101010101010101,0.057692307692307696,0.11009174311926605,0.16806722689075632,0.2519683455763883,best,RGB+HSV+LAB,cosine,zscore
217,217.jpg,buildings,0.6,0.5,0.55,0.030303030303030304,0.050505050505050504,0.1111111111111111,0.057692307692307696,0.09174311926605505,0.18487394957983191,0.32847020187424575,best,RGB+HSV+LAB,cosine,zscore
218,218.jpg,buildings,0.0,0.0,0.0,0.0,0.0,0.0,0.0,0.0,0.0,0.10729415975113869,best,RGB+HSV+LAB,cosine,zscore
219,219.jpg,buildings,0.8,0.5,0.55,0.04040404040404041,0.050505050505050504,0.1111111111111111,0.07692307692307693,0.09174311926605505,0.18487394957983191,0.2785690948301715,best,RGB+HSV+LAB,cosine,zscore
220,220.jpg,buildings,1.0,0.6,0.3,0.050505050505050504,0.06060606060606061,0.06060606060606061,0.09615384615384615,0.11009174311926605,0.10084033613445378,0.1575949883520953,best,RGB+HSV+LAB,cosine,zscore
221,221.jpg,buildings,0.4,0.4,0.3,0.020202020202020204,0.04040404040404041,0.06060606060606061,0.038461538461538464,0.07339449541284405,0.10084033613445378,0.16426072715050405,best,RGB+HSV+LAB,cosine,zscore
222,222.jpg,buildings,0.6,0.5,0.55,0.030303030303030304,0.050505050505050504,0.1111111111111111,0.057692307692307696,0.09174311926605505,0.18487394957983191,0.34113650924120786,best,RGB+HSV+LAB,cosine,zscore
223,223.jpg,buildings,0.6,0.4,0.45,0.030303030303030304,0.04040404040404041,0.09090909090909091,0.057692307692307696,0.07339449541284405,0.15126050420168066,0.1940187812772655,best,RGB+HSV+LAB,cosine,zscore
224,224.jpg,buildings,0.8,0.6,0.4,0.04040404040404041,0.06060606060606061,0.08080808080808081,0.07692307692307693,0.11009174311926605,0.13445378151260506,0.18612937670940216,best,RGB+HSV+LAB,cosine,zscore
225,225.jpg,buildings,0.4,0.5,0.5,0.020202020202020204,0.050505050505050504,0.10101010101010101,0.038461538461538464,0.09174311926605505,0.16806722689075632,0.22026572290157528,best,RGB+HSV+LAB,cosine,zscore
226,226.jpg,buildings,0.4,0.3,0.35,0.020202020202020204,0.030303030303030304,0.0707070707070707,0.038461538461538464,0.055045871559633024,0.1176470588235294,0.2161003173414452,best,RGB+HSV+LAB,cosine,zscore
227,227.jpg,buildings,0.6,0.5,0.4,0.030303030303030304,0.050505050505050504,0.08080808080808081,0.057692307692307696,0.09174311926605505,0.13445378151260506,0.2526407848839807,best,RGB+HSV+LAB,cosine,zscore
228,228.jpg,buildings,0.2,0.1,0.2,0.010101010101010102,0.010101010101010102,0.04040404040404041,0.019230769230769232,0.018348623853211014,0.06722689075630253,0.1971770068426001,best,RGB+HSV+LAB,cosine,zscore
229,229.jpg,buildings,0.6,0.6,0.6,0.030303030303030304,0.06060606060606061,0.12121212121212122,0.057692307692307696,0.11009174311926605,0.20168067226890757,0.3325228339560347,best,RGB+HSV+LAB,cosine,zscore
230,230.jpg,buildings,1.0,0.8,0.75,0.050505050505050504,0.08080808080808081,0.15151515151515152,0.09615384615384615,0.1467889908256881,0.2521008403361345,0.40767205941096674,best,RGB+HSV+LAB,cosine,zscore
231,231.jpg,buildings,0.4,0.4,0.3,0.020202020202020204,0.04040404040404041,0.06060606060606061,0.038461538461538464,0.07339449541284405,0.10084033613445378,0.18189307496402393,best,RGB+HSV+LAB,cosine,zscore
232,232.jpg,buildings,0.0,0.0,0.1,0.0,0.0,0.020202020202020204,0.0,0.0,0.033613445378151266,0.20634142205060366,best,RGB+HSV+LAB,cosine,zscore
233,233.jpg,buildings,0.8,0.8,0.55,0.04040404040404041,0.08080808080808081,0.1111111111111111,0.07692307692307693,0.1467889908256881,0.18487394957983191,0.26914215451697,best,RGB+HSV+LAB,cosine,zscore
234,234.jpg,buildings,0.0,0.2,0.1,0.0,0.020202020202020204,0.020202020202020204,0.0,0.03669724770642203,0.033613445378151266,0.0849202237630201,best,RGB+HSV+LAB,cosine,zscore
235,235.jpg,buildings,0.0,0.2,0.25,0.0,0.020202020202020204,0.050505050505050504,0.0,0.03669724770642203,0.08403361344537816,0.174670977332337,best,RGB+HSV+LAB,cosine,zscore
236,236.jpg,buildings,0.4,0.3,0.15,0.020202020202020204,0.030303030303030304,0.030303030303030304,0.038461538461538464,0.055045871559633024,0.05042016806722689,0.14091340825649465,best,RGB+HSV+LAB,cosine,zscore
237,237.jpg,buildings,0.6,0.4,0.25,0.030303030303030304,0.04040404040404041,0.050505050505050504,0.057692307692307696,0.07339449541284405,0.08403361344537816,0.17548429378782737,best,RGB+HSV+LAB,cosine,zscore
238,238.jpg,buildings,0.4,0.5,0.3,0.020202020202020204,0.050505050505050504,0.06060606060606061,0.038461538461538464,0.09174311926605505,0.10084033613445378,0.22314397143910691,best,RGB+HSV+LAB,cosine,zscore
239,239.jpg,buildings,0.6,0.7,0.6,0.030303030303030304,0.0707070707070707,0.12121212121212122,0.057692307692307696,0.12844036697247704,0.20168067226890757,0.2351555833137819,best,RGB+HSV+LAB,cosine,zscore
240,240.jpg,buildings,0.8,0.6,0.5,0.04040404040404041,0.06060606060606061,0.10101010101010101,0.07692307692307693,0.11009174311926605,0.16806722689075632,0.23902946610582487,best,RGB+HSV+LAB,cosine,zscore
241,241.jpg,buildings,1.0,1.0,0.8,0.050505050505050504,0.10101010101010101,0.16161616161616163,0.09615384615384615,0.1834862385321101,0.26890756302521013,0.3451028421914218,best,RGB+HSV+LAB,cosine,zscore
242,242.jpg,buildings,0.8,0.6,0.35,0.04040404040404041,0.06060606060606061,0.0707070707070707,0.07692307692307693,0.11009174311926605,0.1176470588235294,0.1671823177320995,best,RGB+HSV+LAB,cosine,zscore
243,243.jpg,buildings,0.8,0.7,0.6,0.04040404040404041,0.0707070707070707,0.12121212121212122,0.07692307692307693,0.12844036697247704,0.20168067226890757,0.37073556270966473,best,RGB+HSV+LAB,cosine,zscore
244,244.jpg,buildings,0.8,0.5,0.45,0.04040404040404041,0.050505050505050504,0.09090909090909091,0.07692307692307693,0.09174311926605505,0.15126050420168066,0.3161774137538111,best,RGB+HSV+LAB,cosine,zscore
245,245.jpg,buildings,0.2,0.2,0.2,0.010101010101010102,0.020202020202020204,0.04040404040404041,0.019230769230769232,0.03669724770642203,0.06722689075630253,0.10312378050976288,best,RGB+HSV+LAB,cosine,zscore
246,246.jpg,buildings,0.0,0.0,0.15,0.0,0.0,0.030303030303030304,0.0,0.0,0.05042016806722689,0.11216983202683403,best,RGB+HSV+LAB,cosine,zscore
247,247.jpg,buildings,0.8,0.6,0.5,0.04040404040404041,0.06060606060606061,0.10101010101010101,0.07692307692307693,0.11009174311926605,0.16806722689075632,0.2384895117904655,best,RGB+HSV+LAB,cosine,zscore
248,248.jpg,buildings,0.8,0.8,0.7,0.04040404040404041,0.08080808080808081,0.1414141414141414,0.07692307692307693,0.1467889908256881,0.2352941176470588,0.29703318576035076,best,RGB+HSV+LAB,cosine,zscore
249,249.jpg,buildings,0.2,0.1,0.05,0.010101010101010102,0.010101010101010102,0.010101010101010102,0.019230769230769232,0.018348623853211014,0.016806722689075633,0.09083323490819319,best,RGB+HSV+LAB,cosine,zscore
250,250.jpg,buildings,0.6,0.6,0.45,0.030303030303030304,0.06060606060606061,0.09090909090909091,0.057692307692307696,0.11009174311926605,0.15126050420168066,0.2110250919499378,best,RGB+HSV+LAB,cosine,zscore
251,251.jpg,buildings,0.6,0.4,0.3,0.030303030303030304,0.04040404040404041,0.06060606060606061,0.057692307692307696,0.07339449541284405,0.10084033613445378,0.268634671927996,best,RGB+HSV+LAB,cosine,zscore
252,252.jpg,buildings,0.8,0.7,0.65,0.04040404040404041,0.0707070707070707,0.13131313131313133,0.07692307692307693,0.12844036697247704,0.2184873949579832,0.26506998140376953,best,RGB+HSV+LAB,cosine,zscore
253,253.jpg,buildings,0.2,0.3,0.35,0.010101010101010102,0.030303030303030304,0.0707070707070707,0.019230769230769232,0.055045871559633024,0.1176470588235294,0.19515454342060132,best,RGB+HSV+LAB,cosine,zscore
254,254.jpg,buildings,0.8,0.8,0.55,0.04040404040404041,0.08080808080808081,0.1111111111111111,0.07692307692307693,0.1467889908256881,0.18487394957983191,0.28224819799960016,best,RGB+HSV+LAB,cosine,zscore
255,255.jpg,buildings,0.6,0.3,0.2,0.030303030303030304,0.030303030303030304,0.04040404040404041,0.057692307692307696,0.055045871559633024,0.06722689075630253,0.15532587110073864,best,RGB+HSV+LAB,cosine,zscore
256,256.jpg,buildings,0.4,0.5,0.45,0.020202020202020204,0.050505050505050504,0.09090909090909091,0.038461538461538464,0.09174311926605505,0.15126050420168066,0.20803306962170176,best,RGB+HSV+LAB,cosine,zscore
257,257.jpg,buildings,0.2,0.1,0.1,0.010101010101010102,0.010101010101010102,0.020202020202020204,0.019230769230769232,0.018348623853211014,0.033613445378151266,0.11964012665068213,best,RGB+HSV+LAB,cosine,zscore
258,258.jpg,buildings,0.0,0.0,0.1,0.0,0.0,0.020202020202020204,0.0,0.0,0.033613445378151266,0.12193189916838833,best,RGB+HSV+LAB,cosine,zscore
259,259.jpg,buildings,0.6,0.7,0.55,0.030303030303030304,0.0707070707070707,0.1111111111111111,0.057692307692307696,0.12844036697247704,0.18487394957983191,0.25562290859505393,best,RGB+HSV+LAB,cosine,zscore
260,260.jpg,buildings,0.6,0.5,0.4,0.030303030303030304,0.050505050505050504,0.08080808080808081,0.057692307692307696,0.09174311926605505,0.13445378151260506,0.1805122940562667,best,RGB+HSV+LAB,cosine,zscore
261,261.jpg,buildings,0.4,0.3,0.4,0.020202020202020204,0.030303030303030304,0.08080808080808081,0.038461538461538464,0.055045871559633024,0.13445378151260506,0.24517805175803012,best,RGB+HSV+LAB,cosine,zscore
262,262.jpg,buildings,0.8,0.7,0.65,0.04040404040404041,0.0707070707070707,0.13131313131313133,0.07692307692307693,0.12844036697247704,0.2184873949579832,0.27334937126339504,best,RGB+HSV+LAB,cosine,zscore
263,263.jpg,buildings,0.0,0.2,0.25,0.0,0.020202020202020204,0.050505050505050504,0.0,0.03669724770642203,0.08403361344537816,0.1762683723619321,best,RGB+HSV+LAB,cosine,zscore
264,264.jpg,buildings,0.8,0.5,0.3,0.04040404040404041,0.050505050505050504,0.06060606060606061,0.07692307692307693,0.09174311926605505,0.10084033613445378,0.1682388001621987,best,RGB+HSV+LAB,cosine,zscore
265,265.jpg,buildings,0.6,0.6,0.45,0.030303030303030304,0.06060606060606061,0.09090909090909091,0.057692307692307696,0.11009174311926605,0.15126050420168066,0.2146498281800548,best,RGB+HSV+LAB,cosine,zscore
266,266.jpg,buildings,0.8,0.5,0.3,0.04040404040404041,0.050505050505050504,0.06060606060606061,0.07692307692307693,0.09174311926605505,0.10084033613445378,0.18327144077735957,best,RGB+HSV+LAB,cosine,zscore
267,267.jpg,buildings,0.6,0.3,0.15,0.030303030303030304,0.030303030303030304,0.030303030303030304,0.057692307692307696,0.055045871559633024,0.05042016806722689,0.16022878751733607,best,RGB+HSV+LAB,cosine,zscore
268,268.jpg,buildings,0.4,0.3,0.3,0.020202020202020204,0.030303030303030304,0.06060606060606061,0.038461538461538464,0.055045871559633024,0.10084033613445378,0.15050387963396772,best,RGB+HSV+LAB,cosine,zscore
269,269.jpg,buildings,0.8,0.6,0.45,0.04040404040404041,0.06060606060606061,0.09090909090909091,0.07692307692307693,0.11009174311926605,0.15126050420168066,0.2327467260502699,best,RGB+HSV+LAB,cosine,zscore
270,270.jpg,buildings,0.8,0.9,0.75,0.04040404040404041,0.09090909090909091,0.15151515151515152,0.07692307692307693,0.16513761467889906,0.2521008403361345,0.284391986522286,best,RGB+HSV+LAB,cosine,zscore
271,271.jpg,buildings,0.2,0.2,0.15,0.010101010101010102,0.020202020202020204,0.030303030303030304,0.019230769230769232,0.03669724770642203,0.05042016806722689,0.12016518841961854,best,RGB+HSV+LAB,cosine,zscore
272,272.jpg,buildings,1.0,1.0,0.75,0.050505050505050504,0.10101010101010101,0.15151515151515152,0.09615384615384615,0.1834862385321101,0.2521008403361345,0.3864997454508032,best,RGB+HSV+LAB,cosine,zscore
273,273.jpg,buildings,0.2,0.2,0.35,0.010101010101010102,0.020202020202020204,0.0707070707070707,0.019230769230769232,0.03669724770642203,0.1176470588235294,0.14804161197438281,best,RGB+HSV+LAB,cosine,zscore
274,274.jpg,buildings,0.4,0.3,0.4,0.020202020202020204,0.030303030303030304,0.08080808080808081,0.038461538461538464,0.055045871559633024,0.13445378151260506,0.16715965084374748,best,RGB+HSV+LAB,cosine,zscore
275,275.jpg,buildings,1.0,0.8,0.5,0.050505050505050504,0.08080808080808081,0.10101010101010101,0.09615384615384615,0.1467889908256881,0.16806722689075632,0.3017100690584689,best,RGB+HSV+LAB,cosine,zscore
276,276.jpg,buildings,0.2,0.3,0.35,0.010101010101010102,0.030303030303030304,0.0707070707070707,0.019230769230769232,0.055045871559633024,0.1176470588235294,0.1767056906208126,best,RGB+HSV+LAB,cosine,zscore
277,277.jpg,buildings,0.2,0.2,0.2,0.010101010101010102,0.020202020202020204,0.04040404040404041,0.019230769230769232,0.03669724770642203,0.06722689075630253,0.12522849419372906,best,RGB+HSV+LAB,cosine,zscore
278,278.jpg,buildings,1.0,1.0,0.75,0.050505050505050504,0.10101010101010101,0.15151515151515152,0.09615384615384615,0.1834862385321101,0.2521008403361345,0.34138450446502533,best,RGB+HSV+LAB,cosine,zscore
279,279.jpg,buildings,0.4,0.7,0.75,0.020202020202020204,0.0707070707070707,0.15151515151515152,0.038461538461538464,0.12844036697247704,0.2521008403361345,0.3922192602454623,best,RGB+HSV+LAB,cosine,zscore
280,280.jpg,buildings,1.0,0.8,0.7,0.050505050505050504,0.08080808080808081,0.1414141414141414,0.09615384615384615,0.1467889908256881,0.2352941176470588,0.3295493061391536,best,RGB+HSV+LAB,cosine,zscore
281,281.jpg,buildings,0.4,0.7,0.75,0.020202020202020204,0.0707070707070707,0.15151515151515152,0.038461538461538464,0.12844036697247704,0.2521008403361345,0.32274423330208724,best,RGB+HSV+LAB,cosine,zscore
282,282.jpg,buildings,0.2,0.4,0.35,0.010101010101010102,0.04040404040404041,0.0707070707070707,0.019230769230769232,0.07339449541284405,0.1176470588235294,0.19254021626327794,best,RGB+HSV+LAB,cosine,zscore
283,283.jpg,buildings,0.8,0.6,0.55,0.04040404040404041,0.06060606060606061,0.1111111111111111,0.07692307692307693,0.11009174311926605,0.18487394957983191,0.25581904387392523,best,RGB+HSV+LAB,cosine,zscore
284,284.jpg,buildings,0.2,0.3,0.35,0.010101010101010102,0.030303030303030304,0.0707070707070707,0.019230769230769232,0.055045871559633024,0.1176470588235294,0.23300200192254297,best,RGB+HSV+LAB,cosine,zscore
285,285.jpg,buildings,0.6,0.3,0.25,0.030303030303030304,0.030303030303030304,0.050505050505050504,0.057692307692307696,0.055045871559633024,0.08403361344537816,0.17959748848125826,best,RGB+HSV+LAB,cosine,zscore
286,286.jpg,buildings,0.4,0.5,0.5,0.020202020202020204,0.050505050505050504,0.10101010101010101,0.038461538461538464,0.09174311926605505,0.16806722689075632,0.2070495674158149,best,RGB+HSV+LAB,cosine,zscore
287,287.jpg,buildings,0.6,0.7,0.6,0.030303030303030304,0.0707070707070707,0.12121212121212122,0.057692307692307696,0.12844036697247704,0.20168067226890757,0.3885456906248043,best,RGB+HSV+LAB,cosine,zscore
288,288.jpg,buildings,0.4,0.5,0.55,0.020202020202020204,0.050505050505050504,0.1111111111111111,0.038461538461538464,0.09174311926605505,0.18487394957983191,0.24062932642370782,best,RGB+HSV+LAB,cosine,zscore
289,289.jpg,buildings,1.0,0.9,0.65,0.050505050505050504,0.09090909090909091,0.13131313131313133,0.09615384615384615,0.16513761467889906,0.2184873949579832,0.3174962495431745,best,RGB+HSV+LAB,cosine,zscore
290,290.jpg,buildings,0.8,0.8,0.5,0.04040404040404041,0.08080808080808081,0.10101010101010101,0.07692307692307693,0.1467889908256881,0.16806722689075632,0.2990595389839467,best,RGB+HSV+LAB,cosine,zscore
291,291.jpg,buildings,0.6,0.3,0.2,0.030303030303030304,0.030303030303030304,0.04040404040404041,0.057692307692307696,0.055045871559633024,0.06722689075630253,0.11705364709382128,best,RGB+HSV+LAB,cosine,zscore
292,292.jpg,buildings,0.2,0.3,0.25,0.010101010101010102,0.030303030303030304,0.050505050505050504,0.019230769230769232,0.055045871559633024,0.08403361344537816,0.15040531054290465,best,RGB+HSV+LAB,cosine,zscore
293,293.jpg,buildings,1.0,0.8,0.55,0.050505050505050504,0.08080808080808081,0.1111111111111111,0.09615384615384615,0.1467889908256881,0.18487394957983191,0.25396580203450964,best,RGB+HSV+LAB,cosine,zscore
294,294.jpg,buildings,1.0,0.7,0.55,0.050505050505050504,0.0707070707070707,0.1111111111111111,0.09615384615384615,0.12844036697247704,0.18487394957983191,0.24307679476005728,best,RGB+HSV+LAB,cosine,zscore
295,295.jpg,buildings,0.0,0.1,0.2,0.0,0.010101010101010102,0.04040404040404041,0.0,0.018348623853211014,0.06722689075630253,0.13013651730926568,best,RGB+HSV+LAB,cosine,zscore
296,296.jpg,buildings,0.2,0.2,0.15,0.010101010101010102,0.020202020202020204,0.030303030303030304,0.019230769230769232,0.03669724770642203,0.05042016806722689,0.09516413302755367,best,RGB+HSV+LAB,cosine,zscore
297,297.jpg,buildings,0.6,0.5,0.5,0.030303030303030304,0.050505050505050504,0.10101010101010101,0.057692307692307696,0.09174311926605505,0.16806722689075632,0.2138415766501505,best,RGB+HSV+LAB,cosine,zscore
298,298.jpg,buildings,1.0,0.8,0.75,0.050505050505050504,0.08080808080808081,0.15151515151515152,0.09615384615384615,0.1467889908256881,0.2521008403361345,0.29744047923916284,best,RGB+HSV+LAB,cosine,zscore
299,299.jpg,buildings,0.4,0.5,0.35,0.020202020202020204,0.050505050505050504,0.0707070707070707,0.038461538461538464,0.09174311926605505,0.1176470588235294,0.18517850345954642,best,RGB+HSV+LAB,cosine,zscore
300,300.jpg,buses,1.0,1.0,0.9,0.050505050505050504,0.10101010101010101,0.18181818181818182,0.09615384615384615,0.1834862385321101,0.3025210084033613,0.5642750412388834,best,RGB+HSV+LAB,cosine,zscore
301,301.jpg,buses,1.0,1.0,1.0,0.050505050505050504,0.10101010101010101,0.20202020202020202,0.09615384615384615,0.1834862385321101,0.33613445378151263,0.6936533921548425,best,RGB+HSV+LAB,cosine,zscore
302,302.jpg,buses,1.0,1.0,0.9,0.050505050505050504,0.10101010101010101,0.18181818181818182,0.09615384615384615,0.1834862385321101,0.3025210084033613,0.7425304427167846,best,RGB+HSV+LAB,cosine,zscore
303,303.jpg,buses,0.8,0.6,0.5,0.04040404040404041,0.06060606060606061,0.10101010101010101,0.07692307692307693,0.11009174311926605,0.16806722689075632,0.3819332174944984,best,RGB+HSV+LAB,cosine,zscore
304,304.jpg,buses,1.0,1.0,1.0,0.050505050505050504,0.10101010101010101,0.20202020202020202,0.09615384615384615,0.1834862385321101,0.33613445378151263,0.8287202746498125,best,RGB+HSV+LAB,cosine,zscore
305,305.jpg,buses,0.6,0.7,0.55,0.030303030303030304,0.0707070707070707,0.1111111111111111,0.057692307692307696,0.12844036697247704,0.18487394957983191,0.38249285660380133,best,RGB+HSV+LAB,cosine,zscore
306,306.jpg,buses,1.0,1.0,1.0,0.050505050505050504,0.10101010101010101,0.20202020202020202,0.09615384615384615,0.1834862385321101,0.33613445378151263,0.8088743132809222,best,RGB+HSV+LAB,cosine,zscore
307,307.jpg,buses,1.0,1.0,1.0,0.050505050505050504,0.10101010101010101,0.20202020202020202,0.09615384615384615,0.1834862385321101,0.33613445378151263,0.6230606356849286,best,RGB+HSV+LAB,cosine,zscore
308,308.jpg,buses,1.0,1.0,1.0,0.050505050505050504,0.10101010101010101,0.20202020202020202,0.09615384615384615,0.1834862385321101,0.33613445378151263,0.8361296608511938,best,RGB+HSV+LAB,cosine,zscore
309,309.jpg,buses,0.4,0.5,0.4,0.020202020202020204,0.050505050505050504,0.08080808080808081,0.038461538461538464,0.09174311926605505,0.13445378151260506,0.34640008156673147,best,RGB+HSV+LAB,cosine,zscore
310,310.jpg,buses,1.0,1.0,1.0,0.050505050505050504,0.10101010101010101,0.20202020202020202,0.09615384615384615,0.1834862385321101,0.33613445378151263,0.8529869375192393,best,RGB+HSV+LAB,cosine,zscore
311,311.jpg,buses,1.0,1.0,1.0,0.050505050505050504,0.10101010101010101,0.20202020202020202,0.09615384615384615,0.1834862385321101,0.33613445378151263,0.7036934038717307,best,RGB+HSV+LAB,cosine,zscore
312,312.jpg,buses,0.4,0.6,0.6,0.020202020202020204,0.06060606060606061,0.12121212121212122,0.038461538461538464,0.11009174311926605,0.20168067226890757,0.43790505145559444,best,RGB+HSV+LAB,cosine,zscore
313,313.jpg,buses,1.0,1.0,1.0,0.050505050505050504,0.10101010101010101,0.20202020202020202,0.09615384615384615,0.1834862385321101,0.33613445378151263,0.8325899244621096,best,RGB+HSV+LAB,cosine,zscore
314,314.jpg,buses,0.8,0.7,0.6,0.04040404040404041,0.0707070707070707,0.12121212121212122,0.07692307692307693,0.12844036697247704,0.20168067226890757,0.4067376165364028,best,RGB+HSV+LAB,cosine,zscore
315,315.jpg,buses,1.0,1.0,1.0,0.050505050505050504,0.10101010101010101,0.20202020202020202,0.09615384615384615,0.1834862385321101,0.33613445378151263,0.7178509984717882,best,RGB+HSV+LAB,cosine,zscore
316,316.jpg,buses,1.0,1.0,1.0,0.050505050505050504,0.10101010101010101,0.20202020202020202,0.09615384615384615,0.1834862385321101,0.33613445378151263,0.7997449623884365,best,RGB+HSV+LAB,cosine,zscore
317,317.jpg,buses,0.6,0.4,0.4,0.030303030303030304,0.04040404040404041,0.08080808080808081,0.057692307692307696,0.07339449541284405,0.13445378151260506,0.37238401624936424,best,RGB+HSV+LAB,cosine,zscore
318,318.jpg,buses,0.8,0.9,0.95,0.04040404040404041,0.09090909090909091,0.1919191919191919,0.07692307692307693,0.16513761467889906,0.319327731092437,0.692246763898665,best,RGB+HSV+LAB,cosine,zscore
319,319.jpg,buses,0.8,0.4,0.45,0.04040404040404041,0.04040404040404041,0.09090909090909091,0.07692307692307693,0.07339449541284405,0.15126050420168066,0.2784732935139155,best,RGB+HSV+LAB,cosine,zscore
320,320.jpg,buses,1.0,1.0,1.0,0.050505050505050504,0.10101010101010101,0.20202020202020202,0.09615384615384615,0.1834862385321101,0.33613445378151263,0.7951307085752118,best,RGB+HSV+LAB,cosine,zscore
321,321.jpg,buses,0.8,0.8,0.65,0.04040404040404041,0.08080808080808081,0.13131313131313133,0.07692307692307693,0.1467889908256881,0.2184873949579832,0.4857174831468583,best,RGB+HSV+LAB,cosine,zscore
322,322.jpg,buses,0.8,0.9,0.85,0.04040404040404041,0.09090909090909091,0.1717171717171717,0.07692307692307693,0.16513761467889906,0.2857142857142857,0.5645127998434,best,RGB+HSV+LAB,cosine,zscore
323,323.jpg,buses,0.6,0.5,0.5,0.030303030303030304,0.050505050505050504,0.10101010101010101,0.057692307692307696,0.09174311926605505,0.16806722689075632,0.4193593036259756,best,RGB+HSV+LAB,cosine,zscore
324,324.jpg,buses,0.6,0.6,0.6,0.030303030303030304,0.06060606060606061,0.12121212121212122,0.057692307692307696,0.11009174311926605,0.20168067226890757,0.41575482797888963,best,RGB+HSV+LAB,cosine,zscore
325,325.jpg,buses,1.0,1.0,0.9,0.050505050505050504,0.10101010101010101,0.18181818181818182,0.09615384615384615,0.1834862385321101,0.3025210084033613,0.7497421002417972,best,RGB+HSV+LAB,cosine,zscore
326,326.jpg,buses,0.8,0.5,0.35,0.04040404040404041,0.050505050505050504,0.0707070707070707,0.07692307692307693,0.09174311926605505,0.1176470588235294,0.3074549724134101,best,RGB+HSV+LAB,cosine,zscore
327,327.jpg,buses,0.6,0.7,0.7,0.030303030303030304,0.0707070707070707,0.1414141414141414,0.057692307692307696,0.12844036697247704,0.2352941176470588,0.516101956413442,best,RGB+HSV+LAB,cosine,zscore
328,328.jpg,buses,1.0,1.0,0.95,0.050505050505050504,0.10101010101010101,0.1919191919191919,0.09615384615384615,0.1834862385321101,0.319327731092437,0.7765130349911471,best,RGB+HSV+LAB,cosine,zscore
329,329.jpg,buses,0.2,0.2,0.35,0.010101010101010102,0.020202020202020204,0.0707070707070707,0.019230769230769232,0.03669724770642203,0.1176470588235294,0.23312810722102933,best,RGB+HSV+LAB,cosine,zscore
330,330.jpg,buses,1.0,1.0,1.0,0.050505050505050504,0.10101010101010101,0.20202020202020202,0.09615384615384615,0.1834862385321101,0.33613445378151263,0.7544057746148236,best,RGB+HSV+LAB,cosine,zscore
331,331.jpg,buses,1.0,1.0,1.0,0.050505050505050504,0.10101010101010101,0.20202020202020202,0.09615384615384615,0.1834862385321101,0.33613445378151263,0.7926651763123407,best,RGB+HSV+LAB,cosine,zscore
332,332.jpg,buses,1.0,1.0,1.0,0.050505050505050504,0.10101010101010101,0.20202020202020202,0.09615384615384615,0.1834862385321101,0.33613445378151263,0.6859984488338208,best,RGB+HSV+LAB,cosine,zscore
333,333.jpg,buses,0.4,0.4,0.4,0.020202020202020204,0.04040404040404041,0.08080808080808081,0.038461538461538464,0.07339449541284405,0.13445378151260506,0.34811156093223133,best,RGB+HSV+LAB,cosine,zscore
334,334.jpg,buses,1.0,1.0,1.0,0.050505050505050504,0.10101010101010101,0.20202020202020202,0.09615384615384615,0.1834862385321101,0.33613445378151263,0.8115443597603771,best,RGB+HSV+LAB,cosine,zscore
335,335.jpg,buses,0.8,0.9,0.9,0.04040404040404041,0.09090909090909091,0.18181818181818182,0.07692307692307693,0.16513761467889906,0.3025210084033613,0.7558237620936499,best,RGB+HSV+LAB,cosine,zscore
336,336.jpg,buses,0.8,0.7,0.55,0.04040404040404041,0.0707070707070707,0.1111111111111111,0.07692307692307693,0.12844036697247704,0.18487394957983191,0.38816314463916335,best,RGB+HSV+LAB,cosine,zscore
337,337.jpg,buses,0.0,0.2,0.35,0.0,0.020202020202020204,0.0707070707070707,0.0,0.03669724770642203,0.1176470588235294,0.238777112059468,best,RGB+HSV+LAB,cosine,zscore
338,338.jpg,buses,0.6,0.3,0.35,0.030303030303030304,0.030303030303030304,0.0707070707070707,0.057692307692307696,0.055045871559633024,0.1176470588235294,0.22963734137171793,best,RGB+HSV+LAB,cosine,zscore
339,339.jpg,buses,0.8,0.6,0.55,0.04040404040404041,0.06060606060606061,0.1111111111111111,0.07692307692307693,0.11009174311926605,0.18487394957983191,0.3606779210394009,best,RGB+HSV+LAB,cosine,zscore
340,340.jpg,buses,1.0,1.0,1.0,0.050505050505050504,0.10101010101010101,0.20202020202020202,0.09615384615384615,0.1834862385321101,0.33613445378151263,0.8205793800454954,best,RGB+HSV+LAB,cosine,zscore
341,341.jpg,buses,1.0,1.0,0.95,0.050505050505050504,0.10101010101010101,0.1919191919191919,0.09615384615384615,0.1834862385321101,0.319327731092437,0.7230864516719708,best,RGB+HSV+LAB,cosine,zscore
342,342.jpg,buses,0.2,0.1,0.2,0.010101010101010102,0.010101010101010102,0.04040404040404041,0.019230769230769232,0.018348623853211014,0.06722689075630253,0.23860960744564036,best,RGB+HSV+LAB,cosine,zscore
343,343.jpg,buses,0.4,0.5,0.4,0.020202020202020204,0.050505050505050504,0.08080808080808081,0.038461538461538464,0.09174311926605505,0.13445378151260506,0.26124526733522424,best,RGB+HSV+LAB,cosine,zscore
344,344.jpg,buses,1.0,0.8,0.6,0.050505050505050504,0.08080808080808081,0.12121212121212122,0.09615384615384615,0.1467889908256881,0.20168067226890757,0.38153672603930666,best,RGB+HSV+LAB,cosine,zscore
345,345.jpg,buses,0.4,0.4,0.45,0.020202020202020204,0.04040404040404041,0.09090909090909091,0.038461538461538464,0.07339449541284405,0.15126050420168066,0.326098457804389,best,RGB+HSV+LAB,cosine,zscore
346,346.jpg,buses,1.0,0.9,0.95,0.050505050505050504,0.09090909090909091,0.1919191919191919,0.09615384615384615,0.16513761467889906,0.319327731092437,0.7899898371166115,best,RGB+HSV+LAB,cosine,zscore
347,347.jpg,buses,1.0,0.8,0.55,0.050505050505050504,0.08080808080808081,0.1111111111111111,0.09615384615384615,0.1467889908256881,0.18487394957983191,0.4360916067033456,best,RGB+HSV+LAB,cosine,zscore
348,348.jpg,buses,0.6,0.7,0.55,0.030303030303030304,0.0707070707070707,0.1111111111111111,0.057692307692307696,0.12844036697247704,0.18487394957983191,0.3578522521392739,best,RGB+HSV+LAB,cosine,zscore
349,349.jpg,buses,0.8,0.7,0.7,0.04040404040404041,0.0707070707070707,0.1414141414141414,0.07692307692307693,0.12844036697247704,0.2352941176470588,0.47325391920185106,best,RGB+HSV+LAB,cosine,zscore
350,350.jpg,buses,0.4,0.4,0.45,0.020202020202020204,0.04040404040404041,0.09090909090909091,0.038461538461538464,0.07339449541284405,0.15126050420168066,0.2817191010582973,best,RGB+HSV+LAB,cosine,zscore
351,351.jpg,buses,1.0,0.9,0.85,0.050505050505050504,0.09090909090909091,0.1717171717171717,0.09615384615384615,0.16513761467889906,0.2857142857142857,0.602329432621853,best,RGB+HSV+LAB,cosine,zscore
352,352.jpg,buses,1.0,1.0,1.0,0.050505050505050504,0.10101010101010101,0.20202020202020202,0.09615384615384615,0.1834862385321101,0.33613445378151263,0.8109490667142961,best,RGB+HSV+LAB,cosine,zscore
353,353.jpg,buses,0.2,0.1,0.05,0.010101010101010102,0.010101010101010102,0.010101010101010102,0.019230769230769232,0.018348623853211014,0.016806722689075633,0.1334427374451052,best,RGB+HSV+LAB,cosine,zscore
354,354.jpg,buses,1.0,1.0,1.0,0.050505050505050504,0.10101010101010101,0.20202020202020202,0.09615384615384615,0.1834862385321101,0.33613445378151263,0.7314953036279687,best,RGB+HSV+LAB,cosine,zscore
355,355.jpg,buses,1.0,1.0,0.95,0.050505050505050504,0.10101010101010101,0.1919191919191919,0.09615384615384615,0.1834862385321101,0.319327731092437,0.7381033827911813,best,RGB+HSV+LAB,cosine,zscore
356,356.jpg,buses,0.2,0.1,0.15,0.010101010101010102,0.010101010101010102,0.030303030303030304,0.019230769230769232,0.018348623853211014,0.05042016806722689,0.24502458274012784,best,RGB+HSV+LAB,cosine,zscore
357,357.jpg,buses,1.0,1.0,0.95,0.050505050505050504,0.10101010101010101,0.1919191919191919,0.09615384615384615,0.1834862385321101,0.319327731092437,0.6259877580132337,best,RGB+HSV+LAB,cosine,zscore
358,358.jpg,buses,0.6,0.6,0.5,0.030303030303030304,0.06060606060606061,0.10101010101010101,0.057692307692307696,0.11009174311926605,0.16806722689075632,0.2808649193118845,best,RGB+HSV+LAB,cosine,zscore
359,359.jpg,buses,0.8,0.7,0.65,0.04040404040404041,0.0707070707070707,0.13131313131313133,0.07692307692307693,0.12844036697247704,0.2184873949579832,0.46314421586808435,best,RGB+HSV+LAB,cosine,zscore
360,360.jpg,buses,0.6,0.5,0.35,0.030303030303030304,0.050505050505050504,0.0707070707070707,0.057692307692307696,0.09174311926605505,0.1176470588235294,0.23467632134486047,best,RGB+HSV+LAB,cosine,zscore
361,361.jpg,buses,0.8,0.7,0.6,0.04040404040404041,0.0707070707070707,0.12121212121212122,0.07692307692307693,0.12844036697247704,0.20168067226890757,0.367647398257686,best,RGB+HSV+LAB,cosine,zscore
362,362.jpg,buses,0.6,0.6,0.55,0.030303030303030304,0.06060606060606061,0.1111111111111111,0.057692307692307696,0.11009174311926605,0.18487394957983191,0.4686054905380629,best,RGB+HSV+LAB,cosine,zscore
363,363.jpg,buses,0.4,0.3,0.2,0.020202020202020204,0.030303030303030304,0.04040404040404041,0.038461538461538464,0.055045871559633024,0.06722689075630253,0.19721370757044082,best,RGB+HSV+LAB,cosine,zscore
364,364.jpg,buses,1.0,1.0,1.0,0.050505050505050504,0.10101010101010101,0.20202020202020202,0.09615384615384615,0.1834862385321101,0.33613445378151263,0.766729715278057,best,RGB+HSV+LAB,cosine,zscore
365,365.jpg,buses,0.8,0.6,0.75,0.04040404040404041,0.06060606060606061,0.15151515151515152,0.07692307692307693,0.11009174311926605,0.2521008403361345,0.4364062877169535,best,RGB+HSV+LAB,cosine,zscore
366,366.jpg,buses,0.0,0.3,0.2,0.0,0.030303030303030304,0.04040404040404041,0.0,0.055045871559633024,0.06722689075630253,0.17565873445592226,best,RGB+HSV+LAB,cosine,zscore
367,367.jpg,buses,0.8,0.7,0.65,0.04040404040404041,0.0707070707070707,0.13131313131313133,0.07692307692307693,0.12844036697247704,0.2184873949579832,0.5899541531187478,best,RGB+HSV+LAB,cosine,zscore
368,368.jpg,buses,1.0,1.0,1.0,0.050505050505050504,0.10101010101010101,0.20202020202020202,0.09615384615384615,0.1834862385321101,0.33613445378151263,0.7762337753803745,best,RGB+HSV+LAB,cosine,zscore
369,369.jpg,buses,0.6,0.5,0.45,0.030303030303030304,0.050505050505050504,0.09090909090909091,0.057692307692307696,0.09174311926605505,0.15126050420168066,0.30620029695295997,best,RGB+HSV+LAB,cosine,zscore
370,370.jpg,buses,1.0,1.0,0.95,0.050505050505050504,0.10101010101010101,0.1919191919191919,0.09615384615384615,0.1834862385321101,0.319327731092437,0.6811413097912427,best,RGB+HSV+LAB,cosine,zscore
371,371.jpg,buses,1.0,0.9,0.75,0.050505050505050504,0.09090909090909091,0.15151515151515152,0.09615384615384615,0.16513761467889906,0.2521008403361345,0.5676469018181308,best,RGB+HSV+LAB,cosine,zscore
372,372.jpg,buses,1.0,0.9,0.75,0.050505050505050504,0.09090909090909091,0.15151515151515152,0.09615384615384615,0.16513761467889906,0.2521008403361345,0.5850063824789912,best,RGB+HSV+LAB,cosine,zscore
373,373.jpg,buses,0.4,0.4,0.3,0.020202020202020204,0.04040404040404041,0.06060606060606061,0.038461538461538464,0.07339449541284405,0.10084033613445378,0.30875583688771524,best,RGB+HSV+LAB,cosine,zscore
374,374.jpg,buses,1.0,1.0,1.0,0.050505050505050504,0.10101010101010101,0.20202020202020202,0.09615384615384615,0.1834862385321101,0.33613445378151263,0.6992865571475143,best,RGB+HSV+LAB,cosine,zscore
375,375.jpg,buses,0.2,0.5,0.65,0.010101010101010102,0.050505050505050504,0.13131313131313133,0.019230769230769232,0.09174311926605505,0.2184873949579832,0.4820064977444689,best,RGB+HSV+LAB,cosine,zscore
376,376.jpg,buses,1.0,1.0,1.0,0.050505050505050504,0.10101010101010101,0.20202020202020202,0.09615384615384615,0.1834862385321101,0.33613445378151263,0.6643582817119478,best,RGB+HSV+LAB,cosine,zscore
377,377.jpg,buses,1.0,1.0,1.0,0.050505050505050504,0.10101010101010101,0.20202020202020202,0.09615384615384615,0.1834862385321101,0.33613445378151263,0.5491033868161037,best,RGB+HSV+LAB,cosine,zscore
378,378.jpg,buses,1.0,1.0,0.95,0.050505050505050504,0.10101010101010101,0.1919191919191919,0.09615384615384615,0.1834862385321101,0.319327731092437,0.778463525609825,best,RGB+HSV+LAB,cosine,zscore
379,379.jpg,buses,0.4,0.2,0.1,0.020202020202020204,0.020202020202020204,0.020202020202020204,0.038461538461538464,0.03669724770642203,0.033613445378151266,0.17352640888168966,best,RGB+HSV+LAB,cosine,zscore
380,380.jpg,buses,0.6,0.6,0.7,0.030303030303030304,0.06060606060606061,0.1414141414141414,0.057692307692307696,0.11009174311926605,0.2352941176470588,0.43592692709340275,best,RGB+HSV+LAB,cosine,zscore
381,381.jpg,buses,1.0,1.0,1.0,0.050505050505050504,0.10101010101010101,0.20202020202020202,0.09615384615384615,0.1834862385321101,0.33613445378151263,0.8169270553939704,best,RGB+HSV+LAB,cosine,zscore
382,382.jpg,buses,1.0,1.0,1.0,0.050505050505050504,0.10101010101010101,0.20202020202020202,0.09615384615384615,0.1834862385321101,0.33613445378151263,0.6045742033009298,best,RGB+HSV+LAB,cosine,zscore
383,383.jpg,buses,0.2,0.1,0.1,0.010101010101010102,0.010101010101010102,0.020202020202020204,0.019230769230769232,0.018348623853211014,0.033613445378151266,0.21838599862732636,best,RGB+HSV+LAB,cosine,zscore
384,384.jpg,buses,1.0,0.6,0.75,0.050505050505050504,0.06060606060606061,0.15151515151515152,0.09615384615384615,0.11009174311926605,0.2521008403361345,0.5996903378908411,best,RGB+HSV+LAB,cosine,zscore
385,385.jpg,buses,1.0,1.0,0.95,0.050505050505050504,0.10101010101010101,0.1919191919191919,0.09615384615384615,0.1834862385321101,0.319327731092437,0.5933389405013777,best,RGB+HSV+LAB,cosine,zscore
386,386.jpg,buses,0.6,0.7,0.7,0.030303030303030304,0.0707070707070707,0.1414141414141414,0.057692307692307696,0.12844036697247704,0.2352941176470588,0.5624525628016487,best,RGB+HSV+LAB,cosine,zscore
387,387.jpg,buses,0.2,0.3,0.25,0.010101010101010102,0.030303030303030304,0.050505050505050504,0.019230769230769232,0.055045871559633024,0.08403361344537816,0.2190067977562219,best,RGB+HSV+LAB,cosine,zscore
388,388.jpg,buses,1.0,1.0,0.95,0.050505050505050504,0.10101010101010101,0.1919191919191919,0.09615384615384615,0.1834862385321101,0.319327731092437,0.7811596007013852,best,RGB+HSV+LAB,cosine,zscore
389,389.jpg,buses,0.8,0.6,0.45,0.04040404040404041,0.06060606060606061,0.09090909090909091,0.07692307692307693,0.11009174311926605,0.15126050420168066,0.34815675084205105,best,RGB+HSV+LAB,cosine,zscore
390,390.jpg,buses,0.4,0.2,0.2,0.020202020202020204,0.020202020202020204,0.04040404040404041,0.038461538461538464,0.03669724770642203,0.06722689075630253,0.18576651042283313,best,RGB+HSV+LAB,cosine,zscore
391,391.jpg,buses,1.0,1.0,0.85,0.050505050505050504,0.10101010101010101,0.1717171717171717,0.09615384615384615,0.1834862385321101,0.2857142857142857,0.631328599417714,best,RGB+HSV+LAB,cosine,zscore
392,392.jpg,buses,1.0,0.9,0.85,0.050505050505050504,0.09090909090909091,0.1717171717171717,0.09615384615384615,0.16513761467889906,0.2857142857142857,0.6415155102939836,best,RGB+HSV+LAB,cosine,zscore
393,393.jpg,buses,0.4,0.4,0.3,0.020202020202020204,0.04040404040404041,0.06060606060606061,0.038461538461538464,0.07339449541284405,0.10084033613445378,0.2569321694706726,best,RGB+HSV+LAB,cosine,zscore
394,394.jpg,buses,0.2,0.2,0.3,0.010101010101010102,0.020202020202020204,0.06060606060606061,0.019230769230769232,0.03669724770642203,0.10084033613445378,0.17090822418866883,best,RGB+HSV+LAB,cosine,zscore
395,395.jpg,buses,1.0,0.7,0.65,0.050505050505050504,0.0707070707070707,0.13131313131313133,0.09615384615384615,0.12844036697247704,0.2184873949579832,0.5072057048206241,best,RGB+HSV+LAB,cosine,zscore
396,396.jpg,buses,1.0,1.0,0.9,0.050505050505050504,0.10101010101010101,0.18181818181818182,0.09615384615384615,0.1834862385321101,0.3025210084033613,0.6475916744261183,best,RGB+HSV+LAB,cosine,zscore
397,397.jpg,buses,0.6,0.6,0.45,0.030303030303030304,0.06060606060606061,0.09090909090909091,0.057692307692307696,0.11009174311926605,0.15126050420168066,0.3325214679879256,best,RGB+HSV+LAB,cosine,zscore
398,398.jpg,buses,1.0,1.0,0.85,0.050505050505050504,0.10101010101010101,0.1717171717171717,0.09615384615384615,0.1834862385321101,0.2857142857142857,0.6218862772330233,best,RGB+HSV+LAB,cosine,zscore
399,399.jpg,buses,1.0,1.0,0.9,0.050505050505050504,0.10101010101010101,0.18181818181818182,0.09615384615384615,0.1834862385321101,0.3025210084033613,0.6101187266707376,best,RGB+HSV+LAB,cosine,zscore
400,400.jpg,dinosaurs,1.0,1.0,1.0,0.050505050505050504,0.10101010101010101,0.20202020202020202,0.09615384615384615,0.1834862385321101,0.33613445378151263,0.9579375640090741,best,RGB+HSV+LAB,cosine,zscore
401,401.jpg,dinosaurs,1.0,1.0,1.0,0.050505050505050504,0.10101010101010101,0.20202020202020202,0.09615384615384615,0.1834862385321101,0.33613445378151263,0.9972735729093869,best,RGB+HSV+LAB,cosine,zscore
402,402.jpg,dinosaurs,1.0,1.0,1.0,0.050505050505050504,0.10101010101010101,0.20202020202020202,0.09615384615384615,0.1834862385321101,0.33613445378151263,0.9643052206446799,best,RGB+HSV+LAB,cosine,zscore
403,403.jpg,dinosaurs,1.0,0.9,0.95,0.050505050505050504,0.09090909090909091,0.1919191919191919,0.09615384615384615,0.16513761467889906,0.319327731092437,0.9245710740133821,best,RGB+HSV+LAB,cosine,zscore
404,404.jpg,dinosaurs,1.0,1.0,1.0,0.050505050505050504,0.10101010101010101,0.20202020202020202,0.09615384615384615,0.1834862385321101,0.33613445378151263,0.9486824760288719,best,RGB+HSV+LAB,cosine,zscore
405,405.jpg,dinosaurs,1.0,1.0,1.0,0.050505050505050504,0.10101010101010101,0.20202020202020202,0.09615384615384615,0.1834862385321101,0.33613445378151263,0.9679554409293442,best,RGB+HSV+LAB,cosine,zscore
406,406.jpg,dinosaurs,1.0,1.0,1.0,0.050505050505050504,0.10101010101010101,0.20202020202020202,0.09615384615384615,0.1834862385321101,0.33613445378151263,0.9818664036349829,best,RGB+HSV+LAB,cosine,zscore
407,407.jpg,dinosaurs,1.0,1.0,1.0,0.050505050505050504,0.10101010101010101,0.20202020202020202,0.09615384615384615,0.1834862385321101,0.33613445378151263,0.9713861548224824,best,RGB+HSV+LAB,cosine,zscore
408,408.jpg,dinosaurs,1.0,0.9,0.85,0.050505050505050504,0.09090909090909091,0.1717171717171717,0.09615384615384615,0.16513761467889906,0.2857142857142857,0.7895684345331622,best,RGB+HSV+LAB,cosine,zscore
409,409.jpg,dinosaurs,1.0,0.8,0.85,0.050505050505050504,0.08080808080808081,0.1717171717171717,0.09615384615384615,0.1467889908256881,0.2857142857142857,0.862043551353971,best,RGB+HSV+LAB,cosine,zscore
410,410.jpg,dinosaurs,1.0,0.7,0.85,0.050505050505050504,0.0707070707070707,0.1717171717171717,0.09615384615384615,0.12844036697247704,0.2857142857142857,0.8410026127971392,best,RGB+HSV+LAB,cosine,zscore
411,411.jpg,dinosaurs,1.0,1.0,1.0,0.050505050505050504,0.10101010101010101,0.20202020202020202,0.09615384615384615,0.1834862385321101,0.33613445378151263,0.9820102400576208,best,RGB+HSV+LAB,cosine,zscore
412,412.jpg,dinosaurs,1.0,0.9,0.8,0.050505050505050504,0.09090909090909091,0.16161616161616163,0.09615384615384615,0.16513761467889906,0.26890756302521013,0.839608929321633,best,RGB+HSV+LAB,cosine,zscore
413,413.jpg,dinosaurs,1.0,1.0,1.0,0.050505050505050504,0.10101010101010101,0.20202020202020202,0.09615384615384615,0.1834862385321101,0.33613445378151263,0.9633149525243259,best,RGB+HSV+LAB,cosine,zscore
414,414.jpg,dinosaurs,0.6,0.7,0.75,0.030303030303030304,0.0707070707070707,0.15151515151515152,0.057692307692307696,0.12844036697247704,0.2521008403361345,0.8139689666932731,best,RGB+HSV+LAB,cosine,zscore
415,415.jpg,dinosaurs,1.0,1.0,1.0,0.050505050505050504,0.10101010101010101,0.20202020202020202,0.09615384615384615,0.1834862385321101,0.33613445378151263,0.9609713888529832,best,RGB+HSV+LAB,cosine,zscore
416,416.jpg,dinosaurs,1.0,1.0,0.95,0.050505050505050504,0.10101010101010101,0.1919191919191919,0.09615384615384615,0.1834862385321101,0.319327731092437,0.9480487548452916,best,RGB+HSV+LAB,cosine,zscore
417,417.jpg,dinosaurs,1.0,1.0,1.0,0.050505050505050504,0.10101010101010101,0.20202020202020202,0.09615384615384615,0.1834862385321101,0.33613445378151263,0.9729514492999751,best,RGB+HSV+LAB,cosine,zscore
418,418.jpg,dinosaurs,1.0,1.0,1.0,0.050505050505050504,0.10101010101010101,0.20202020202020202,0.09615384615384615,0.1834862385321101,0.33613445378151263,0.9957830354956984,best,RGB+HSV+LAB,cosine,zscore
419,419.jpg,dinosaurs,1.0,1.0,1.0,0.050505050505050504,0.10101010101010101,0.20202020202020202,0.09615384615384615,0.1834862385321101,0.33613445378151263,0.9802515329318737,best,RGB+HSV+LAB,cosine,zscore
420,420.jpg,dinosaurs,1.0,1.0,1.0,0.050505050505050504,0.10101010101010101,0.20202020202020202,0.09615384615384615,0.1834862385321101,0.33613445378151263,0.9478104097274327,best,RGB+HSV+LAB,cosine,zscore
421,421.jpg,dinosaurs,1.0,1.0,1.0,0.050505050505050504,0.10101010101010101,0.20202020202020202,0.09615384615384615,0.1834862385321101,0.33613445378151263,0.9818167892841766,best,RGB+HSV+LAB,cosine,zscore
422,422.jpg,dinosaurs,0.8,0.9,0.7,0.04040404040404041,0.09090909090909091,0.1414141414141414,0.07692307692307693,0.16513761467889906,0.2352941176470588,0.7957777753092596,best,RGB+HSV+LAB,cosine,zscore
423,423.jpg,dinosaurs,1.0,1.0,1.0,0.050505050505050504,0.10101010101010101,0.20202020202020202,0.09615384615384615,0.1834862385321101,0.33613445378151263,0.9407162934418974,best,RGB+HSV+LAB,cosine,zscore
424,424.jpg,dinosaurs,1.0,1.0,1.0,0.050505050505050504,0.10101010101010101,0.20202020202020202,0.09615384615384615,0.1834862385321101,0.33613445378151263,0.9878758767763238,best,RGB+HSV+LAB,cosine,zscore
425,425.jpg,dinosaurs,0.8,0.9,0.95,0.04040404040404041,0.09090909090909091,0.1919191919191919,0.07692307692307693,0.16513761467889906,0.319327731092437,0.8588294412014426,best,RGB+HSV+LAB,cosine,zscore
426,426.jpg,dinosaurs,1.0,0.9,0.9,0.050505050505050504,0.09090909090909091,0.18181818181818182,0.09615384615384615,0.16513761467889906,0.3025210084033613,0.8454481408354315,best,RGB+HSV+LAB,cosine,zscore
427,427.jpg,dinosaurs,1.0,1.0,1.0,0.050505050505050504,0.10101010101010101,0.20202020202020202,0.09615384615384615,0.1834862385321101,0.33613445378151263,0.9783880254878867,best,RGB+HSV+LAB,cosine,zscore
428,428.jpg,dinosaurs,0.8,0.8,0.8,0.04040404040404041,0.08080808080808081,0.16161616161616163,0.07692307692307693,0.1467889908256881,0.26890756302521013,0.8288597198641632,best,RGB+HSV+LAB,cosine,zscore
429,429.jpg,dinosaurs,1.0,1.0,1.0,0.050505050505050504,0.10101010101010101,0.20202020202020202,0.09615384615384615,0.1834862385321101,0.33613445378151263,0.9483017041122217,best,RGB+HSV+LAB,cosine,zscore
430,430.jpg,dinosaurs,1.0,1.0,1.0,0.050505050505050504,0.10101010101010101,0.20202020202020202,0.09615384615384615,0.1834862385321101,0.33613445378151263,0.975099125237535,best,RGB+HSV+LAB,cosine,zscore
431,431.jpg,dinosaurs,1.0,1.0,1.0,0.050505050505050504,0.10101010101010101,0.20202020202020202,0.09615384615384615,0.1834862385321101,0.33613445378151263,0.955813188371205,best,RGB+HSV+LAB,cosine,zscore
432,432.jpg,dinosaurs,1.0,1.0,1.0,0.050505050505050504,0.10101010101010101,0.20202020202020202,0.09615384615384615,0.1834862385321101,0.33613445378151263,0.9933623653958736,best,RGB+HSV+LAB,cosine,zscore
433,433.jpg,dinosaurs,1.0,1.0,1.0,0.050505050505050504,0.10101010101010101,0.20202020202020202,0.09615384615384615,0.1834862385321101,0.33613445378151263,0.9812575506692599,best,RGB+HSV+LAB,cosine,zscore
434,434.jpg,dinosaurs,1.0,1.0,1.0,0.050505050505050504,0.10101010101010101,0.20202020202020202,0.09615384615384615,0.1834862385321101,0.33613445378151263,0.9613752566709347,best,RGB+HSV+LAB,cosine,zscore
435,435.jpg,dinosaurs,1.0,1.0,1.0,0.050505050505050504,0.10101010101010101,0.20202020202020202,0.09615384615384615,0.1834862385321101,0.33613445378151263,0.9770420962050282,best,RGB+HSV+LAB,cosine,zscore
436,436.jpg,dinosaurs,1.0,1.0,1.0,0.050505050505050504,0.10101010101010101,0.20202020202020202,0.09615384615384615,0.1834862385321101,0.33613445378151263,0.9572714905831179,best,RGB+HSV+LAB,cosine,zscore
437,437.jpg,dinosaurs,1.0,1.0,1.0,0.050505050505050504,0.10101010101010101,0.20202020202020202,0.09615384615384615,0.1834862385321101,0.33613445378151263,0.9761570381212425,best,RGB+HSV+LAB,cosine,zscore
438,438.jpg,dinosaurs,1.0,1.0,1.0,0.050505050505050504,0.10101010101010101,0.20202020202020202,0.09615384615384615,0.1834862385321101,0.33613445378151263,0.9661093207687292,best,RGB+HSV+LAB,cosine,zscore
439,439.jpg,dinosaurs,1.0,1.0,1.0,0.050505050505050504,0.10101010101010101,0.20202020202020202,0.09615384615384615,0.1834862385321101,0.33613445378151263,0.9480174464024981,best,RGB+HSV+LAB,cosine,zscore
440,440.jpg,dinosaurs,1.0,0.9,0.95,0.050505050505050504,0.09090909090909091,0.1919191919191919,0.09615384615384615,0.16513761467889906,0.319327731092437,0.9068547795604428,best,RGB+HSV+LAB,cosine,zscore
441,441.jpg,dinosaurs,1.0,1.0,1.0,0.050505050505050504,0.10101010101010101,0.20202020202020202,0.09615384615384615,0.1834862385321101,0.33613445378151263,0.9602351017225127,best,RGB+HSV+LAB,cosine,zscore
442,442.jpg,dinosaurs,1.0,1.0,1.0,0.050505050505050504,0.10101010101010101,0.20202020202020202,0.09615384615384615,0.1834862385321101,0.33613445378151263,0.9884137633823313,best,RGB+HSV+LAB,cosine,zscore
443,443.jpg,dinosaurs,1.0,1.0,1.0,0.050505050505050504,0.10101010101010101,0.20202020202020202,0.09615384615384615,0.1834862385321101,0.33613445378151263,0.9581361975002026,best,RGB+HSV+LAB,cosine,zscore
444,444.jpg,dinosaurs,1.0,1.0,1.0,0.050505050505050504,0.10101010101010101,0.20202020202020202,0.09615384615384615,0.1834862385321101,0.33613445378151263,0.9750556336134296,best,RGB+HSV+LAB,cosine,zscore
445,445.jpg,dinosaurs,1.0,1.0,0.95,0.050505050505050504,0.10101010101010101,0.1919191919191919,0.09615384615384615,0.1834862385321101,0.319327731092437,0.9259262418206716,best,RGB+HSV+LAB,cosine,zscore
446,446.jpg,dinosaurs,1.0,1.0,1.0,0.050505050505050504,0.10101010101010101,0.20202020202020202,0.09615384615384615,0.1834862385321101,0.33613445378151263,0.9852732204063848,best,RGB+HSV+LAB,cosine,zscore
447,447.jpg,dinosaurs,1.0,1.0,1.0,0.050505050505050504,0.10101010101010101,0.20202020202020202,0.09615384615384615,0.1834862385321101,0.33613445378151263,0.9925048790929575,best,RGB+HSV+LAB,cosine,zscore
448,448.jpg,dinosaurs,1.0,1.0,1.0,0.050505050505050504,0.10101010101010101,0.20202020202020202,0.09615384615384615,0.1834862385321101,0.33613445378151263,0.9187879005109642,best,RGB+HSV+LAB,cosine,zscore
449,449.jpg,dinosaurs,1.0,0.9,0.95,0.050505050505050504,0.09090909090909091,0.1919191919191919,0.09615384615384615,0.16513761467889906,0.319327731092437,0.8460983365576756,best,RGB+HSV+LAB,cosine,zscore
450,450.jpg,dinosaurs,1.0,1.0,1.0,0.050505050505050504,0.10101010101010101,0.20202020202020202,0.09615384615384615,0.1834862385321101,0.33613445378151263,0.9880887051738679,best,RGB+HSV+LAB,cosine,zscore
451,451.jpg,dinosaurs,1.0,1.0,1.0,0.050505050505050504,0.10101010101010101,0.20202020202020202,0.09615384615384615,0.1834862385321101,0.33613445378151263,0.965782313318123,best,RGB+HSV+LAB,cosine,zscore
452,452.jpg,dinosaurs,1.0,1.0,1.0,0.050505050505050504,0.10101010101010101,0.20202020202020202,0.09615384615384615,0.1834862385321101,0.33613445378151263,0.9628286603746046,best,RGB+HSV+LAB,cosine,zscore
453,453.jpg,dinosaurs,1.0,1.0,1.0,0.050505050505050504,0.10101010101010101,0.20202020202020202,0.09615384615384615,0.1834862385321101,0.33613445378151263,0.9181947117327083,best,RGB+HSV+LAB,cosine,zscore
454,454.jpg,dinosaurs,1.0,0.9,0.95,0.050505050505050504,0.09090909090909091,0.1919191919191919,0.09615384615384615,0.16513761467889906,0.319327731092437,0.9195692817122779,best,RGB+HSV+LAB,cosine,zscore
455,455.jpg,dinosaurs,0.6,0.7,0.75,0.030303030303030304,0.0707070707070707,0.15151515151515152,0.057692307692307696,0.12844036697247704,0.2521008403361345,0.686499906970576,best,RGB+HSV+LAB,cosine,zscore
456,456.jpg,dinosaurs,1.0,1.0,1.0,0.050505050505050504,0.10101010101010101,0.20202020202020202,0.09615384615384615,0.1834862385321101,0.33613445378151263,0.98827681638058,best,RGB+HSV+LAB,cosine,zscore
457,457.jpg,dinosaurs,1.0,1.0,1.0,0.050505050505050504,0.10101010101010101,0.20202020202020202,0.09615384615384615,0.1834862385321101,0.33613445378151263,0.9965090711414573,best,RGB+HSV+LAB,cosine,zscore
458,458.jpg,dinosaurs,1.0,1.0,1.0,0.050505050505050504,0.10101010101010101,0.20202020202020202,0.09615384615384615,0.1834862385321101,0.33613445378151263,0.9833577776911343,best,RGB+HSV+LAB,cosine,zscore
459,459.jpg,dinosaurs,1.0,1.0,1.0,0.050505050505050504,0.10101010101010101,0.20202020202020202,0.09615384615384615,0.1834862385321101,0.33613445378151263,0.9929539619342901,best,RGB+HSV+LAB,cosine,zscore
460,460.jpg,dinosaurs,1.0,1.0,1.0,0.050505050505050504,0.10101010101010101,0.20202020202020202,0.09615384615384615,0.1834862385321101,0.33613445378151263,0.9798128768342019,best,RGB+HSV+LAB,cosine,zscore
461,461.jpg,dinosaurs,1.0,1.0,1.0,0.050505050505050504,0.10101010101010101,0.20202020202020202,0.09615384615384615,0.1834862385321101,0.33613445378151263,0.9515119035069273,best,RGB+HSV+LAB,cosine,zscore
462,462.jpg,dinosaurs,1.0,1.0,1.0,0.050505050505050504,0.10101010101010101,0.20202020202020202,0.09615384615384615,0.1834862385321101,0.33613445378151263,0.9561617132075587,best,RGB+HSV+LAB,cosine,zscore
463,463.jpg,dinosaurs,1.0,1.0,1.0,0.050505050505050504,0.10101010101010101,0.20202020202020202,0.09615384615384615,0.1834862385321101,0.33613445378151263,0.9728309267919865,best,RGB+HSV+LAB,cosine,zscore
464,464.jpg,dinosaurs,1.0,1.0,1.0,0.050505050505050504,0.10101010101010101,0.20202020202020202,0.09615384615384615,0.1834862385321101,0.33613445378151263,0.9941982207798237,best,RGB+HSV+LAB,cosine,zscore
465,465.jpg,dinosaurs,1.0,1.0,1.0,0.050505050505050504,0.10101010101010101,0.20202020202020202,0.09615384615384615,0.1834862385321101,0.33613445378151263,0.9777040111480688,best,RGB+HSV+LAB,cosine,zscore
466,466.jpg,dinosaurs,1.0,1.0,1.0,0.050505050505050504,0.10101010101010101,0.20202020202020202,0.09615384615384615,0.1834862385321101,0.33613445378151263,0.9788673417665265,best,RGB+HSV+LAB,cosine,zscore
467,467.jpg,dinosaurs,1.0,1.0,1.0,0.050505050505050504,0.10101010101010101,0.20202020202020202,0.09615384615384615,0.1834862385321101,0.33613445378151263,0.993969755731938,best,RGB+HSV+LAB,cosine,zscore
468,468.jpg,dinosaurs,1.0,1.0,1.0,0.050505050505050504,0.10101010101010101,0.20202020202020202,0.09615384615384615,0.1834862385321101,0.33613445378151263,0.9343025246215487,best,RGB+HSV+LAB,cosine,zscore
469,469.jpg,dinosaurs,1.0,1.0,1.0,0.050505050505050504,0.10101010101010101,0.20202020202020202,0.09615384615384615,0.1834862385321101,0.33613445378151263,0.9648344533758239,best,RGB+HSV+LAB,cosine,zscore
470,470.jpg,dinosaurs,1.0,1.0,1.0,0.050505050505050504,0.10101010101010101,0.20202020202020202,0.09615384615384615,0.1834862385321101,0.33613445378151263,0.9853883292533112,best,RGB+HSV+LAB,cosine,zscore
471,471.jpg,dinosaurs,1.0,1.0,0.95,0.050505050505050504,0.10101010101010101,0.1919191919191919,0.09615384615384615,0.1834862385321101,0.319327731092437,0.9417173932268095,best,RGB+HSV+LAB,cosine,zscore
472,472.jpg,dinosaurs,1.0,1.0,1.0,0.050505050505050504,0.10101010101010101,0.20202020202020202,0.09615384615384615,0.1834862385321101,0.33613445378151263,0.9624435599490334,best,RGB+HSV+LAB,cosine,zscore
473,473.jpg,dinosaurs,1.0,1.0,0.95,0.050505050505050504,0.10101010101010101,0.1919191919191919,0.09615384615384615,0.1834862385321101,0.319327731092437,0.9495950842420388,best,RGB+HSV+LAB,cosine,zscore
474,474.jpg,dinosaurs,1.0,1.0,1.0,0.050505050505050504,0.10101010101010101,0.20202020202020202,0.09615384615384615,0.1834862385321101,0.33613445378151263,0.9760368813490911,best,RGB+HSV+LAB,cosine,zscore
475,475.jpg,dinosaurs,0.8,0.8,0.85,0.04040404040404041,0.08080808080808081,0.1717171717171717,0.07692307692307693,0.1467889908256881,0.2857142857142857,0.8147460744544565,best,RGB+HSV+LAB,cosine,zscore
476,476.jpg,dinosaurs,1.0,1.0,1.0,0.050505050505050504,0.10101010101010101,0.20202020202020202,0.09615384615384615,0.1834862385321101,0.33613445378151263,0.9556271808548982,best,RGB+HSV+LAB,cosine,zscore
477,477.jpg,dinosaurs,1.0,1.0,0.95,0.050505050505050504,0.10101010101010101,0.1919191919191919,0.09615384615384615,0.1834862385321101,0.319327731092437,0.9324175619167545,best,RGB+HSV+LAB,cosine,zscore
478,478.jpg,dinosaurs,1.0,1.0,1.0,0.050505050505050504,0.10101010101010101,0.20202020202020202,0.09615384615384615,0.1834862385321101,0.33613445378151263,0.990548268742777,best,RGB+HSV+LAB,cosine,zscore
479,479.jpg,dinosaurs,1.0,1.0,1.0,0.050505050505050504,0.10101010101010101,0.20202020202020202,0.09615384615384615,0.1834862385321101,0.33613445378151263,0.9921288385547048,best,RGB+HSV+LAB,cosine,zscore
480,480.jpg,dinosaurs,1.0,1.0,1.0,0.050505050505050504,0.10101010101010101,0.20202020202020202,0.09615384615384615,0.1834862385321101,0.33613445378151263,0.9810096381910648,best,RGB+HSV+LAB,cosine,zscore
481,481.jpg,dinosaurs,1.0,1.0,0.95,0.050505050505050504,0.10101010101010101,0.1919191919191919,0.09615384615384615,0.1834862385321101,0.319327731092437,0.9293805490770799,best,RGB+HSV+LAB,cosine,zscore
482,482.jpg,dinosaurs,1.0,1.0,1.0,0.050505050505050504,0.10101010101010101,0.20202020202020202,0.09615384615384615,0.1834862385321101,0.33613445378151263,0.9722050058814977,best,RGB+HSV+LAB,cosine,zscore
483,483.jpg,dinosaurs,1.0,1.0,0.95,0.050505050505050504,0.10101010101010101,0.1919191919191919,0.09615384615384615,0.1834862385321101,0.319327731092437,0.9209109457286917,best,RGB+HSV+LAB,cosine,zscore
484,484.jpg,dinosaurs,1.0,1.0,1.0,0.050505050505050504,0.10101010101010101,0.20202020202020202,0.09615384615384615,0.1834862385321101,0.33613445378151263,0.9432588862222403,best,RGB+HSV+LAB,cosine,zscore
485,485.jpg,dinosaurs,1.0,1.0,0.95,0.050505050505050504,0.10101010101010101,0.1919191919191919,0.09615384615384615,0.1834862385321101,0.319327731092437,0.9243367896952495,best,RGB+HSV+LAB,cosine,zscore
486,486.jpg,dinosaurs,1.0,0.9,0.8,0.050505050505050504,0.09090909090909091,0.16161616161616163,0.09615384615384615,0.16513761467889906,0.26890756302521013,0.8458719316350262,best,RGB+HSV+LAB,cosine,zscore
487,487.jpg,dinosaurs,1.0,1.0,1.0,0.050505050505050504,0.10101010101010101,0.20202020202020202,0.09615384615384615,0.1834862385321101,0.33613445378151263,0.949497340245733,best,RGB+HSV+LAB,cosine,zscore
488,488.jpg,dinosaurs,1.0,1.0,1.0,0.050505050505050504,0.10101010101010101,0.20202020202020202,0.09615384615384615,0.1834862385321101,0.33613445378151263,0.973402328592527,best,RGB+HSV+LAB,cosine,zscore
489,489.jpg,dinosaurs,1.0,1.0,1.0,0.050505050505050504,0.10101010101010101,0.20202020202020202,0.09615384615384615,0.1834862385321101,0.33613445378151263,0.9802534369028616,best,RGB+HSV+LAB,cosine,zscore
490,490.jpg,dinosaurs,1.0,1.0,1.0,0.050505050505050504,0.10101010101010101,0.20202020202020202,0.09615384615384615,0.1834862385321101,0.33613445378151263,0.9841370217272245,best,RGB+HSV+LAB,cosine,zscore
491,491.jpg,dinosaurs,1.0,1.0,1.0,0.050505050505050504,0.10101010101010101,0.20202020202020202,0.09615384615384615,0.1834862385321101,0.33613445378151263,0.9905722503592073,best,RGB+HSV+LAB,cosine,zscore
492,492.jpg,dinosaurs,1.0,1.0,0.95,0.050505050505050504,0.10101010101010101,0.1919191919191919,0.09615384615384615,0.1834862385321101,0.319327731092437,0.9292126041623618,best,RGB+HSV+LAB,cosine,zscore
493,493.jpg,dinosaurs,1.0,1.0,1.0,0.050505050505050504,0.10101010101010101,0.20202020202020202,0.09615384615384615,0.1834862385321101,0.33613445378151263,0.9654835395041911,best,RGB+HSV+LAB,cosine,zscore
494,494.jpg,dinosaurs,1.0,1.0,1.0,0.050505050505050504,0.10101010101010101,0.20202020202020202,0.09615384615384615,0.1834862385321101,0.33613445378151263,0.9776730734632727,best,RGB+HSV+LAB,cosine,zscore
495,495.jpg,dinosaurs,1.0,1.0,1.0,0.050505050505050504,0.10101010101010101,0.20202020202020202,0.09615384615384615,0.1834862385321101,0.33613445378151263,0.9929780304202158,best,RGB+HSV+LAB,cosine,zscore
496,496.jpg,dinosaurs,1.0,1.0,1.0,0.050505050505050504,0.10101010101010101,0.20202020202020202,0.09615384615384615,0.1834862385321101,0.33613445378151263,0.9728036178064431,best,RGB+HSV+LAB,cosine,zscore
497,497.jpg,dinosaurs,1.0,1.0,1.0,0.050505050505050504,0.10101010101010101,0.20202020202020202,0.09615384615384615,0.1834862385321101,0.33613445378151263,0.9806851186792056,best,RGB+HSV+LAB,cosine,zscore
498,498.jpg,dinosaurs,1.0,1.0,1.0,0.050505050505050504,0.10101010101010101,0.20202020202020202,0.09615384615384615,0.1834862385321101,0.33613445378151263,0.9529607834713986,best,RGB+HSV+LAB,cosine,zscore
499,499.jpg,dinosaurs,1.0,1.0,1.0,0.050505050505050504,0.10101010101010101,0.20202020202020202,0.09615384615384615,0.1834862385321101,0.33613445378151263,0.9900825391270832,best,RGB+HSV+LAB,cosine,zscore
500,500.jpg,elephants,0.8,0.7,0.8,0.04040404040404041,0.0707070707070707,0.16161616161616163,0.07692307692307693,0.12844036697247704,0.26890756302521013,0.5302542783798071,best,RGB+HSV+LAB,cosine,zscore
501,501.jpg,elephants,0.8,0.8,0.8,0.04040404040404041,0.08080808080808081,0.16161616161616163,0.07692307692307693,0.1467889908256881,0.26890756302521013,0.5403360172963972,best,RGB+HSV+LAB,cosine,zscore
502,502.jpg,elephants,0.2,0.1,0.1,0.010101010101010102,0.010101010101010102,0.020202020202020204,0.019230769230769232,0.018348623853211014,0.033613445378151266,0.2845764569416994,best,RGB+HSV+LAB,cosine,zscore
503,503.jpg,elephants,1.0,0.9,0.6,0.050505050505050504,0.09090909090909091,0.12121212121212122,0.09615384615384615,0.16513761467889906,0.20168067226890757,0.3653044330873344,best,RGB+HSV+LAB,cosine,zscore
504,504.jpg,elephants,1.0,1.0,0.95,0.050505050505050504,0.10101010101010101,0.1919191919191919,0.09615384615384615,0.1834862385321101,0.319327731092437,0.6280278306622238,best,RGB+HSV+LAB,cosine,zscore
505,505.jpg,elephants,0.0,0.1,0.15,0.0,0.010101010101010102,0.030303030303030304,0.0,0.018348623853211014,0.05042016806722689,0.10952362831374816,best,RGB+HSV+LAB,cosine,zscore
506,506.jpg,elephants,1.0,0.9,0.8,0.050505050505050504,0.09090909090909091,0.16161616161616163,0.09615384615384615,0.16513761467889906,0.26890756302521013,0.457712794238628,best,RGB+HSV+LAB,cosine,zscore
507,507.jpg,elephants,0.8,0.8,0.55,0.04040404040404041,0.08080808080808081,0.1111111111111111,0.07692307692307693,0.1467889908256881,0.18487394957983191,0.36399976200446404,best,RGB+HSV+LAB,cosine,zscore
508,508.jpg,elephants,1.0,0.6,0.55,0.050505050505050504,0.06060606060606061,0.1111111111111111,0.09615384615384615,0.11009174311926605,0.18487394957983191,0.44168475793824974,best,RGB+HSV+LAB,cosine,zscore
509,509.jpg,elephants,0.4,0.4,0.4,0.020202020202020204,0.04040404040404041,0.08080808080808081,0.038461538461538464,0.07339449541284405,0.13445378151260506,0.31991783483592257,best,RGB+HSV+LAB,cosine,zscore
510,510.jpg,elephants,1.0,0.8,0.85,0.050505050505050504,0.08080808080808081,0.1717171717171717,0.09615384615384615,0.1467889908256881,0.2857142857142857,0.5325527657789244,best,RGB+HSV+LAB,cosine,zscore
511,511.jpg,elephants,0.0,0.0,0.0,0.0,0.0,0.0,0.0,0.0,0.0,0.06969463131092479,best,RGB+HSV+LAB,cosine,zscore
512,512.jpg,elephants,0.2,0.1,0.05,0.010101010101010102,0.010101010101010102,0.010101010101010102,0.019230769230769232,0.018348623853211014,0.016806722689075633,0.12521747417714096,best,RGB+HSV+LAB,cosine,zscore
513,513.jpg,elephants,1.0,1.0,0.9,0.050505050505050504,0.10101010101010101,0.18181818181818182,0.09615384615384615,0.1834862385321101,0.3025210084033613,0.5972084513261952,best,RGB+HSV+LAB,cosine,zscore
514,514.jpg,elephants,1.0,0.7,0.55,0.050505050505050504,0.0707070707070707,0.1111111111111111,0.09615384615384615,0.12844036697247704,0.18487394957983191,0.3504256351246902,best,RGB+HSV+LAB,cosine,zscore
515,515.jpg,elephants,0.4,0.4,0.35,0.020202020202020204,0.04040404040404041,0.0707070707070707,0.038461538461538464,0.07339449541284405,0.1176470588235294,0.21199159733394907,best,RGB+HSV+LAB,cosine,zscore
516,516.jpg,elephants,0.4,0.3,0.15,0.020202020202020204,0.030303030303030304,0.030303030303030304,0.038461538461538464,0.055045871559633024,0.05042016806722689,0.11749725466075563,best,RGB+HSV+LAB,cosine,zscore
517,517.jpg,elephants,0.2,0.3,0.35,0.010101010101010102,0.030303030303030304,0.0707070707070707,0.019230769230769232,0.055045871559633024,0.1176470588235294,0.27685481526690614,best,RGB+HSV+LAB,cosine,zscore
518,518.jpg,elephants,0.8,0.5,0.4,0.04040404040404041,0.050505050505050504,0.08080808080808081,0.07692307692307693,0.09174311926605505,0.13445378151260506,0.326420334179613,best,RGB+HSV+LAB,cosine,zscore
519,519.jpg,elephants,1.0,0.8,0.75,0.050505050505050504,0.08080808080808081,0.15151515151515152,0.09615384615384615,0.1467889908256881,0.2521008403361345,0.5378222953526037,best,RGB+HSV+LAB,cosine,zscore
520,520.jpg,elephants,0.2,0.1,0.1,0.010101010101010102,0.010101010101010102,0.020202020202020204,0.019230769230769232,0.018348623853211014,0.033613445378151266,0.11531153692274165,best,RGB+HSV+LAB,cosine,zscore
521,521.jpg,elephants,1.0,1.0,0.8,0.050505050505050504,0.10101010101010101,0.16161616161616163,0.09615384615384615,0.1834862385321101,0.26890756302521013,0.48764331823497603,best,RGB+HSV+LAB,cosine,zscore
522,522.jpg,elephants,1.0,1.0,0.95,0.050505050505050504,0.10101010101010101,0.1919191919191919,0.09615384615384615,0.1834862385321101,0.319327731092437,0.6668857329545295,best,RGB+HSV+LAB,cosine,zscore
523,523.jpg,elephants,0.0,0.0,0.0,0.0,0.0,0.0,0.0,0.0,0.0,0.18809614443115824,best,RGB+HSV+LAB,cosine,zscore
524,524.jpg,elephants,1.0,0.7,0.6,0.050505050505050504,0.0707070707070707,0.12121212121212122,0.09615384615384615,0.12844036697247704,0.20168067226890757,0.48255364045192867,best,RGB+HSV+LAB,cosine,zscore
525,525.jpg,elephants,1.0,1.0,0.85,0.050505050505050504,0.10101010101010101,0.1717171717171717,0.09615384615384615,0.1834862385321101,0.2857142857142857,0.6278015577042502,best,RGB+HSV+LAB,cosine,zscore
526,526.jpg,elephants,1.0,0.7,0.6,0.050505050505050504,0.0707070707070707,0.12121212121212122,0.09615384615384615,0.12844036697247704,0.20168067226890757,0.4850513320193293,best,RGB+HSV+LAB,cosine,zscore
527,527.jpg,elephants,1.0,0.8,0.8,0.050505050505050504,0.08080808080808081,0.16161616161616163,0.09615384615384615,0.1467889908256881,0.26890756302521013,0.577873659717596,best,RGB+HSV+LAB,cosine,zscore
528,528.jpg,elephants,0.4,0.2,0.1,0.020202020202020204,0.020202020202020204,0.020202020202020204,0.038461538461538464,0.03669724770642203,0.033613445378151266,0.10211426797413636,best,RGB+HSV+LAB,cosine,zscore
529,529.jpg,elephants,1.0,0.9,0.9,0.050505050505050504,0.09090909090909091,0.18181818181818182,0.09615384615384615,0.16513761467889906,0.3025210084033613,0.5574415687388588,best,RGB+HSV+LAB,cosine,zscore
530,530.jpg,elephants,1.0,0.8,0.6,0.050505050505050504,0.08080808080808081,0.12121212121212122,0.09615384615384615,0.1467889908256881,0.20168067226890757,0.3761922422466615,best,RGB+HSV+LAB,cosine,zscore
531,531.jpg,elephants,0.4,0.2,0.2,0.020202020202020204,0.020202020202020204,0.04040404040404041,0.038461538461538464,0.03669724770642203,0.06722689075630253,0.25065456899859834,best,RGB+HSV+LAB,cosine,zscore
532,532.jpg,elephants,0.8,0.8,0.7,0.04040404040404041,0.08080808080808081,0.1414141414141414,0.07692307692307693,0.1467889908256881,0.2352941176470588,0.3480504079423673,best,RGB+HSV+LAB,cosine,zscore
533,533.jpg,elephants,0.2,0.2,0.35,0.010101010101010102,0.020202020202020204,0.0707070707070707,0.019230769230769232,0.03669724770642203,0.1176470588235294,0.22409882761329478,best,RGB+HSV+LAB,cosine,zscore
534,534.jpg,elephants,1.0,0.8,0.55,0.050505050505050504,0.08080808080808081,0.1111111111111111,0.09615384615384615,0.1467889908256881,0.18487394957983191,0.40203283144734847,best,RGB+HSV+LAB,cosine,zscore
535,535.jpg,elephants,0.2,0.1,0.05,0.010101010101010102,0.010101010101010102,0.010101010101010102,0.019230769230769232,0.018348623853211014,0.016806722689075633,0.1607628025776518,best,RGB+HSV+LAB,cosine,zscore
536,536.jpg,elephants,1.0,0.8,0.7,0.050505050505050504,0.08080808080808081,0.1414141414141414,0.09615384615384615,0.1467889908256881,0.2352941176470588,0.43137428690838897,best,RGB+HSV+LAB,cosine,zscore
537,537.jpg,elephants,1.0,1.0,0.8,0.050505050505050504,0.10101010101010101,0.16161616161616163,0.09615384615384615,0.1834862385321101,0.26890756302521013,0.614099241093033,best,RGB+HSV+LAB,cosine,zscore
538,538.jpg,elephants,1.0,1.0,0.75,0.050505050505050504,0.10101010101010101,0.15151515151515152,0.09615384615384615,0.1834862385321101,0.2521008403361345,0.42059806043143716,best,RGB+HSV+LAB,cosine,zscore
539,539.jpg,elephants,0.6,0.7,0.75,0.030303030303030304,0.0707070707070707,0.15151515151515152,0.057692307692307696,0.12844036697247704,0.2521008403361345,0.4384189549113362,best,RGB+HSV+LAB,cosine,zscore
540,540.jpg,elephants,0.6,0.3,0.4,0.030303030303030304,0.030303030303030304,0.08080808080808081,0.057692307692307696,0.055045871559633024,0.13445378151260506,0.38267932903374186,best,RGB+HSV+LAB,cosine,zscore
541,541.jpg,elephants,0.2,0.1,0.1,0.010101010101010102,0.010101010101010102,0.020202020202020204,0.019230769230769232,0.018348623853211014,0.033613445378151266,0.23676108312987634,best,RGB+HSV+LAB,cosine,zscore
542,542.jpg,elephants,0.8,0.9,0.8,0.04040404040404041,0.09090909090909091,0.16161616161616163,0.07692307692307693,0.16513761467889906,0.26890756302521013,0.4860483358066213,best,RGB+HSV+LAB,cosine,zscore
543,543.jpg,elephants,0.8,0.5,0.45,0.04040404040404041,0.050505050505050504,0.09090909090909091,0.07692307692307693,0.09174311926605505,0.15126050420168066,0.2775170535497882,best,RGB+HSV+LAB,cosine,zscore
544,544.jpg,elephants,1.0,1.0,0.95,0.050505050505050504,0.10101010101010101,0.1919191919191919,0.09615384615384615,0.1834862385321101,0.319327731092437,0.6439657839100449,best,RGB+HSV+LAB,cosine,zscore
545,545.jpg,elephants,0.6,0.4,0.4,0.030303030303030304,0.04040404040404041,0.08080808080808081,0.057692307692307696,0.07339449541284405,0.13445378151260506,0.21694547491727867,best,RGB+HSV+LAB,cosine,zscore
546,546.jpg,elephants,1.0,1.0,0.9,0.050505050505050504,0.10101010101010101,0.18181818181818182,0.09615384615384615,0.1834862385321101,0.3025210084033613,0.5438337077773148,best,RGB+HSV+LAB,cosine,zscore
547,547.jpg,elephants,1.0,1.0,0.75,0.050505050505050504,0.10101010101010101,0.15151515151515152,0.09615384615384615,0.1834862385321101,0.2521008403361345,0.4573489580423934,best,RGB+HSV+LAB,cosine,zscore
548,548.jpg,elephants,1.0,0.6,0.5,0.050505050505050504,0.06060606060606061,0.10101010101010101,0.09615384615384615,0.11009174311926605,0.16806722689075632,0.32903749105578073,best,RGB+HSV+LAB,cosine,zscore
549,549.jpg,elephants,0.8,0.5,0.35,0.04040404040404041,0.050505050505050504,0.0707070707070707,0.07692307692307693,0.09174311926605505,0.1176470588235294,0.29233281187248256,best,RGB+HSV+LAB,cosine,zscore
550,550.jpg,elephants,0.2,0.2,0.2,0.010101010101010102,0.020202020202020204,0.04040404040404041,0.019230769230769232,0.03669724770642203,0.06722689075630253,0.10761746450879148,best,RGB+HSV+LAB,cosine,zscore
551,551.jpg,elephants,0.2,0.1,0.05,0.010101010101010102,0.010101010101010102,0.010101010101010102,0.019230769230769232,0.018348623853211014,0.016806722689075633,0.0903507354315474,best,RGB+HSV+LAB,cosine,zscore
552,552.jpg,elephants,0.6,0.3,0.5,0.030303030303030304,0.030303030303030304,0.10101010101010101,0.057692307692307696,0.055045871559633024,0.16806722689075632,0.38519743039005444,best,RGB+HSV+LAB,cosine,zscore
553,553.jpg,elephants,1.0,1.0,0.6,0.050505050505050504,0.10101010101010101,0.12121212121212122,0.09615384615384615,0.1834862385321101,0.20168067226890757,0.3809625896252538,best,RGB+HSV+LAB,cosine,zscore
554,554.jpg,elephants,0.8,0.5,0.25,0.04040404040404041,0.050505050505050504,0.050505050505050504,0.07692307692307693,0.09174311926605505,0.08403361344537816,0.16195686895552894,best,RGB+HSV+LAB,cosine,zscore
555,555.jpg,elephants,0.8,0.8,0.8,0.04040404040404041,0.08080808080808081,0.16161616161616163,0.07692307692307693,0.1467889908256881,0.26890756302521013,0.5882134201583683,best,RGB+HSV+LAB,cosine,zscore
556,556.jpg,elephants,0.6,0.4,0.3,0.030303030303030304,0.04040404040404041,0.06060606060606061,0.057692307692307696,0.07339449541284405,0.10084033613445378,0.35127415087121416,best,RGB+HSV+LAB,cosine,zscore
557,557.jpg,elephants,0.0,0.2,0.15,0.0,0.020202020202020204,0.030303030303030304,0.0,0.03669724770642203,0.05042016806722689,0.15470451993519238,best,RGB+HSV+LAB,cosine,zscore
558,558.jpg,elephants,0.2,0.2,0.25,0.010101010101010102,0.020202020202020204,0.050505050505050504,0.019230769230769232,0.03669724770642203,0.08403361344537816,0.2466992381606481,best,RGB+HSV+LAB,cosine,zscore
559,559.jpg,elephants,0.4,0.3,0.5,0.020202020202020204,0.030303030303030304,0.10101010101010101,0.038461538461538464,0.055045871559633024,0.16806722689075632,0.41271587485052963,best,RGB+HSV+LAB,cosine,zscore
560,560.jpg,elephants,1.0,1.0,0.95,0.050505050505050504,0.10101010101010101,0.1919191919191919,0.09615384615384615,0.1834862385321101,0.319327731092437,0.6038286080005962,best,RGB+HSV+LAB,cosine,zscore
561,561.jpg,elephants,1.0,1.0,0.75,0.050505050505050504,0.10101010101010101,0.15151515151515152,0.09615384615384615,0.1834862385321101,0.2521008403361345,0.4083945604102305,best,RGB+HSV+LAB,cosine,zscore
562,562.jpg,elephants,0.8,0.5,0.35,0.04040404040404041,0.050505050505050504,0.0707070707070707,0.07692307692307693,0.09174311926605505,0.1176470588235294,0.37270751968235405,best,RGB+HSV+LAB,cosine,zscore
563,563.jpg,elephants,1.0,0.9,0.85,0.050505050505050504,0.09090909090909091,0.1717171717171717,0.09615384615384615,0.16513761467889906,0.2857142857142857,0.5436444375932633,best,RGB+HSV+LAB,cosine,zscore
564,564.jpg,elephants,1.0,1.0,0.95,0.050505050505050504,0.10101010101010101,0.1919191919191919,0.09615384615384615,0.1834862385321101,0.319327731092437,0.5768545583869045,best,RGB+HSV+LAB,cosine,zscore
565,565.jpg,elephants,0.0,0.1,0.05,0.0,0.010101010101010102,0.010101010101010102,0.0,0.018348623853211014,0.016806722689075633,0.18292523545628933,best,RGB+HSV+LAB,cosine,zscore
566,566.jpg,elephants,0.8,0.6,0.5,0.04040404040404041,0.06060606060606061,0.10101010101010101,0.07692307692307693,0.11009174311926605,0.16806722689075632,0.3234199297741097,best,RGB+HSV+LAB,cosine,zscore
567,567.jpg,elephants,1.0,0.8,0.5,0.050505050505050504,0.08080808080808081,0.10101010101010101,0.09615384615384615,0.1467889908256881,0.16806722689075632,0.3534327062388485,best,RGB+HSV+LAB,cosine,zscore
568,568.jpg,elephants,0.2,0.1,0.05,0.010101010101010102,0.010101010101010102,0.010101010101010102,0.019230769230769232,0.018348623853211014,0.016806722689075633,0.25363267938284206,best,RGB+HSV+LAB,cosine,zscore
569,569.jpg,elephants,1.0,1.0,0.95,0.050505050505050504,0.10101010101010101,0.1919191919191919,0.09615384615384615,0.1834862385321101,0.319327731092437,0.626714001649415,best,RGB+HSV+LAB,cosine,zscore
570,570.jpg,elephants,1.0,0.9,0.7,0.050505050505050504,0.09090909090909091,0.1414141414141414,0.09615384615384615,0.16513761467889906,0.2352941176470588,0.49126233342825143,best,RGB+HSV+LAB,cosine,zscore
571,571.jpg,elephants,0.0,0.0,0.2,0.0,0.0,0.04040404040404041,0.0,0.0,0.06722689075630253,0.21404507271285225,best,RGB+HSV+LAB,cosine,zscore
572,572.jpg,elephants,0.2,0.3,0.25,0.010101010101010102,0.030303030303030304,0.050505050505050504,0.019230769230769232,0.055045871559633024,0.08403361344537816,0.1917077060082828,best,RGB+HSV+LAB,cosine,zscore
573,573.jpg,elephants,0.6,0.4,0.55,0.030303030303030304,0.04040404040404041,0.1111111111111111,0.057692307692307696,0.07339449541284405,0.18487394957983191,0.39808572853193996,best,RGB+HSV+LAB,cosine,zscore
574,574.jpg,elephants,0.8,0.8,0.7,0.04040404040404041,0.08080808080808081,0.1414141414141414,0.07692307692307693,0.1467889908256881,0.2352941176470588,0.42571572270356234,best,RGB+HSV+LAB,cosine,zscore
575,575.jpg,elephants,0.4,0.3,0.25,0.020202020202020204,0.030303030303030304,0.050505050505050504,0.038461538461538464,0.055045871559633024,0.08403361344537816,0.1908858878228247,best,RGB+HSV+LAB,cosine,zscore
576,576.jpg,elephants,0.8,0.7,0.7,0.04040404040404041,0.0707070707070707,0.1414141414141414,0.07692307692307693,0.12844036697247704,0.2352941176470588,0.44344430253174155,best,RGB+HSV+LAB,cosine,zscore
577,577.jpg,elephants,1.0,0.9,0.9,0.050505050505050504,0.09090909090909091,0.18181818181818182,0.09615384615384615,0.16513761467889906,0.3025210084033613,0.5696942886442667,best,RGB+HSV+LAB,cosine,zscore
578,578.jpg,elephants,1.0,0.9,0.7,0.050505050505050504,0.09090909090909091,0.1414141414141414,0.09615384615384615,0.16513761467889906,0.2352941176470588,0.4801410836768734,best,RGB+HSV+LAB,cosine,zscore
579,579.jpg,elephants,1.0,0.9,0.75,0.050505050505050504,0.09090909090909091,0.15151515151515152,0.09615384615384615,0.16513761467889906,0.2521008403361345,0.5720115730022485,best,RGB+HSV+LAB,cosine,zscore
580,580.jpg,elephants,0.2,0.3,0.6,0.010101010101010102,0.030303030303030304,0.12121212121212122,0.019230769230769232,0.055045871559633024,0.20168067226890757,0.36901225319850856,best,RGB+HSV+LAB,cosine,zscore
581,581.jpg,elephants,0.4,0.5,0.6,0.020202020202020204,0.050505050505050504,0.12121212121212122,0.038461538461538464,0.09174311926605505,0.20168067226890757,0.40340777100669667,best,RGB+HSV+LAB,cosine,zscore
582,582.jpg,elephants,0.4,0.5,0.35,0.020202020202020204,0.050505050505050504,0.0707070707070707,0.038461538461538464,0.09174311926605505,0.1176470588235294,0.2033585504010411,best,RGB+HSV+LAB,cosine,zscore
583,583.jpg,elephants,0.8,0.9,0.65,0.04040404040404041,0.09090909090909091,0.13131313131313133,0.07692307692307693,0.16513761467889906,0.2184873949579832,0.5009760466273815,best,RGB+HSV+LAB,cosine,zscore
584,584.jpg,elephants,0.6,0.4,0.35,0.030303030303030304,0.04040404040404041,0.0707070707070707,0.057692307692307696,0.07339449541284405,0.1176470588235294,0.22096909682568514,best,RGB+HSV+LAB,cosine,zscore
585,585.jpg,elephants,0.6,0.3,0.35,0.030303030303030304,0.030303030303030304,0.0707070707070707,0.057692307692307696,0.055045871559633024,0.1176470588235294,0.210459808448316,best,RGB+HSV+LAB,cosine,zscore
586,586.jpg,elephants,0.6,0.5,0.3,0.030303030303030304,0.050505050505050504,0.06060606060606061,0.057692307692307696,0.09174311926605505,0.10084033613445378,0.21918679587458648,best,RGB+HSV+LAB,cosine,zscore
587,587.jpg,elephants,1.0,0.9,0.8,0.050505050505050504,0.09090909090909091,0.16161616161616163,0.09615384615384615,0.16513761467889906,0.26890756302521013,0.484113665146523,best,RGB+HSV+LAB,cosine,zscore
588,588.jpg,elephants,0.4,0.3,0.2,0.020202020202020204,0.030303030303030304,0.04040404040404041,0.038461538461538464,0.055045871559633024,0.06722689075630253,0.23431360499452056,best,RGB+HSV+LAB,cosine,zscore
589,589.jpg,elephants,1.0,0.5,0.3,0.050505050505050504,0.050505050505050504,0.06060606060606061,0.09615384615384615,0.09174311926605505,0.10084033613445378,0.24898313201213168,best,RGB+HSV+LAB,cosine,zscore
590,590.jpg,elephants,0.6,0.5,0.35,0.030303030303030304,0.050505050505050504,0.0707070707070707,0.057692307692307696,0.09174311926605505,0.1176470588235294,0.20122410457801831,best,RGB+HSV+LAB,cosine,zscore
591,591.jpg,elephants,0.6,0.6,0.45,0.030303030303030304,0.06060606060606061,0.09090909090909091,0.057692307692307696,0.11009174311926605,0.15126050420168066,0.22448736728432245,best,RGB+HSV+LAB,cosine,zscore
592,592.jpg,elephants,0.4,0.3,0.2,0.020202020202020204,0.030303030303030304,0.04040404040404041,0.038461538461538464,0.055045871559633024,0.06722689075630253,0.21029082117492282,best,RGB+HSV+LAB,cosine,zscore
593,593.jpg,elephants,0.8,0.4,0.25,0.04040404040404041,0.04040404040404041,0.050505050505050504,0.07692307692307693,0.07339449541284405,0.08403361344537816,0.21922262545152582,best,RGB+HSV+LAB,cosine,zscore
594,594.jpg,elephants,0.4,0.3,0.15,0.020202020202020204,0.030303030303030304,0.030303030303030304,0.038461538461538464,0.055045871559633024,0.05042016806722689,0.22458358103175108,best,RGB+HSV+LAB,cosine,zscore
595,595.jpg,elephants,0.8,0.6,0.3,0.04040404040404041,0.06060606060606061,0.06060606060606061,0.07692307692307693,0.11009174311926605,0.10084033613445378,0.23266425751033065,best,RGB+HSV+LAB,cosine,zscore
596,596.jpg,elephants,0.4,0.3,0.35,0.020202020202020204,0.030303030303030304,0.0707070707070707,0.038461538461538464,0.055045871559633024,0.1176470588235294,0.2034133406373451,best,RGB+HSV+LAB,cosine,zscore
597,597.jpg,elephants,0.6,0.5,0.3,0.030303030303030304,0.050505050505050504,0.06060606060606061,0.057692307692307696,0.09174311926605505,0.10084033613445378,0.21422648582278472,best,RGB+HSV+LAB,cosine,zscore
598,598.jpg,elephants,0.0,0.0,0.1,0.0,0.0,0.020202020202020204,0.0,0.0,0.033613445378151266,0.17203416302149613,best,RGB+HSV+LAB,cosine,zscore
599,599.jpg,elephants,0.6,0.4,0.25,0.030303030303030304,0.04040404040404041,0.050505050505050504,0.057692307692307696,0.07339449541284405,0.08403361344537816,0.21187716414943022,best,RGB+HSV+LAB,cosine,zscore
600,600.jpg,flowers,1.0,0.9,0.75,0.050505050505050504,0.09090909090909091,0.15151515151515152,0.09615384615384615,0.16513761467889906,0.2521008403361345,0.41322472025085494,best,RGB+HSV+LAB,cosine,zscore
601,601.jpg,flowers,1.0,1.0,0.95,0.050505050505050504,0.10101010101010101,0.1919191919191919,0.09615384615384615,0.1834862385321101,0.319327731092437,0.4707811443385262,best,RGB+HSV+LAB,cosine,zscore
602,602.jpg,flowers,0.8,0.8,0.75,0.04040404040404041,0.08080808080808081,0.15151515151515152,0.07692307692307693,0.1467889908256881,0.2521008403361345,0.5296516707786959,best,RGB+HSV+LAB,cosine,zscore
603,603.jpg,flowers,1.0,1.0,0.9,0.050505050505050504,0.10101010101010101,0.18181818181818182,0.09615384615384615,0.1834862385321101,0.3025210084033613,0.667409898999023,best,RGB+HSV+LAB,cosine,zscore
604,604.jpg,flowers,0.2,0.3,0.25,0.010101010101010102,0.030303030303030304,0.050505050505050504,0.019230769230769232,0.055045871559633024,0.08403361344537816,0.16926746433968162,best,RGB+HSV+LAB,cosine,zscore
605,605.jpg,flowers,1.0,0.8,0.65,0.050505050505050504,0.08080808080808081,0.13131313131313133,0.09615384615384615,0.1467889908256881,0.2184873949579832,0.5194229803311001,best,RGB+HSV+LAB,cosine,zscore
606,606.jpg,flowers,1.0,0.9,0.95,0.050505050505050504,0.09090909090909091,0.1919191919191919,0.09615384615384615,0.16513761467889906,0.319327731092437,0.5367805664551709,best,RGB+HSV+LAB,cosine,zscore
607,607.jpg,flowers,0.4,0.5,0.7,0.020202020202020204,0.050505050505050504,0.1414141414141414,0.038461538461538464,0.09174311926605505,0.2352941176470588,0.44205180444204645,best,RGB+HSV+LAB,cosine,zscore
608,608.jpg,flowers,0.8,0.7,0.7,0.04040404040404041,0.0707070707070707,0.1414141414141414,0.07692307692307693,0.12844036697247704,0.2352941176470588,0.47082754212266265,best,RGB+HSV+LAB,cosine,zscore
609,609.jpg,flowers,1.0,0.7,0.45,0.050505050505050504,0.0707070707070707,0.09090909090909091,0.09615384615384615,0.12844036697247704,0.15126050420168066,0.27659919063805694,best,RGB+HSV+LAB,cosine,zscore
610,610.jpg,flowers,1.0,0.9,0.6,0.050505050505050504,0.09090909090909091,0.12121212121212122,0.09615384615384615,0.16513761467889906,0.20168067226890757,0.45763476400424147,best,RGB+HSV+LAB,cosine,zscore
611,611.jpg,flowers,1.0,0.6,0.4,0.050505050505050504,0.06060606060606061,0.08080808080808081,0.09615384615384615,0.11009174311926605,0.13445378151260506,0.2144079201604343,best,RGB+HSV+LAB,cosine,zscore
612,612.jpg,flowers,1.0,0.7,0.65,0.050505050505050504,0.0707070707070707,0.13131313131313133,0.09615384615384615,0.12844036697247704,0.2184873949579832,0.39591235221279764,best,RGB+HSV+LAB,cosine,zscore
613,613.jpg,flowers,1.0,1.0,0.9,0.050505050505050504,0.10101010101010101,0.18181818181818182,0.09615384615384615,0.1834862385321101,0.3025210084033613,0.5610731116880397,best,RGB+HSV+LAB,cosine,zscore
614,614.jpg,flowers,1.0,0.9,0.7,0.050505050505050504,0.09090909090909091,0.1414141414141414,0.09615384615384615,0.16513761467889906,0.2352941176470588,0.541101643071952,best,RGB+HSV+LAB,cosine,zscore
615,615.jpg,flowers,0.8,0.7,0.6,0.04040404040404041,0.0707070707070707,0.12121212121212122,0.07692307692307693,0.12844036697247704,0.20168067226890757,0.4183655133935295,best,RGB+HSV+LAB,cosine,zscore
616,616.jpg,flowers,1.0,1.0,0.85,0.050505050505050504,0.10101010101010101,0.1717171717171717,0.09615384615384615,0.1834862385321101,0.2857142857142857,0.6501254194371886,best,RGB+HSV+LAB,cosine,zscore
617,617.jpg,flowers,0.6,0.5,0.5,0.030303030303030304,0.050505050505050504,0.10101010101010101,0.057692307692307696,0.09174311926605505,0.16806722689075632,0.2798321649488876,best,RGB+HSV+LAB,cosine,zscore
618,618.jpg,flowers,1.0,1.0,1.0,0.050505050505050504,0.10101010101010101,0.20202020202020202,0.09615384615384615,0.1834862385321101,0.33613445378151263,0.7452427037442968,best,RGB+HSV+LAB,cosine,zscore
619,619.jpg,flowers,1.0,1.0,0.9,0.050505050505050504,0.10101010101010101,0.18181818181818182,0.09615384615384615,0.1834862385321101,0.3025210084033613,0.7000592245589063,best,RGB+HSV+LAB,cosine,zscore
620,620.jpg,flowers,1.0,1.0,1.0,0.050505050505050504,0.10101010101010101,0.20202020202020202,0.09615384615384615,0.1834862385321101,0.33613445378151263,0.6990473112139838,best,RGB+HSV+LAB,cosine,zscore
621,621.jpg,flowers,1.0,1.0,0.9,0.050505050505050504,0.10101010101010101,0.18181818181818182,0.09615384615384615,0.1834862385321101,0.3025210084033613,0.7067968016906614,best,RGB+HSV+LAB,cosine,zscore
622,622.jpg,flowers,1.0,0.8,0.75,0.050505050505050504,0.08080808080808081,0.15151515151515152,0.09615384615384615,0.1467889908256881,0.2521008403361345,0.5562617139836166,best,RGB+HSV+LAB,cosine,zscore
623,623.jpg,flowers,1.0,0.7,0.55,0.050505050505050504,0.0707070707070707,0.1111111111111111,0.09615384615384615,0.12844036697247704,0.18487394957983191,0.36543084446629637,best,RGB+HSV+LAB,cosine,zscore
624,624.jpg,flowers,1.0,1.0,0.95,0.050505050505050504,0.10101010101010101,0.1919191919191919,0.09615384615384615,0.1834862385321101,0.319327731092437,0.7092717008124837,best,RGB+HSV+LAB,cosine,zscore
625,625.jpg,flowers,0.6,0.4,0.35,0.030303030303030304,0.04040404040404041,0.0707070707070707,0.057692307692307696,0.07339449541284405,0.1176470588235294,0.1802569525568263,best,RGB+HSV+LAB,cosine,zscore
626,626.jpg,flowers,1.0,1.0,0.9,0.050505050505050504,0.10101010101010101,0.18181818181818182,0.09615384615384615,0.1834862385321101,0.3025210084033613,0.6677283747156737,best,RGB+HSV+LAB,cosine,zscore
627,627.jpg,flowers,0.6,0.3,0.2,0.030303030303030304,0.030303030303030304,0.04040404040404041,0.057692307692307696,0.055045871559633024,0.06722689075630253,0.15122373056564903,best,RGB+HSV+LAB,cosine,zscore
628,628.jpg,flowers,1.0,0.9,0.75,0.050505050505050504,0.09090909090909091,0.15151515151515152,0.09615384615384615,0.16513761467889906,0.2521008403361345,0.38165431707903247,best,RGB+HSV+LAB,cosine,zscore
629,629.jpg,flowers,1.0,0.9,0.9,0.050505050505050504,0.09090909090909091,0.18181818181818182,0.09615384615384615,0.16513761467889906,0.3025210084033613,0.652403683389467,best,RGB+HSV+LAB,cosine,zscore
630,630.jpg,flowers,0.8,0.9,0.9,0.04040404040404041,0.09090909090909091,0.18181818181818182,0.07692307692307693,0.16513761467889906,0.3025210084033613,0.6045892319070164,best,RGB+HSV+LAB,cosine,zscore
631,631.jpg,flowers,0.8,0.8,0.6,0.04040404040404041,0.08080808080808081,0.12121212121212122,0.07692307692307693,0.1467889908256881,0.20168067226890757,0.4735046913538792,best,RGB+HSV+LAB,cosine,zscore
632,632.jpg,flowers,0.2,0.3,0.3,0.010101010101010102,0.030303030303030304,0.06060606060606061,0.019230769230769232,0.055045871559633024,0.10084033613445378,0.3058796247832206,best,RGB+HSV+LAB,cosine,zscore
633,633.jpg,flowers,1.0,1.0,0.65,0.050505050505050504,0.10101010101010101,0.13131313131313133,0.09615384615384615,0.1834862385321101,0.2184873949579832,0.3856005345252593,best,RGB+HSV+LAB,cosine,zscore
634,634.jpg,flowers,1.0,1.0,1.0,0.050505050505050504,0.10101010101010101,0.20202020202020202,0.09615384615384615,0.1834862385321101,0.33613445378151263,0.6846820437819932,best,RGB+HSV+LAB,cosine,zscore
635,635.jpg,flowers,1.0,1.0,1.0,0.050505050505050504,0.10101010101010101,0.20202020202020202,0.09615384615384615,0.1834862385321101,0.33613445378151263,0.6993126570140161,best,RGB+HSV+LAB,cosine,zscore
636,636.jpg,flowers,1.0,0.8,0.75,0.050505050505050504,0.08080808080808081,0.15151515151515152,0.09615384615384615,0.1467889908256881,0.2521008403361345,0.5007288612805489,best,RGB+HSV+LAB,cosine,zscore
637,637.jpg,flowers,1.0,1.0,1.0,0.050505050505050504,0.10101010101010101,0.20202020202020202,0.09615384615384615,0.1834862385321101,0.33613445378151263,0.7105450999084096,best,RGB+HSV+LAB,cosine,zscore
638,638.jpg,flowers,0.6,0.7,0.45,0.030303030303030304,0.0707070707070707,0.09090909090909091,0.057692307692307696,0.12844036697247704,0.15126050420168066,0.3371332501617304,best,RGB+HSV+LAB,cosine,zscore
639,639.jpg,flowers,0.8,0.7,0.8,0.04040404040404041,0.0707070707070707,0.16161616161616163,0.07692307692307693,0.12844036697247704,0.26890756302521013,0.5783516056497511,best,RGB+HSV+LAB,cosine,zscore
640,640.jpg,flowers,1.0,1.0,1.0,0.050505050505050504,0.10101010101010101,0.20202020202020202,0.09615384615384615,0.1834862385321101,0.33613445378151263,0.6613652942863331,best,RGB+HSV+LAB,cosine,zscore
641,641.jpg,flowers,1.0,0.9,0.7,0.050505050505050504,0.09090909090909091,0.1414141414141414,0.09615384615384615,0.16513761467889906,0.2352941176470588,0.3714640082239698,best,RGB+HSV+LAB,cosine,zscore
642,642.jpg,flowers,0.2,0.3,0.3,0.010101010101010102,0.030303030303030304,0.06060606060606061,0.019230769230769232,0.055045871559633024,0.10084033613445378,0.14130370146301063,best,RGB+HSV+LAB,cosine,zscore
643,643.jpg,flowers,1.0,1.0,0.85,0.050505050505050504,0.10101010101010101,0.1717171717171717,0.09615384615384615,0.1834862385321101,0.2857142857142857,0.6709977315613499,best,RGB+HSV+LAB,cosine,zscore
644,644.jpg,flowers,1.0,0.8,0.65,0.050505050505050504,0.08080808080808081,0.13131313131313133,0.09615384615384615,0.1467889908256881,0.2184873949579832,0.3383304434113519,best,RGB+HSV+LAB,cosine,zscore
645,645.jpg,flowers,1.0,1.0,0.95,0.050505050505050504,0.10101010101010101,0.1919191919191919,0.09615384615384615,0.1834862385321101,0.319327731092437,0.6808324182643832,best,RGB+HSV+LAB,cosine,zscore
646,646.jpg,flowers,1.0,1.0,1.0,0.050505050505050504,0.10101010101010101,0.20202020202020202,0.09615384615384615,0.1834862385321101,0.33613445378151263,0.6784780906489444,best,RGB+HSV+LAB,cosine,zscore
647,647.jpg,flowers,0.8,0.6,0.6,0.04040404040404041,0.06060606060606061,0.12121212121212122,0.07692307692307693,0.11009174311926605,0.20168067226890757,0.24684442264448192,best,RGB+HSV+LAB,cosine,zscore
648,648.jpg,flowers,0.8,0.9,0.9,0.04040404040404041,0.09090909090909091,0.18181818181818182,0.07692307692307693,0.16513761467889906,0.3025210084033613,0.6136761074467825,best,RGB+HSV+LAB,cosine,zscore
649,649.jpg,flowers,0.8,0.7,0.65,0.04040404040404041,0.0707070707070707,0.13131313131313133,0.07692307692307693,0.12844036697247704,0.2184873949579832,0.47696032864729576,best,RGB+HSV+LAB,cosine,zscore
650,650.jpg,flowers,1.0,1.0,0.95,0.050505050505050504,0.10101010101010101,0.1919191919191919,0.09615384615384615,0.1834862385321101,0.319327731092437,0.7327625871844423,best,RGB+HSV+LAB,cosine,zscore
651,651.jpg,flowers,0.4,0.4,0.4,0.020202020202020204,0.04040404040404041,0.08080808080808081,0.038461538461538464,0.07339449541284405,0.13445378151260506,0.24250271563706882,best,RGB+HSV+LAB,cosine,zscore
652,652.jpg,flowers,1.0,1.0,1.0,0.050505050505050504,0.10101010101010101,0.20202020202020202,0.09615384615384615,0.1834862385321101,0.33613445378151263,0.693685529089143,best,RGB+HSV+LAB,cosine,zscore
653,653.jpg,flowers,0.8,0.8,0.65,0.04040404040404041,0.08080808080808081,0.13131313131313133,0.07692307692307693,0.1467889908256881,0.2184873949579832,0.4269956433315663,best,RGB+HSV+LAB,cosine,zscore
654,654.jpg,flowers,1.0,0.9,0.95,0.050505050505050504,0.09090909090909091,0.1919191919191919,0.09615384615384615,0.16513761467889906,0.319327731092437,0.6343564090577093,best,RGB+HSV+LAB,cosine,zscore
655,655.jpg,flowers,0.4,0.7,0.65,0.020202020202020204,0.0707070707070707,0.13131313131313133,0.038461538461538464,0.12844036697247704,0.2184873949579832,0.5025539077824621,best,RGB+HSV+LAB,cosine,zscore
656,656.jpg,flowers,0.4,0.3,0.25,0.020202020202020204,0.030303030303030304,0.050505050505050504,0.038461538461538464,0.055045871559633024,0.08403361344537816,0.15636239227079615,best,RGB+HSV+LAB,cosine,zscore
657,657.jpg,flowers,1.0,1.0,1.0,0.050505050505050504,0.10101010101010101,0.20202020202020202,0.09615384615384615,0.1834862385321101,0.33613445378151263,0.6960977501967176,best,RGB+HSV+LAB,cosine,zscore
658,658.jpg,flowers,0.8,0.6,0.5,0.04040404040404041,0.06060606060606061,0.10101010101010101,0.07692307692307693,0.11009174311926605,0.16806722689075632,0.26846570605935033,best,RGB+HSV+LAB,cosine,zscore
659,659.jpg,flowers,1.0,0.9,0.8,0.050505050505050504,0.09090909090909091,0.16161616161616163,0.09615384615384615,0.16513761467889906,0.26890756302521013,0.6507080940702897,best,RGB+HSV+LAB,cosine,zscore
660,660.jpg,flowers,0.8,0.8,0.75,0.04040404040404041,0.08080808080808081,0.15151515151515152,0.07692307692307693,0.1467889908256881,0.2521008403361345,0.5037240516573341,best,RGB+HSV+LAB,cosine,zscore
661,661.jpg,flowers,0.4,0.5,0.4,0.020202020202020204,0.050505050505050504,0.08080808080808081,0.038461538461538464,0.09174311926605505,0.13445378151260506,0.26233065755770785,best,RGB+HSV+LAB,cosine,zscore
662,662.jpg,flowers,1.0,1.0,0.85,0.050505050505050504,0.10101010101010101,0.1717171717171717,0.09615384615384615,0.1834862385321101,0.2857142857142857,0.6578437746723547,best,RGB+HSV+LAB,cosine,zscore
663,663.jpg,flowers,1.0,1.0,1.0,0.050505050505050504,0.10101010101010101,0.20202020202020202,0.09615384615384615,0.1834862385321101,0.33613445378151263,0.7226467360153486,best,RGB+HSV+LAB,cosine,zscore
664,664.jpg,flowers,1.0,0.8,0.65,0.050505050505050504,0.08080808080808081,0.13131313131313133,0.09615384615384615,0.1467889908256881,0.2184873949579832,0.4590354920598796,best,RGB+HSV+LAB,cosine,zscore
665,665.jpg,flowers,1.0,1.0,0.9,0.050505050505050504,0.10101010101010101,0.18181818181818182,0.09615384615384615,0.1834862385321101,0.3025210084033613,0.5843262838033113,best,RGB+HSV+LAB,cosine,zscore
666,666.jpg,flowers,1.0,0.8,0.7,0.050505050505050504,0.08080808080808081,0.1414141414141414,0.09615384615384615,0.1467889908256881,0.2352941176470588,0.5080367884661585,best,RGB+HSV+LAB,cosine,zscore
667,667.jpg,flowers,1.0,0.9,0.85,0.050505050505050504,0.09090909090909091,0.1717171717171717,0.09615384615384615,0.16513761467889906,0.2857142857142857,0.5935485085909183,best,RGB+HSV+LAB,cosine,zscore
668,668.jpg,flowers,1.0,0.7,0.7,0.050505050505050504,0.0707070707070707,0.1414141414141414,0.09615384615384615,0.12844036697247704,0.2352941176470588,0.42966135812779127,best,RGB+HSV+LAB,cosine,zscore
669,669.jpg,flowers,1.0,1.0,0.95,0.050505050505050504,0.10101010101010101,0.1919191919191919,0.09615384615384615,0.1834862385321101,0.319327731092437,0.6897832932005825,best,RGB+HSV+LAB,cosine,zscore
670,670.jpg,flowers,1.0,0.8,0.55,0.050505050505050504,0.08080808080808081,0.1111111111111111,0.09615384615384615,0.1467889908256881,0.18487394957983191,0.32061525896535376,best,RGB+HSV+LAB,cosine,zscore
671,671.jpg,flowers,1.0,0.9,0.65,0.050505050505050504,0.09090909090909091,0.13131313131313133,0.09615384615384615,0.16513761467889906,0.2184873949579832,0.3752872074253047,best,RGB+HSV+LAB,cosine,zscore
672,672.jpg,flowers,1.0,1.0,1.0,0.050505050505050504,0.10101010101010101,0.20202020202020202,0.09615384615384615,0.1834862385321101,0.33613445378151263,0.739017765490841,best,RGB+HSV+LAB,cosine,zscore
673,673.jpg,flowers,1.0,1.0,0.9,0.050505050505050504,0.10101010101010101,0.18181818181818182,0.09615384615384615,0.1834862385321101,0.3025210084033613,0.6595860989239934,best,RGB+HSV+LAB,cosine,zscore
674,674.jpg,flowers,0.8,0.9,0.9,0.04040404040404041,0.09090909090909091,0.18181818181818182,0.07692307692307693,0.16513761467889906,0.3025210084033613,0.6072277856803425,best,RGB+HSV+LAB,cosine,zscore
675,675.jpg,flowers,1.0,0.7,0.55,0.050505050505050504,0.0707070707070707,0.1111111111111111,0.09615384615384615,0.12844036697247704,0.18487394957983191,0.3525745770359188,best,RGB+HSV+LAB,cosine,zscore
676,676.jpg,flowers,0.2,0.2,0.25,0.010101010101010102,0.020202020202020204,0.050505050505050504,0.019230769230769232,0.03669724770642203,0.08403361344537816,0.20904126301856607,best,RGB+HSV+LAB,cosine,zscore
677,677.jpg,flowers,1.0,1.0,0.95,0.050505050505050504,0.10101010101010101,0.1919191919191919,0.09615384615384615,0.1834862385321101,0.319327731092437,0.6795294178118022,best,RGB+HSV+LAB,cosine,zscore
678,678.jpg,flowers,0.6,0.7,0.8,0.030303030303030304,0.0707070707070707,0.16161616161616163,0.057692307692307696,0.12844036697247704,0.26890756302521013,0.5008398701487169,best,RGB+HSV+LAB,cosine,zscore
679,679.jpg,flowers,0.8,0.7,0.55,0.04040404040404041,0.0707070707070707,0.1111111111111111,0.07692307692307693,0.12844036697247704,0.18487394957983191,0.31160968767037295,best,RGB+HSV+LAB,cosine,zscore
680,680.jpg,flowers,1.0,1.0,0.85,0.050505050505050504,0.10101010101010101,0.1717171717171717,0.09615384615384615,0.1834862385321101,0.2857142857142857,0.5011337745582947,best,RGB+HSV+LAB,cosine,zscore
681,681.jpg,flowers,0.4,0.5,0.55,0.020202020202020204,0.050505050505050504,0.1111111111111111,0.038461538461538464,0.09174311926605505,0.18487394957983191,0.33610611234206156,best,RGB+HSV+LAB,cosine,zscore
682,682.jpg,flowers,0.4,0.5,0.5,0.020202020202020204,0.050505050505050504,0.10101010101010101,0.038461538461538464,0.09174311926605505,0.16806722689075632,0.3407658578599607,best,RGB+HSV+LAB,cosine,zscore
683,683.jpg,flowers,1.0,1.0,1.0,0.050505050505050504,0.10101010101010101,0.20202020202020202,0.09615384615384615,0.1834862385321101,0.33613445378151263,0.6760164815872182,best,RGB+HSV+LAB,cosine,zscore
684,684.jpg,flowers,0.2,0.3,0.35,0.010101010101010102,0.030303030303030304,0.0707070707070707,0.019230769230769232,0.055045871559633024,0.1176470588235294,0.29362530035990136,best,RGB+HSV+LAB,cosine,zscore
685,685.jpg,flowers,0.6,0.4,0.4,0.030303030303030304,0.04040404040404041,0.08080808080808081,0.057692307692307696,0.07339449541284405,0.13445378151260506,0.206416848531052,best,RGB+HSV+LAB,cosine,zscore
686,686.jpg,flowers,0.8,0.8,0.6,0.04040404040404041,0.08080808080808081,0.12121212121212122,0.07692307692307693,0.1467889908256881,0.20168067226890757,0.3917305187100685,best,RGB+HSV+LAB,cosine,zscore
687,687.jpg,flowers,1.0,0.9,0.8,0.050505050505050504,0.09090909090909091,0.16161616161616163,0.09615384615384615,0.16513761467889906,0.26890756302521013,0.6069737294364371,best,RGB+HSV+LAB,cosine,zscore
688,688.jpg,flowers,1.0,0.9,0.9,0.050505050505050504,0.09090909090909091,0.18181818181818182,0.09615384615384615,0.16513761467889906,0.3025210084033613,0.678904069777298,best,RGB+HSV+LAB,cosine,zscore
689,689.jpg,flowers,0.0,0.0,0.0,0.0,0.0,0.0,0.0,0.0,0.0,0.08057458907052684,best,RGB+HSV+LAB,cosine,zscore
690,690.jpg,flowers,1.0,0.9,0.95,0.050505050505050504,0.09090909090909091,0.1919191919191919,0.09615384615384615,0.16513761467889906,0.319327731092437,0.6834646990802392,best,RGB+HSV+LAB,cosine,zscore
691,691.jpg,flowers,1.0,0.8,0.65,0.050505050505050504,0.08080808080808081,0.13131313131313133,0.09615384615384615,0.1467889908256881,0.2184873949579832,0.3712223618047107,best,RGB+HSV+LAB,cosine,zscore
692,692.jpg,flowers,0.0,0.0,0.0,0.0,0.0,0.0,0.0,0.0,0.0,0.1679445011560013,best,RGB+HSV+LAB,cosine,zscore
693,693.jpg,flowers,1.0,1.0,1.0,0.050505050505050504,0.10101010101010101,0.20202020202020202,0.09615384615384615,0.1834862385321101,0.33613445378151263,0.6924897389959553,best,RGB+HSV+LAB,cosine,zscore
694,694.jpg,flowers,0.8,0.5,0.3,0.04040404040404041,0.050505050505050504,0.06060606060606061,0.07692307692307693,0.09174311926605505,0.10084033613445378,0.19284790257552684,best,RGB+HSV+LAB,cosine,zscore
695,695.jpg,flowers,1.0,1.0,1.0,0.050505050505050504,0.10101010101010101,0.20202020202020202,0.09615384615384615,0.1834862385321101,0.33613445378151263,0.6741694892715725,best,RGB+HSV+LAB,cosine,zscore
696,696.jpg,flowers,0.8,0.6,0.6,0.04040404040404041,0.06060606060606061,0.12121212121212122,0.07692307692307693,0.11009174311926605,0.20168067226890757,0.3325983577511347,best,RGB+HSV+LAB,cosine,zscore
697,697.jpg,flowers,1.0,0.9,0.95,0.050505050505050504,0.09090909090909091,0.1919191919191919,0.09615384615384615,0.16513761467889906,0.319327731092437,0.5747429896043343,best,RGB+HSV+LAB,cosine,zscore
698,698.jpg,flowers,0.0,0.0,0.05,0.0,0.0,0.010101010101010102,0.0,0.0,0.016806722689075633,0.2488815932426239,best,RGB+HSV+LAB,cosine,zscore
699,699.jpg,flowers,1.0,1.0,0.95,0.050505050505050504,0.10101010101010101,0.1919191919191919,0.09615384615384615,0.1834862385321101,0.319327731092437,0.6712478472362099,best,RGB+HSV+LAB,cosine,zscore
700,700.jpg,horses,1.0,1.0,0.95,0.050505050505050504,0.10101010101010101,0.1919191919191919,0.09615384615384615,0.1834862385321101,0.319327731092437,0.7811518097965885,best,RGB+HSV+LAB,cosine,zscore
701,701.jpg,horses,1.0,1.0,1.0,0.050505050505050504,0.10101010101010101,0.20202020202020202,0.09615384615384615,0.1834862385321101,0.33613445378151263,0.8401886764550954,best,RGB+HSV+LAB,cosine,zscore
702,702.jpg,horses,1.0,1.0,1.0,0.050505050505050504,0.10101010101010101,0.20202020202020202,0.09615384615384615,0.1834862385321101,0.33613445378151263,0.9167401981762845,best,RGB+HSV+LAB,cosine,zscore
703,703.jpg,horses,1.0,1.0,0.95,0.050505050505050504,0.10101010101010101,0.1919191919191919,0.09615384615384615,0.1834862385321101,0.319327731092437,0.6563505828138957,best,RGB+HSV+LAB,cosine,zscore
704,704.jpg,horses,1.0,1.0,1.0,0.050505050505050504,0.10101010101010101,0.20202020202020202,0.09615384615384615,0.1834862385321101,0.33613445378151263,0.9067487224036328,best,RGB+HSV+LAB,cosine,zscore
705,705.jpg,horses,0.8,0.9,0.95,0.04040404040404041,0.09090909090909091,0.1919191919191919,0.07692307692307693,0.16513761467889906,0.319327731092437,0.7666856245764212,best,RGB+HSV+LAB,cosine,zscore
706,706.jpg,horses,1.0,1.0,1.0,0.050505050505050504,0.10101010101010101,0.20202020202020202,0.09615384615384615,0.1834862385321101,0.33613445378151263,0.8464600648669096,best,RGB+HSV+LAB,cosine,zscore
707,707.jpg,horses,1.0,1.0,1.0,0.050505050505050504,0.10101010101010101,0.20202020202020202,0.09615384615384615,0.1834862385321101,0.33613445378151263,0.9050964805989369,best,RGB+HSV+LAB,cosine,zscore
708,708.jpg,horses,1.0,1.0,0.95,0.050505050505050504,0.10101010101010101,0.1919191919191919,0.09615384615384615,0.1834862385321101,0.319327731092437,0.8743883471153305,best,RGB+HSV+LAB,cosine,zscore
709,709.jpg,horses,1.0,1.0,0.9,0.050505050505050504,0.10101010101010101,0.18181818181818182,0.09615384615384615,0.1834862385321101,0.3025210084033613,0.4557321042090021,best,RGB+HSV+LAB,cosine,zscore
710,710.jpg,horses,1.0,0.9,0.95,0.050505050505050504,0.09090909090909091,0.1919191919191919,0.09615384615384615,0.16513761467889906,0.319327731092437,0.7145941678588947,best,RGB+HSV+LAB,cosine,zscore
711,711.jpg,horses,1.0,1.0,0.95,0.050505050505050504,0.10101010101010101,0.1919191919191919,0.09615384615384615,0.1834862385321101,0.319327731092437,0.8277502717151934,best,RGB+HSV+LAB,cosine,zscore
712,712.jpg,horses,1.0,0.9,0.95,0.050505050505050504,0.09090909090909091,0.1919191919191919,0.09615384615384615,0.16513761467889906,0.319327731092437,0.7706259654281195,best,RGB+HSV+LAB,cosine,zscore
713,713.jpg,horses,1.0,1.0,1.0,0.050505050505050504,0.10101010101010101,0.20202020202020202,0.09615384615384615,0.1834862385321101,0.33613445378151263,0.6237253180589633,best,RGB+HSV+LAB,cosine,zscore
714,714.jpg,horses,1.0,1.0,1.0,0.050505050505050504,0.10101010101010101,0.20202020202020202,0.09615384615384615,0.1834862385321101,0.33613445378151263,0.7097030037483758,best,RGB+HSV+LAB,cosine,zscore
715,715.jpg,horses,1.0,1.0,1.0,0.050505050505050504,0.10101010101010101,0.20202020202020202,0.09615384615384615,0.1834862385321101,0.33613445378151263,0.6520898780468508,best,RGB+HSV+LAB,cosine,zscore
716,716.jpg,horses,1.0,0.9,0.8,0.050505050505050504,0.09090909090909091,0.16161616161616163,0.09615384615384615,0.16513761467889906,0.26890756302521013,0.48008109506515984,best,RGB+HSV+LAB,cosine,zscore
717,717.jpg,horses,0.4,0.3,0.3,0.020202020202020204,0.030303030303030304,0.06060606060606061,0.038461538461538464,0.055045871559633024,0.10084033613445378,0.18285129678361917,best,RGB+HSV+LAB,cosine,zscore
718,718.jpg,horses,1.0,1.0,1.0,0.050505050505050504,0.10101010101010101,0.20202020202020202,0.09615384615384615,0.1834862385321101,0.33613445378151263,0.8530599715587132,best,RGB+HSV+LAB,cosine,zscore
719,719.jpg,horses,1.0,0.9,0.9,0.050505050505050504,0.09090909090909091,0.18181818181818182,0.09615384615384615,0.16513761467889906,0.3025210084033613,0.4211710295091885,best,RGB+HSV+LAB,cosine,zscore
720,720.jpg,horses,1.0,1.0,0.9,0.050505050505050504,0.10101010101010101,0.18181818181818182,0.09615384615384615,0.1834862385321101,0.3025210084033613,0.62814243346178,best,RGB+HSV+LAB,cosine,zscore
721,721.jpg,horses,1.0,1.0,1.0,0.050505050505050504,0.10101010101010101,0.20202020202020202,0.09615384615384615,0.1834862385321101,0.33613445378151263,0.740407421431168,best,RGB+HSV+LAB,cosine,zscore
722,722.jpg,horses,1.0,1.0,1.0,0.050505050505050504,0.10101010101010101,0.20202020202020202,0.09615384615384615,0.1834862385321101,0.33613445378151263,0.8065942685350337,best,RGB+HSV+LAB,cosine,zscore
723,723.jpg,horses,1.0,1.0,1.0,0.050505050505050504,0.10101010101010101,0.20202020202020202,0.09615384615384615,0.1834862385321101,0.33613445378151263,0.6634439245356819,best,RGB+HSV+LAB,cosine,zscore
724,724.jpg,horses,1.0,1.0,0.75,0.050505050505050504,0.10101010101010101,0.15151515151515152,0.09615384615384615,0.1834862385321101,0.2521008403361345,0.5223780177847507,best,RGB+HSV+LAB,cosine,zscore
725,725.jpg,horses,1.0,0.9,0.9,0.050505050505050504,0.09090909090909091,0.18181818181818182,0.09615384615384615,0.16513761467889906,0.3025210084033613,0.7010680045261278,best,RGB+HSV+LAB,cosine,zscore
726,726.jpg,horses,1.0,0.9,0.9,0.050505050505050504,0.09090909090909091,0.18181818181818182,0.09615384615384615,0.16513761467889906,0.3025210084033613,0.7678846137421631,best,RGB+HSV+LAB,cosine,zscore
727,727.jpg,horses,1.0,1.0,1.0,0.050505050505050504,0.10101010101010101,0.20202020202020202,0.09615384615384615,0.1834862385321101,0.33613445378151263,0.8929095448318595,best,RGB+HSV+LAB,cosine,zscore
728,728.jpg,horses,1.0,1.0,1.0,0.050505050505050504,0.10101010101010101,0.20202020202020202,0.09615384615384615,0.1834862385321101,0.33613445378151263,0.8341888459630091,best,RGB+HSV+LAB,cosine,zscore
729,729.jpg,horses,1.0,1.0,0.95,0.050505050505050504,0.10101010101010101,0.1919191919191919,0.09615384615384615,0.1834862385321101,0.319327731092437,0.7938566175160986,best,RGB+HSV+LAB,cosine,zscore
730,730.jpg,horses,1.0,0.9,0.9,0.050505050505050504,0.09090909090909091,0.18181818181818182,0.09615384615384615,0.16513761467889906,0.3025210084033613,0.565898037324675,best,RGB+HSV+LAB,cosine,zscore
731,731.jpg,horses,1.0,1.0,1.0,0.050505050505050504,0.10101010101010101,0.20202020202020202,0.09615384615384615,0.1834862385321101,0.33613445378151263,0.8527617346324857,best,RGB+HSV+LAB,cosine,zscore
732,732.jpg,horses,1.0,1.0,1.0,0.050505050505050504,0.10101010101010101,0.20202020202020202,0.09615384615384615,0.1834862385321101,0.33613445378151263,0.8884472351397602,best,RGB+HSV+LAB,cosine,zscore
733,733.jpg,horses,1.0,1.0,1.0,0.050505050505050504,0.10101010101010101,0.20202020202020202,0.09615384615384615,0.1834862385321101,0.33613445378151263,0.8105843932558195,best,RGB+HSV+LAB,cosine,zscore
734,734.jpg,horses,1.0,1.0,1.0,0.050505050505050504,0.10101010101010101,0.20202020202020202,0.09615384615384615,0.1834862385321101,0.33613445378151263,0.8273546618332095,best,RGB+HSV+LAB,cosine,zscore
735,735.jpg,horses,1.0,1.0,1.0,0.050505050505050504,0.10101010101010101,0.20202020202020202,0.09615384615384615,0.1834862385321101,0.33613445378151263,0.8363668865446573,best,RGB+HSV+LAB,cosine,zscore
736,736.jpg,horses,1.0,0.9,0.85,0.050505050505050504,0.09090909090909091,0.1717171717171717,0.09615384615384615,0.16513761467889906,0.2857142857142857,0.615598850200018,best,RGB+HSV+LAB,cosine,zscore
737,737.jpg,horses,1.0,1.0,1.0,0.050505050505050504,0.10101010101010101,0.20202020202020202,0.09615384615384615,0.1834862385321101,0.33613445378151263,0.8311001542926747,best,RGB+HSV+LAB,cosine,zscore
738,738.jpg,horses,1.0,1.0,1.0,0.050505050505050504,0.10101010101010101,0.20202020202020202,0.09615384615384615,0.1834862385321101,0.33613445378151263,0.7103943540133193,best,RGB+HSV+LAB,cosine,zscore
739,739.jpg,horses,1.0,1.0,1.0,0.050505050505050504,0.10101010101010101,0.20202020202020202,0.09615384615384615,0.1834862385321101,0.33613445378151263,0.9015313381609121,best,RGB+HSV+LAB,cosine,zscore
740,740.jpg,horses,1.0,1.0,1.0,0.050505050505050504,0.10101010101010101,0.20202020202020202,0.09615384615384615,0.1834862385321101,0.33613445378151263,0.7543399650806247,best,RGB+HSV+LAB,cosine,zscore
741,741.jpg,horses,1.0,1.0,1.0,0.050505050505050504,0.10101010101010101,0.20202020202020202,0.09615384615384615,0.1834862385321101,0.33613445378151263,0.832168178549856,best,RGB+HSV+LAB,cosine,zscore
742,742.jpg,horses,1.0,1.0,1.0,0.050505050505050504,0.10101010101010101,0.20202020202020202,0.09615384615384615,0.1834862385321101,0.33613445378151263,0.7924172702286787,best,RGB+HSV+LAB,cosine,zscore
743,743.jpg,horses,1.0,1.0,1.0,0.050505050505050504,0.10101010101010101,0.20202020202020202,0.09615384615384615,0.1834862385321101,0.33613445378151263,0.9093454534439311,best,RGB+HSV+LAB,cosine,zscore
744,744.jpg,horses,1.0,1.0,0.95,0.050505050505050504,0.10101010101010101,0.1919191919191919,0.09615384615384615,0.1834862385321101,0.319327731092437,0.6086959395039996,best,RGB+HSV+LAB,cosine,zscore
745,745.jpg,horses,1.0,1.0,1.0,0.050505050505050504,0.10101010101010101,0.20202020202020202,0.09615384615384615,0.1834862385321101,0.33613445378151263,0.963272886991807,best,RGB+HSV+LAB,cosine,zscore
746,746.jpg,horses,1.0,1.0,1.0,0.050505050505050504,0.10101010101010101,0.20202020202020202,0.09615384615384615,0.1834862385321101,0.33613445378151263,0.784151644641042,best,RGB+HSV+LAB,cosine,zscore
747,747.jpg,horses,1.0,1.0,0.95,0.050505050505050504,0.10101010101010101,0.1919191919191919,0.09615384615384615,0.1834862385321101,0.319327731092437,0.8823824549560947,best,RGB+HSV+LAB,cosine,zscore
748,748.jpg,horses,1.0,1.0,1.0,0.050505050505050504,0.10101010101010101,0.20202020202020202,0.09615384615384615,0.1834862385321101,0.33613445378151263,0.8738423358777073,best,RGB+HSV+LAB,cosine,zscore
749,749.jpg,horses,1.0,1.0,1.0,0.050505050505050504,0.10101010101010101,0.20202020202020202,0.09615384615384615,0.1834862385321101,0.33613445378151263,0.9306469384292297,best,RGB+HSV+LAB,cosine,zscore
750,750.jpg,horses,1.0,1.0,1.0,0.050505050505050504,0.10101010101010101,0.20202020202020202,0.09615384615384615,0.1834862385321101,0.33613445378151263,0.9287055690166338,best,RGB+HSV+LAB,cosine,zscore
751,751.jpg,horses,1.0,1.0,1.0,0.050505050505050504,0.10101010101010101,0.20202020202020202,0.09615384615384615,0.1834862385321101,0.33613445378151263,0.8849418632649986,best,RGB+HSV+LAB,cosine,zscore
752,752.jpg,horses,1.0,1.0,1.0,0.050505050505050504,0.10101010101010101,0.20202020202020202,0.09615384615384615,0.1834862385321101,0.33613445378151263,0.9035170258649071,best,RGB+HSV+LAB,cosine,zscore
753,753.jpg,horses,1.0,1.0,1.0,0.050505050505050504,0.10101010101010101,0.20202020202020202,0.09615384615384615,0.1834862385321101,0.33613445378151263,0.7194806824471072,best,RGB+HSV+LAB,cosine,zscore
754,754.jpg,horses,0.8,0.8,0.65,0.04040404040404041,0.08080808080808081,0.13131313131313133,0.07692307692307693,0.1467889908256881,0.2184873949579832,0.6758827254722438,best,RGB+HSV+LAB,cosine,zscore
755,755.jpg,horses,1.0,0.9,0.85,0.050505050505050504,0.09090909090909091,0.1717171717171717,0.09615384615384615,0.16513761467889906,0.2857142857142857,0.43676549506018797,best,RGB+HSV+LAB,cosine,zscore
756,756.jpg,horses,1.0,1.0,1.0,0.050505050505050504,0.10101010101010101,0.20202020202020202,0.09615384615384615,0.1834862385321101,0.33613445378151263,0.6831142999723806,best,RGB+HSV+LAB,cosine,zscore
757,757.jpg,horses,1.0,1.0,1.0,0.050505050505050504,0.10101010101010101,0.20202020202020202,0.09615384615384615,0.1834862385321101,0.33613445378151263,0.8714789333754469,best,RGB+HSV+LAB,cosine,zscore
758,758.jpg,horses,1.0,1.0,1.0,0.050505050505050504,0.10101010101010101,0.20202020202020202,0.09615384615384615,0.1834862385321101,0.33613445378151263,0.935760346189856,best,RGB+HSV+LAB,cosine,zscore
759,759.jpg,horses,1.0,1.0,0.95,0.050505050505050504,0.10101010101010101,0.1919191919191919,0.09615384615384615,0.1834862385321101,0.319327731092437,0.6926043200616958,best,RGB+HSV+LAB,cosine,zscore
760,760.jpg,horses,1.0,1.0,1.0,0.050505050505050504,0.10101010101010101,0.20202020202020202,0.09615384615384615,0.1834862385321101,0.33613445378151263,0.9359859802724251,best,RGB+HSV+LAB,cosine,zscore
761,761.jpg,horses,1.0,1.0,0.95,0.050505050505050504,0.10101010101010101,0.1919191919191919,0.09615384615384615,0.1834862385321101,0.319327731092437,0.8676103556957919,best,RGB+HSV+LAB,cosine,zscore
762,762.jpg,horses,1.0,1.0,1.0,0.050505050505050504,0.10101010101010101,0.20202020202020202,0.09615384615384615,0.1834862385321101,0.33613445378151263,0.9302747169259655,best,RGB+HSV+LAB,cosine,zscore
763,763.jpg,horses,1.0,1.0,1.0,0.050505050505050504,0.10101010101010101,0.20202020202020202,0.09615384615384615,0.1834862385321101,0.33613445378151263,0.9363029158889173,best,RGB+HSV+LAB,cosine,zscore
764,764.jpg,horses,1.0,0.9,0.85,0.050505050505050504,0.09090909090909091,0.1717171717171717,0.09615384615384615,0.16513761467889906,0.2857142857142857,0.6333072661162864,best,RGB+HSV+LAB,cosine,zscore
765,765.jpg,horses,1.0,1.0,1.0,0.050505050505050504,0.10101010101010101,0.20202020202020202,0.09615384615384615,0.1834862385321101,0.33613445378151263,0.9440253096597564,best,RGB+HSV+LAB,cosine,zscore
766,766.jpg,horses,1.0,1.0,1.0,0.050505050505050504,0.10101010101010101,0.20202020202020202,0.09615384615384615,0.1834862385321101,0.33613445378151263,0.9370538504203866,best,RGB+HSV+LAB,cosine,zscore
767,767.jpg,horses,1.0,1.0,1.0,0.050505050505050504,0.10101010101010101,0.20202020202020202,0.09615384615384615,0.1834862385321101,0.33613445378151263,0.8324807093304468,best,RGB+HSV+LAB,cosine,zscore
768,768.jpg,horses,1.0,1.0,1.0,0.050505050505050504,0.10101010101010101,0.20202020202020202,0.09615384615384615,0.1834862385321101,0.33613445378151263,0.9380707447002411,best,RGB+HSV+LAB,cosine,zscore
769,769.jpg,horses,1.0,1.0,1.0,0.050505050505050504,0.10101010101010101,0.20202020202020202,0.09615384615384615,0.1834862385321101,0.33613445378151263,0.8812113643210672,best,RGB+HSV+LAB,cosine,zscore
770,770.jpg,horses,1.0,1.0,1.0,0.050505050505050504,0.10101010101010101,0.20202020202020202,0.09615384615384615,0.1834862385321101,0.33613445378151263,0.8863658684317564,best,RGB+HSV+LAB,cosine,zscore
771,771.jpg,horses,1.0,1.0,0.95,0.050505050505050504,0.10101010101010101,0.1919191919191919,0.09615384615384615,0.1834862385321101,0.319327731092437,0.6247910113501126,best,RGB+HSV+LAB,cosine,zscore
772,772.jpg,horses,1.0,1.0,1.0,0.050505050505050504,0.10101010101010101,0.20202020202020202,0.09615384615384615,0.1834862385321101,0.33613445378151263,0.8740126507692187,best,RGB+HSV+LAB,cosine,zscore
773,773.jpg,horses,1.0,1.0,1.0,0.050505050505050504,0.10101010101010101,0.20202020202020202,0.09615384615384615,0.1834862385321101,0.33613445378151263,0.9197908618484859,best,RGB+HSV+LAB,cosine,zscore
774,774.jpg,horses,1.0,1.0,1.0,0.050505050505050504,0.10101010101010101,0.20202020202020202,0.09615384615384615,0.1834862385321101,0.33613445378151263,0.8623807645813495,best,RGB+HSV+LAB,cosine,zscore
775,775.jpg,horses,1.0,0.9,0.85,0.050505050505050504,0.09090909090909091,0.1717171717171717,0.09615384615384615,0.16513761467889906,0.2857142857142857,0.6141827439606967,best,RGB+HSV+LAB,cosine,zscore
776,776.jpg,horses,1.0,0.9,0.95,0.050505050505050504,0.09090909090909091,0.1919191919191919,0.09615384615384615,0.16513761467889906,0.319327731092437,0.8311630839860796,best,RGB+HSV+LAB,cosine,zscore
777,777.jpg,horses,1.0,1.0,1.0,0.050505050505050504,0.10101010101010101,0.20202020202020202,0.09615384615384615,0.1834862385321101,0.33613445378151263,0.9473893207165947,best,RGB+HSV+LAB,cosine,zscore
778,778.jpg,horses,1.0,1.0,1.0,0.050505050505050504,0.10101010101010101,0.20202020202020202,0.09615384615384615,0.1834862385321101,0.33613445378151263,0.9327053173707988,best,RGB+HSV+LAB,cosine,zscore
779,779.jpg,horses,1.0,1.0,1.0,0.050505050505050504,0.10101010101010101,0.20202020202020202,0.09615384615384615,0.1834862385321101,0.33613445378151263,0.839798133019202,best,RGB+HSV+LAB,cosine,zscore
780,780.jpg,horses,1.0,1.0,1.0,0.050505050505050504,0.10101010101010101,0.20202020202020202,0.09615384615384615,0.1834862385321101,0.33613445378151263,0.9232369848786719,best,RGB+HSV+LAB,cosine,zscore
781,781.jpg,horses,1.0,1.0,1.0,0.050505050505050504,0.10101010101010101,0.20202020202020202,0.09615384615384615,0.1834862385321101,0.33613445378151263,0.8094204153024513,best,RGB+HSV+LAB,cosine,zscore
782,782.jpg,horses,1.0,1.0,1.0,0.050505050505050504,0.10101010101010101,0.20202020202020202,0.09615384615384615,0.1834862385321101,0.33613445378151263,0.9343332601400824,best,RGB+HSV+LAB,cosine,zscore
783,783.jpg,horses,1.0,0.9,0.95,0.050505050505050504,0.09090909090909091,0.1919191919191919,0.09615384615384615,0.16513761467889906,0.319327731092437,0.7943065271470726,best,RGB+HSV+LAB,cosine,zscore
784,784.jpg,horses,1.0,1.0,1.0,0.050505050505050504,0.10101010101010101,0.20202020202020202,0.09615384615384615,0.1834862385321101,0.33613445378151263,0.6931811017589682,best,RGB+HSV+LAB,cosine,zscore
785,785.jpg,horses,1.0,1.0,1.0,0.050505050505050504,0.10101010101010101,0.20202020202020202,0.09615384615384615,0.1834862385321101,0.33613445378151263,0.8479387638208424,best,RGB+HSV+LAB,cosine,zscore
786,786.jpg,horses,1.0,1.0,1.0,0.050505050505050504,0.10101010101010101,0.20202020202020202,0.09615384615384615,0.1834862385321101,0.33613445378151263,0.809647207487303,best,RGB+HSV+LAB,cosine,zscore
787,787.jpg,horses,0.8,0.9,0.85,0.04040404040404041,0.09090909090909091,0.1717171717171717,0.07692307692307693,0.16513761467889906,0.2857142857142857,0.5216089498855857,best,RGB+HSV+LAB,cosine,zscore
788,788.jpg,horses,1.0,1.0,1.0,0.050505050505050504,0.10101010101010101,0.20202020202020202,0.09615384615384615,0.1834862385321101,0.33613445378151263,0.9004106484904123,best,RGB+HSV+LAB,cosine,zscore
789,789.jpg,horses,1.0,1.0,1.0,0.050505050505050504,0.10101010101010101,0.20202020202020202,0.09615384615384615,0.1834862385321101,0.33613445378151263,0.9450259216457255,best,RGB+HSV+LAB,cosine,zscore
790,790.jpg,horses,1.0,1.0,1.0,0.050505050505050504,0.10101010101010101,0.20202020202020202,0.09615384615384615,0.1834862385321101,0.33613445378151263,0.9072160852398958,best,RGB+HSV+LAB,cosine,zscore
791,791.jpg,horses,1.0,1.0,1.0,0.050505050505050504,0.10101010101010101,0.20202020202020202,0.09615384615384615,0.1834862385321101,0.33613445378151263,0.9428393732919657,best,RGB+HSV+LAB,cosine,zscore
792,792.jpg,horses,1.0,1.0,0.95,0.050505050505050504,0.10101010101010101,0.1919191919191919,0.09615384615384615,0.1834862385321101,0.319327731092437,0.7388270681502134,best,RGB+HSV+LAB,cosine,zscore
793,793.jpg,horses,0.8,0.9,0.85,0.04040404040404041,0.09090909090909091,0.1717171717171717,0.07692307692307693,0.16513761467889906,0.2857142857142857,0.7373505980969887,best,RGB+HSV+LAB,cosine,zscore
794,794.jpg,horses,1.0,1.0,0.95,0.050505050505050504,0.10101010101010101,0.1919191919191919,0.09615384615384615,0.1834862385321101,0.319327731092437,0.8332212318133049,best,RGB+HSV+LAB,cosine,zscore
795,795.jpg,horses,1.0,1.0,1.0,0.050505050505050504,0.10101010101010101,0.20202020202020202,0.09615384615384615,0.1834862385321101,0.33613445378151263,0.9109958711976633,best,RGB+HSV+LAB,cosine,zscore
796,796.jpg,horses,1.0,1.0,1.0,0.050505050505050504,0.10101010101010101,0.20202020202020202,0.09615384615384615,0.1834862385321101,0.33613445378151263,0.8717532369096502,best,RGB+HSV+LAB,cosine,zscore
797,797.jpg,horses,1.0,1.0,1.0,0.050505050505050504,0.10101010101010101,0.20202020202020202,0.09615384615384615,0.1834862385321101,0.33613445378151263,0.8896162213515154,best,RGB+HSV+LAB,cosine,zscore
798,798.jpg,horses,1.0,1.0,0.8,0.050505050505050504,0.10101010101010101,0.16161616161616163,0.09615384615384615,0.1834862385321101,0.26890756302521013,0.5224658863449645,best,RGB+HSV+LAB,cosine,zscore
799,799.jpg,horses,1.0,1.0,1.0,0.050505050505050504,0.10101010101010101,0.20202020202020202,0.09615384615384615,0.1834862385321101,0.33613445378151263,0.9235300579130086,best,RGB+HSV+LAB,cosine,zscore
800,800.jpg,mountains,0.2,0.3,0.35,0.010101010101010102,0.030303030303030304,0.0707070707070707,0.019230769230769232,0.055045871559633024,0.1176470588235294,0.29990739830166985,best,RGB+HSV+LAB,cosine,zscore
801,801.jpg,mountains,0.2,0.3,0.45,0.010101010101010102,0.030303030303030304,0.09090909090909091,0.019230769230769232,0.055045871559633024,0.15126050420168066,0.3444893170834926,best,RGB+HSV+LAB,cosine,zscore
802,802.jpg,mountains,1.0,0.8,0.65,0.050505050505050504,0.08080808080808081,0.13131313131313133,0.09615384615384615,0.1467889908256881,0.2184873949579832,0.3805202617694953,best,RGB+HSV+LAB,cosine,zscore
803,803.jpg,mountains,1.0,0.8,0.7,0.050505050505050504,0.08080808080808081,0.1414141414141414,0.09615384615384615,0.1467889908256881,0.2352941176470588,0.4134991739113432,best,RGB+HSV+LAB,cosine,zscore
804,804.jpg,mountains,0.6,0.5,0.4,0.030303030303030304,0.050505050505050504,0.08080808080808081,0.057692307692307696,0.09174311926605505,0.13445378151260506,0.2883719696625117,best,RGB+HSV+LAB,cosine,zscore
805,805.jpg,mountains,0.6,0.5,0.4,0.030303030303030304,0.050505050505050504,0.08080808080808081,0.057692307692307696,0.09174311926605505,0.13445378151260506,0.29474554337150355,best,RGB+HSV+LAB,cosine,zscore
806,806.jpg,mountains,1.0,0.7,0.65,0.050505050505050504,0.0707070707070707,0.13131313131313133,0.09615384615384615,0.12844036697247704,0.2184873949579832,0.41382480916011477,best,RGB+HSV+LAB,cosine,zscore
807,807.jpg,mountains,0.4,0.5,0.45,0.020202020202020204,0.050505050505050504,0.09090909090909091,0.038461538461538464,0.09174311926605505,0.15126050420168066,0.3692359202818663,best,RGB+HSV+LAB,cosine,zscore
808,808.jpg,mountains,0.8,0.7,0.55,0.04040404040404041,0.0707070707070707,0.1111111111111111,0.07692307692307693,0.12844036697247704,0.18487394957983191,0.31249463011932327,best,RGB+HSV+LAB,cosine,zscore
809,809.jpg,mountains,0.8,0.7,0.55,0.04040404040404041,0.0707070707070707,0.1111111111111111,0.07692307692307693,0.12844036697247704,0.18487394957983191,0.3139387942413433,best,RGB+HSV+LAB,cosine,zscore
810,810.jpg,mountains,0.0,0.0,0.0,0.0,0.0,0.0,0.0,0.0,0.0,0.10703007094335489,best,RGB+HSV+LAB,cosine,zscore
811,811.jpg,mountains,0.6,0.6,0.55,0.030303030303030304,0.06060606060606061,0.1111111111111111,0.057692307692307696,0.11009174311926605,0.18487394957983191,0.26901322928197036,best,RGB+HSV+LAB,cosine,zscore
812,812.jpg,mountains,0.2,0.1,0.1,0.010101010101010102,0.010101010101010102,0.020202020202020204,0.019230769230769232,0.018348623853211014,0.033613445378151266,0.16671810342566232,best,RGB+HSV+LAB,cosine,zscore
813,813.jpg,mountains,0.0,0.3,0.25,0.0,0.030303030303030304,0.050505050505050504,0.0,0.055045871559633024,0.08403361344537816,0.150963331938751,best,RGB+HSV+LAB,cosine,zscore
814,814.jpg,mountains,1.0,0.9,0.85,0.050505050505050504,0.09090909090909091,0.1717171717171717,0.09615384615384615,0.16513761467889906,0.2857142857142857,0.5643766103977157,best,RGB+HSV+LAB,cosine,zscore
815,815.jpg,mountains,0.0,0.0,0.15,0.0,0.0,0.030303030303030304,0.0,0.0,0.05042016806722689,0.13333718871612907,best,RGB+HSV+LAB,cosine,zscore
816,816.jpg,mountains,0.4,0.2,0.15,0.020202020202020204,0.020202020202020204,0.030303030303030304,0.038461538461538464,0.03669724770642203,0.05042016806722689,0.16796271787037695,best,RGB+HSV+LAB,cosine,zscore
817,817.jpg,mountains,0.6,0.3,0.3,0.030303030303030304,0.030303030303030304,0.06060606060606061,0.057692307692307696,0.055045871559633024,0.10084033613445378,0.17515466949079453,best,RGB+HSV+LAB,cosine,zscore
818,818.jpg,mountains,0.8,0.7,0.55,0.04040404040404041,0.0707070707070707,0.1111111111111111,0.07692307692307693,0.12844036697247704,0.18487394957983191,0.32866110639638507,best,RGB+HSV+LAB,cosine,zscore
819,819.jpg,mountains,0.8,0.7,0.55,0.04040404040404041,0.0707070707070707,0.1111111111111111,0.07692307692307693,0.12844036697247704,0.18487394957983191,0.30335304894584414,best,RGB+HSV+LAB,cosine,zscore
820,820.jpg,mountains,0.2,0.3,0.4,0.010101010101010102,0.030303030303030304,0.08080808080808081,0.019230769230769232,0.055045871559633024,0.13445378151260506,0.28318866559013983,best,RGB+HSV+LAB,cosine,zscore
821,821.jpg,mountains,0.4,0.3,0.55,0.020202020202020204,0.030303030303030304,0.1111111111111111,0.038461538461538464,0.055045871559633024,0.18487394957983191,0.3338782563566722,best,RGB+HSV+LAB,cosine,zscore
822,822.jpg,mountains,0.6,0.5,0.5,0.030303030303030304,0.050505050505050504,0.10101010101010101,0.057692307692307696,0.09174311926605505,0.16806722689075632,0.3051109484502458,best,RGB+HSV+LAB,cosine,zscore
823,823.jpg,mountains,0.2,0.2,0.1,0.010101010101010102,0.020202020202020204,0.020202020202020204,0.019230769230769232,0.03669724770642203,0.033613445378151266,0.17511959998448795,best,RGB+HSV+LAB,cosine,zscore
824,824.jpg,mountains,0.6,0.6,0.35,0.030303030303030304,0.06060606060606061,0.0707070707070707,0.057692307692307696,0.11009174311926605,0.1176470588235294,0.31982352767363537,best,RGB+HSV+LAB,cosine,zscore
825,825.jpg,mountains,0.8,0.7,0.55,0.04040404040404041,0.0707070707070707,0.1111111111111111,0.07692307692307693,0.12844036697247704,0.18487394957983191,0.2837759777291828,best,RGB+HSV+LAB,cosine,zscore
826,826.jpg,mountains,0.4,0.2,0.35,0.020202020202020204,0.020202020202020204,0.0707070707070707,0.038461538461538464,0.03669724770642203,0.1176470588235294,0.21253440887106698,best,RGB+HSV+LAB,cosine,zscore
827,827.jpg,mountains,0.6,0.5,0.4,0.030303030303030304,0.050505050505050504,0.08080808080808081,0.057692307692307696,0.09174311926605505,0.13445378151260506,0.25206567756246256,best,RGB+HSV+LAB,cosine,zscore
828,828.jpg,mountains,0.2,0.2,0.3,0.010101010101010102,0.020202020202020204,0.06060606060606061,0.019230769230769232,0.03669724770642203,0.10084033613445378,0.34983716556113625,best,RGB+HSV+LAB,cosine,zscore
829,829.jpg,mountains,1.0,0.9,0.85,0.050505050505050504,0.09090909090909091,0.1717171717171717,0.09615384615384615,0.16513761467889906,0.2857142857142857,0.5072691638794811,best,RGB+HSV+LAB,cosine,zscore
830,830.jpg,mountains,0.4,0.4,0.35,0.020202020202020204,0.04040404040404041,0.0707070707070707,0.038461538461538464,0.07339449541284405,0.1176470588235294,0.27389579482539894,best,RGB+HSV+LAB,cosine,zscore
831,831.jpg,mountains,1.0,0.7,0.6,0.050505050505050504,0.0707070707070707,0.12121212121212122,0.09615384615384615,0.12844036697247704,0.20168067226890757,0.33168864985362106,best,RGB+HSV+LAB,cosine,zscore
832,832.jpg,mountains,0.4,0.6,0.5,0.020202020202020204,0.06060606060606061,0.10101010101010101,0.038461538461538464,0.11009174311926605,0.16806722689075632,0.36575754632842117,best,RGB+HSV+LAB,cosine,zscore
833,833.jpg,mountains,0.8,0.6,0.7,0.04040404040404041,0.06060606060606061,0.1414141414141414,0.07692307692307693,0.11009174311926605,0.2352941176470588,0.3892344097467708,best,RGB+HSV+LAB,cosine,zscore
834,834.jpg,mountains,0.0,0.1,0.25,0.0,0.010101010101010102,0.050505050505050504,0.0,0.018348623853211014,0.08403361344537816,0.32672260252966934,best,RGB+HSV+LAB,cosine,zscore
835,835.jpg,mountains,0.4,0.3,0.25,0.020202020202020204,0.030303030303030304,0.050505050505050504,0.038461538461538464,0.055045871559633024,0.08403361344537816,0.20849052536940604,best,RGB+HSV+LAB,cosine,zscore
836,836.jpg,mountains,0.6,0.4,0.35,0.030303030303030304,0.04040404040404041,0.0707070707070707,0.057692307692307696,0.07339449541284405,0.1176470588235294,0.1969716848413227,best,RGB+HSV+LAB,cosine,zscore
837,837.jpg,mountains,0.2,0.3,0.2,0.010101010101010102,0.030303030303030304,0.04040404040404041,0.019230769230769232,0.055045871559633024,0.06722689075630253,0.1462568373575685,best,RGB+HSV+LAB,cosine,zscore
838,838.jpg,mountains,0.8,0.7,0.5,0.04040404040404041,0.0707070707070707,0.10101010101010101,0.07692307692307693,0.12844036697247704,0.16806722689075632,0.26711523290308653,best,RGB+HSV+LAB,cosine,zscore
839,839.jpg,mountains,0.0,0.0,0.05,0.0,0.0,0.010101010101010102,0.0,0.0,0.016806722689075633,0.12007491677872086,best,RGB+HSV+LAB,cosine,zscore
840,840.jpg,mountains,0.8,0.7,0.65,0.04040404040404041,0.0707070707070707,0.13131313131313133,0.07692307692307693,0.12844036697247704,0.2184873949579832,0.33703704603729073,best,RGB+HSV+LAB,cosine,zscore
841,841.jpg,mountains,0.6,0.7,0.55,0.030303030303030304,0.0707070707070707,0.1111111111111111,0.057692307692307696,0.12844036697247704,0.18487394957983191,0.2575402484286305,best,RGB+HSV+LAB,cosine,zscore
842,842.jpg,mountains,1.0,0.9,0.75,0.050505050505050504,0.09090909090909091,0.15151515151515152,0.09615384615384615,0.16513761467889906,0.2521008403361345,0.42425900455850946,best,RGB+HSV+LAB,cosine,zscore
843,843.jpg,mountains,0.8,0.8,0.75,0.04040404040404041,0.08080808080808081,0.15151515151515152,0.07692307692307693,0.1467889908256881,0.2521008403361345,0.37554109584185213,best,RGB+HSV+LAB,cosine,zscore
844,844.jpg,mountains,0.6,0.7,0.55,0.030303030303030304,0.0707070707070707,0.1111111111111111,0.057692307692307696,0.12844036697247704,0.18487394957983191,0.26775512609659824,best,RGB+HSV+LAB,cosine,zscore
845,845.jpg,mountains,0.4,0.3,0.2,0.020202020202020204,0.030303030303030304,0.04040404040404041,0.038461538461538464,0.055045871559633024,0.06722689075630253,0.142864167739262,best,RGB+HSV+LAB,cosine,zscore
846,846.jpg,mountains,0.4,0.2,0.3,0.020202020202020204,0.020202020202020204,0.06060606060606061,0.038461538461538464,0.03669724770642203,0.10084033613445378,0.2350294306948004,best,RGB+HSV+LAB,cosine,zscore
847,847.jpg,mountains,0.8,0.5,0.25,0.04040404040404041,0.050505050505050504,0.050505050505050504,0.07692307692307693,0.09174311926605505,0.08403361344537816,0.16448246305883985,best,RGB+HSV+LAB,cosine,zscore
848,848.jpg,mountains,0.8,0.5,0.5,0.04040404040404041,0.050505050505050504,0.10101010101010101,0.07692307692307693,0.09174311926605505,0.16806722689075632,0.364273888093157,best,RGB+HSV+LAB,cosine,zscore
849,849.jpg,mountains,0.8,0.6,0.55,0.04040404040404041,0.06060606060606061,0.1111111111111111,0.07692307692307693,0.11009174311926605,0.18487394957983191,0.2754696105616657,best,RGB+HSV+LAB,cosine,zscore
850,850.jpg,mountains,1.0,1.0,0.9,0.050505050505050504,0.10101010101010101,0.18181818181818182,0.09615384615384615,0.1834862385321101,0.3025210084033613,0.5171233878550056,best,RGB+HSV+LAB,cosine,zscore
851,851.jpg,mountains,0.0,0.1,0.15,0.0,0.010101010101010102,0.030303030303030304,0.0,0.018348623853211014,0.05042016806722689,0.1358797207663906,best,RGB+HSV+LAB,cosine,zscore
852,852.jpg,mountains,0.4,0.6,0.65,0.020202020202020204,0.06060606060606061,0.13131313131313133,0.038461538461538464,0.11009174311926605,0.2184873949579832,0.3008368307714073,best,RGB+HSV+LAB,cosine,zscore
853,853.jpg,mountains,0.4,0.4,0.45,0.020202020202020204,0.04040404040404041,0.09090909090909091,0.038461538461538464,0.07339449541284405,0.15126050420168066,0.2510500599038461,best,RGB+HSV+LAB,cosine,zscore
854,854.jpg,mountains,0.4,0.3,0.5,0.020202020202020204,0.030303030303030304,0.10101010101010101,0.038461538461538464,0.055045871559633024,0.16806722689075632,0.3110056776333562,best,RGB+HSV+LAB,cosine,zscore
855,855.jpg,mountains,0.6,0.7,0.6,0.030303030303030304,0.0707070707070707,0.12121212121212122,0.057692307692307696,0.12844036697247704,0.20168067226890757,0.35360823030671806,best,RGB+HSV+LAB,cosine,zscore
856,856.jpg,mountains,0.4,0.6,0.4,0.020202020202020204,0.06060606060606061,0.08080808080808081,0.038461538461538464,0.11009174311926605,0.13445378151260506,0.25777403917651026,best,RGB+HSV+LAB,cosine,zscore
857,857.jpg,mountains,1.0,0.9,0.7,0.050505050505050504,0.09090909090909091,0.1414141414141414,0.09615384615384615,0.16513761467889906,0.2352941176470588,0.454371283860181,best,RGB+HSV+LAB,cosine,zscore
858,858.jpg,mountains,0.8,0.6,0.6,0.04040404040404041,0.06060606060606061,0.12121212121212122,0.07692307692307693,0.11009174311926605,0.20168067226890757,0.34707010943728184,best,RGB+HSV+LAB,cosine,zscore
859,859.jpg,mountains,1.0,0.9,0.75,0.050505050505050504,0.09090909090909091,0.15151515151515152,0.09615384615384615,0.16513761467889906,0.2521008403361345,0.42618655410112966,best,RGB+HSV+LAB,cosine,zscore
860,860.jpg,mountains,0.2,0.1,0.1,0.010101010101010102,0.010101010101010102,0.020202020202020204,0.019230769230769232,0.018348623853211014,0.033613445378151266,0.1847039245849737,best,RGB+HSV+LAB,cosine,zscore
861,861.jpg,mountains,0.2,0.2,0.25,0.010101010101010102,0.020202020202020204,0.050505050505050504,0.019230769230769232,0.03669724770642203,0.08403361344537816,0.29087052593339285,best,RGB+HSV+LAB,cosine,zscore
862,862.jpg,mountains,0.6,0.5,0.4,0.030303030303030304,0.050505050505050504,0.08080808080808081,0.057692307692307696,0.09174311926605505,0.13445378151260506,0.2247463944004383,best,RGB+HSV+LAB,cosine,zscore
863,863.jpg,mountains,0.2,0.5,0.55,0.010101010101010102,0.050505050505050504,0.1111111111111111,0.019230769230769232,0.09174311926605505,0.18487394957983191,0.3615845272742314,best,RGB+HSV+LAB,cosine,zscore
864,864.jpg,mountains,0.2,0.1,0.05,0.010101010101010102,0.010101010101010102,0.010101010101010102,0.019230769230769232,0.018348623853211014,0.016806722689075633,0.18863792457772693,best,RGB+HSV+LAB,cosine,zscore
865,865.jpg,mountains,0.2,0.2,0.2,0.010101010101010102,0.020202020202020204,0.04040404040404041,0.019230769230769232,0.03669724770642203,0.06722689075630253,0.1633974313241985,best,RGB+HSV+LAB,cosine,zscore
866,866.jpg,mountains,0.0,0.0,0.05,0.0,0.0,0.010101010101010102,0.0,0.0,0.016806722689075633,0.12194585811247297,best,RGB+HSV+LAB,cosine,zscore
867,867.jpg,mountains,0.2,0.2,0.25,0.010101010101010102,0.020202020202020204,0.050505050505050504,0.019230769230769232,0.03669724770642203,0.08403361344537816,0.13409586686758274,best,RGB+HSV+LAB,cosine,zscore
868,868.jpg,mountains,0.6,0.4,0.45,0.030303030303030304,0.04040404040404041,0.09090909090909091,0.057692307692307696,0.07339449541284405,0.15126050420168066,0.24872938252288465,best,RGB+HSV+LAB,cosine,zscore
869,869.jpg,mountains,0.8,0.8,0.6,0.04040404040404041,0.08080808080808081,0.12121212121212122,0.07692307692307693,0.1467889908256881,0.20168067226890757,0.36026475943232406,best,RGB+HSV+LAB,cosine,zscore
870,870.jpg,mountains,0.6,0.5,0.5,0.030303030303030304,0.050505050505050504,0.10101010101010101,0.057692307692307696,0.09174311926605505,0.16806722689075632,0.36083326318701514,best,RGB+HSV+LAB,cosine,zscore
871,871.jpg,mountains,0.0,0.0,0.2,0.0,0.0,0.04040404040404041,0.0,0.0,0.06722689075630253,0.2945857067620114,best,RGB+HSV+LAB,cosine,zscore
872,872.jpg,mountains,0.4,0.3,0.25,0.020202020202020204,0.030303030303030304,0.050505050505050504,0.038461538461538464,0.055045871559633024,0.08403361344537816,0.15182582567572706,best,RGB+HSV+LAB,cosine,zscore
873,873.jpg,mountains,0.2,0.5,0.55,0.010101010101010102,0.050505050505050504,0.1111111111111111,0.019230769230769232,0.09174311926605505,0.18487394957983191,0.34211807020274926,best,RGB+HSV+LAB,cosine,zscore
874,874.jpg,mountains,0.0,0.0,0.0,0.0,0.0,0.0,0.0,0.0,0.0,0.08881397036792367,best,RGB+HSV+LAB,cosine,zscore
875,875.jpg,mountains,0.6,0.4,0.5,0.030303030303030304,0.04040404040404041,0.10101010101010101,0.057692307692307696,0.07339449541284405,0.16806722689075632,0.3167609028574634,best,RGB+HSV+LAB,cosine,zscore
876,876.jpg,mountains,0.6,0.6,0.55,0.030303030303030304,0.06060606060606061,0.1111111111111111,0.057692307692307696,0.11009174311926605,0.18487394957983191,0.36126875928852803,best,RGB+HSV+LAB,cosine,zscore
877,877.jpg,mountains,0.2,0.3,0.3,0.010101010101010102,0.030303030303030304,0.06060606060606061,0.019230769230769232,0.055045871559633024,0.10084033613445378,0.23361856211573165,best,RGB+HSV+LAB,cosine,zscore
878,878.jpg,mountains,0.4,0.4,0.5,0.020202020202020204,0.04040404040404041,0.10101010101010101,0.038461538461538464,0.07339449541284405,0.16806722689075632,0.25436064217136223,best,RGB+HSV+LAB,cosine,zscore
879,879.jpg,mountains,0.6,0.5,0.35,0.030303030303030304,0.050505050505050504,0.0707070707070707,0.057692307692307696,0.09174311926605505,0.1176470588235294,0.20819970163911597,best,RGB+HSV+LAB,cosine,zscore
880,880.jpg,mountains,1.0,0.8,0.8,0.050505050505050504,0.08080808080808081,0.16161616161616163,0.09615384615384615,0.1467889908256881,0.26890756302521013,0.5577746583117514,best,RGB+HSV+LAB,cosine,zscore
881,881.jpg,mountains,0.4,0.6,0.65,0.020202020202020204,0.06060606060606061,0.13131313131313133,0.038461538461538464,0.11009174311926605,0.2184873949579832,0.4468302133243932,best,RGB+HSV+LAB,cosine,zscore
882,882.jpg,mountains,0.2,0.3,0.2,0.010101010101010102,0.030303030303030304,0.04040404040404041,0.019230769230769232,0.055045871559633024,0.06722689075630253,0.24118887014980694,best,RGB+HSV+LAB,cosine,zscore
883,883.jpg,mountains,0.4,0.3,0.2,0.020202020202020204,0.030303030303030304,0.04040404040404041,0.038461538461538464,0.055045871559633024,0.06722689075630253,0.13325034271147929,best,RGB+HSV+LAB,cosine,zscore
884,884.jpg,mountains,1.0,0.9,0.95,0.050505050505050504,0.09090909090909091,0.1919191919191919,0.09615384615384615,0.16513761467889906,0.319327731092437,0.6021936113552643,best,RGB+HSV+LAB,cosine,zscore
885,885.jpg,mountains,0.8,0.6,0.45,0.04040404040404041,0.06060606060606061,0.09090909090909091,0.07692307692307693,0.11009174311926605,0.15126050420168066,0.2464267200776535,best,RGB+HSV+LAB,cosine,zscore
886,886.jpg,mountains,0.2,0.1,0.1,0.010101010101010102,0.010101010101010102,0.020202020202020204,0.019230769230769232,0.018348623853211014,0.033613445378151266,0.13021921892070748,best,RGB+HSV+LAB,cosine,zscore
887,887.jpg,mountains,0.0,0.0,0.05,0.0,0.0,0.010101010101010102,0.0,0.0,0.016806722689075633,0.10696379661937874,best,RGB+HSV+LAB,cosine,zscore
888,888.jpg,mountains,0.0,0.0,0.0,0.0,0.0,0.0,0.0,0.0,0.0,0.0693128979944056,best,RGB+HSV+LAB,cosine,zscore
889,889.jpg,mountains,0.4,0.3,0.3,0.020202020202020204,0.030303030303030304,0.06060606060606061,0.038461538461538464,0.055045871559633024,0.10084033613445378,0.24603939170558298,best,RGB+HSV+LAB,cosine,zscore
890,890.jpg,mountains,0.8,0.7,0.45,0.04040404040404041,0.0707070707070707,0.09090909090909091,0.07692307692307693,0.12844036697247704,0.15126050420168066,0.29597985046605885,best,RGB+HSV+LAB,cosine,zscore
891,891.jpg,mountains,1.0,0.9,0.75,0.050505050505050504,0.09090909090909091,0.15151515151515152,0.09615384615384615,0.16513761467889906,0.2521008403361345,0.5081211301541236,best,RGB+HSV+LAB,cosine,zscore
892,892.jpg,mountains,0.4,0.3,0.25,0.020202020202020204,0.030303030303030304,0.050505050505050504,0.038461538461538464,0.055045871559633024,0.08403361344537816,0.16599032611698028,best,RGB+HSV+LAB,cosine,zscore
893,893.jpg,mountains,0.4,0.3,0.25,0.020202020202020204,0.030303030303030304,0.050505050505050504,0.038461538461538464,0.055045871559633024,0.08403361344537816,0.23093451118982528,best,RGB+HSV+LAB,cosine,zscore
894,894.jpg,mountains,0.4,0.4,0.3,0.020202020202020204,0.04040404040404041,0.06060606060606061,0.038461538461538464,0.07339449541284405,0.10084033613445378,0.26864214266728126,best,RGB+HSV+LAB,cosine,zscore
895,895.jpg,mountains,0.2,0.2,0.2,0.010101010101010102,0.020202020202020204,0.04040404040404041,0.019230769230769232,0.03669724770642203,0.06722689075630253,0.21239497231035212,best,RGB+HSV+LAB,cosine,zscore
896,896.jpg,mountains,0.0,0.0,0.2,0.0,0.0,0.04040404040404041,0.0,0.0,0.06722689075630253,0.12483985550886609,best,RGB+HSV+LAB,cosine,zscore
897,897.jpg,mountains,0.0,0.1,0.05,0.0,0.010101010101010102,0.010101010101010102,0.0,0.018348623853211014,0.016806722689075633,0.13327791756661117,best,RGB+HSV+LAB,cosine,zscore
898,898.jpg,mountains,0.2,0.4,0.35,0.010101010101010102,0.04040404040404041,0.0707070707070707,0.019230769230769232,0.07339449541284405,0.1176470588235294,0.2009007907365917,best,RGB+HSV+LAB,cosine,zscore
899,899.jpg,mountains,0.2,0.3,0.25,0.010101010101010102,0.030303030303030304,0.050505050505050504,0.019230769230769232,0.055045871559633024,0.08403361344537816,0.19938376730444432,best,RGB+HSV+LAB,cosine,zscore
900,900.jpg,food,0.6,0.8,0.75,0.030303030303030304,0.08080808080808081,0.15151515151515152,0.057692307692307696,0.1467889908256881,0.2521008403361345,0.5056340573187276,best,RGB+HSV+LAB,cosine,zscore
901,901.jpg,food,0.2,0.1,0.05,0.010101010101010102,0.010101010101010102,0.010101010101010102,0.019230769230769232,0.018348623853211014,0.016806722689075633,0.13796223804220406,best,RGB+HSV+LAB,cosine,zscore
902,902.jpg,food,1.0,0.9,0.75,0.050505050505050504,0.09090909090909091,0.15151515151515152,0.09615384615384615,0.16513761467889906,0.2521008403361345,0.4493481750072632,best,RGB+HSV+LAB,cosine,zscore
903,903.jpg,food,0.0,0.1,0.1,0.0,0.010101010101010102,0.020202020202020204,0.0,0.018348623853211014,0.033613445378151266,0.1541008174994446,best,RGB+HSV+LAB,cosine,zscore
904,904.jpg,food,0.0,0.0,0.0,0.0,0.0,0.0,0.0,0.0,0.0,0.1125573612622702,best,RGB+HSV+LAB,cosine,zscore
905,905.jpg,food,0.8,0.8,0.85,0.04040404040404041,0.08080808080808081,0.1717171717171717,0.07692307692307693,0.1467889908256881,0.2857142857142857,0.5756386068590514,best,RGB+HSV+LAB,cosine,zscore
906,906.jpg,food,0.8,0.9,0.85,0.04040404040404041,0.09090909090909091,0.1717171717171717,0.07692307692307693,0.16513761467889906,0.2857142857142857,0.6145083706945736,best,RGB+HSV+LAB,cosine,zscore
907,907.jpg,food,1.0,0.9,0.8,0.050505050505050504,0.09090909090909091,0.16161616161616163,0.09615384615384615,0.16513761467889906,0.26890756302521013,0.6116697482800867,best,RGB+HSV+LAB,cosine,zscore
908,908.jpg,food,0.4,0.4,0.5,0.020202020202020204,0.04040404040404041,0.10101010101010101,0.038461538461538464,0.07339449541284405,0.16806722689075632,0.3930682772574492,best,RGB+HSV+LAB,cosine,zscore
909,909.jpg,food,1.0,1.0,0.8,0.050505050505050504,0.10101010101010101,0.16161616161616163,0.09615384615384615,0.1834862385321101,0.26890756302521013,0.5915318812210877,best,RGB+HSV+LAB,cosine,zscore
910,910.jpg,food,0.0,0.0,0.05,0.0,0.0,0.010101010101010102,0.0,0.0,0.016806722689075633,0.1582958156259091,best,RGB+HSV+LAB,cosine,zscore
911,911.jpg,food,0.2,0.3,0.3,0.010101010101010102,0.030303030303030304,0.06060606060606061,0.019230769230769232,0.055045871559633024,0.10084033613445378,0.233638563841712,best,RGB+HSV+LAB,cosine,zscore
912,912.jpg,food,1.0,0.9,0.9,0.050505050505050504,0.09090909090909091,0.18181818181818182,0.09615384615384615,0.16513761467889906,0.3025210084033613,0.613860590570905,best,RGB+HSV+LAB,cosine,zscore
913,913.jpg,food,0.4,0.2,0.15,0.020202020202020204,0.020202020202020204,0.030303030303030304,0.038461538461538464,0.03669724770642203,0.05042016806722689,0.11693676862000658,best,RGB+HSV+LAB,cosine,zscore
914,914.jpg,food,0.8,0.9,0.8,0.04040404040404041,0.09090909090909091,0.16161616161616163,0.07692307692307693,0.16513761467889906,0.26890756302521013,0.5285787416107374,best,RGB+HSV+LAB,cosine,zscore
915,915.jpg,food,0.6,0.4,0.4,0.030303030303030304,0.04040404040404041,0.08080808080808081,0.057692307692307696,0.07339449541284405,0.13445378151260506,0.1770171826106804,best,RGB+HSV+LAB,cosine,zscore
916,916.jpg,food,0.4,0.4,0.2,0.020202020202020204,0.04040404040404041,0.04040404040404041,0.038461538461538464,0.07339449541284405,0.06722689075630253,0.17278228064471834,best,RGB+HSV+LAB,cosine,zscore
917,917.jpg,food,0.0,0.1,0.15,0.0,0.010101010101010102,0.030303030303030304,0.0,0.018348623853211014,0.05042016806722689,0.17571901315726104,best,RGB+HSV+LAB,cosine,zscore
918,918.jpg,food,1.0,1.0,0.7,0.050505050505050504,0.10101010101010101,0.1414141414141414,0.09615384615384615,0.1834862385321101,0.2352941176470588,0.3389343315983809,best,RGB+HSV+LAB,cosine,zscore
919,919.jpg,food,0.4,0.4,0.45,0.020202020202020204,0.04040404040404041,0.09090909090909091,0.038461538461538464,0.07339449541284405,0.15126050420168066,0.2829069453753899,best,RGB+HSV+LAB,cosine,zscore
920,920.jpg,food,1.0,1.0,0.95,0.050505050505050504,0.10101010101010101,0.1919191919191919,0.09615384615384615,0.1834862385321101,0.319327731092437,0.5687487696431515,best,RGB+HSV+LAB,cosine,zscore
921,921.jpg,food,0.4,0.2,0.25,0.020202020202020204,0.020202020202020204,0.050505050505050504,0.038461538461538464,0.03669724770642203,0.08403361344537816,0.21462065276682638,best,RGB+HSV+LAB,cosine,zscore
922,922.jpg,food,0.6,0.4,0.5,0.030303030303030304,0.04040404040404041,0.10101010101010101,0.057692307692307696,0.07339449541284405,0.16806722689075632,0.37566044449992986,best,RGB+HSV+LAB,cosine,zscore
923,923.jpg,food,0.4,0.3,0.35,0.020202020202020204,0.030303030303030304,0.0707070707070707,0.038461538461538464,0.055045871559633024,0.1176470588235294,0.3218672982402454,best,RGB+HSV+LAB,cosine,zscore
924,924.jpg,food,1.0,0.9,0.65,0.050505050505050504,0.09090909090909091,0.13131313131313133,0.09615384615384615,0.16513761467889906,0.2184873949579832,0.3133645944484776,best,RGB+HSV+LAB,cosine,zscore
925,925.jpg,food,0.8,0.6,0.55,0.04040404040404041,0.06060606060606061,0.1111111111111111,0.07692307692307693,0.11009174311926605,0.18487394957983191,0.3665139894061886,best,RGB+HSV+LAB,cosine,zscore
926,926.jpg,food,0.8,0.8,0.65,0.04040404040404041,0.08080808080808081,0.13131313131313133,0.07692307692307693,0.1467889908256881,0.2184873949579832,0.3052991265545598,best,RGB+HSV+LAB,cosine,zscore
927,927.jpg,food,1.0,0.9,0.55,0.050505050505050504,0.09090909090909091,0.1111111111111111,0.09615384615384615,0.16513761467889906,0.18487394957983191,0.2606903872328616,best,RGB+HSV+LAB,cosine,zscore
928,928.jpg,food,1.0,0.8,0.75,0.050505050505050504,0.08080808080808081,0.15151515151515152,0.09615384615384615,0.1467889908256881,0.2521008403361345,0.34211540880869556,best,RGB+HSV+LAB,cosine,zscore
929,929.jpg,food,0.6,0.8,0.65,0.030303030303030304,0.08080808080808081,0.13131313131313133,0.057692307692307696,0.1467889908256881,0.2184873949579832,0.3590674453785925,best,RGB+HSV+LAB,cosine,zscore
930,930.jpg,food,0.8,0.7,0.7,0.04040404040404041,0.0707070707070707,0.1414141414141414,0.07692307692307693,0.12844036697247704,0.2352941176470588,0.4249355804173946,best,RGB+HSV+LAB,cosine,zscore
931,931.jpg,food,1.0,1.0,0.9,0.050505050505050504,0.10101010101010101,0.18181818181818182,0.09615384615384615,0.1834862385321101,0.3025210084033613,0.6139827475111864,best,RGB+HSV+LAB,cosine,zscore
932,932.jpg,food,1.0,1.0,0.9,0.050505050505050504,0.10101010101010101,0.18181818181818182,0.09615384615384615,0.1834862385321101,0.3025210084033613,0.4400966885198855,best,RGB+HSV+LAB,cosine,zscore
933,933.jpg,food,1.0,1.0,1.0,0.050505050505050504,0.10101010101010101,0.20202020202020202,0.09615384615384615,0.1834862385321101,0.33613445378151263,0.6670855050621906,best,RGB+HSV+LAB,cosine,zscore
934,934.jpg,food,1.0,1.0,0.9,0.050505050505050504,0.10101010101010101,0.18181818181818182,0.09615384615384615,0.1834862385321101,0.3025210084033613,0.6661561345051602,best,RGB+HSV+LAB,cosine,zscore
935,935.jpg,food,0.8,0.8,0.55,0.04040404040404041,0.08080808080808081,0.1111111111111111,0.07692307692307693,0.1467889908256881,0.18487394957983191,0.31878134188753743,best,RGB+HSV+LAB,cosine,zscore
936,936.jpg,food,1.0,1.0,0.9,0.050505050505050504,0.10101010101010101,0.18181818181818182,0.09615384615384615,0.1834862385321101,0.3025210084033613,0.6630602823704418,best,RGB+HSV+LAB,cosine,zscore
937,937.jpg,food,0.8,0.8,0.85,0.04040404040404041,0.08080808080808081,0.1717171717171717,0.07692307692307693,0.1467889908256881,0.2857142857142857,0.6080815028844312,best,RGB+HSV+LAB,cosine,zscore
938,938.jpg,food,0.8,0.8,0.85,0.04040404040404041,0.08080808080808081,0.1717171717171717,0.07692307692307693,0.1467889908256881,0.2857142857142857,0.4077333413764458,best,RGB+HSV+LAB,cosine,zscore
939,939.jpg,food,1.0,1.0,0.95,0.050505050505050504,0.10101010101010101,0.1919191919191919,0.09615384615384615,0.1834862385321101,0.319327731092437,0.6530372742309939,best,RGB+HSV+LAB,cosine,zscore
940,940.jpg,food,0.8,0.7,0.8,0.04040404040404041,0.0707070707070707,0.16161616161616163,0.07692307692307693,0.12844036697247704,0.26890756302521013,0.5016211822062223,best,RGB+HSV+LAB,cosine,zscore
941,941.jpg,food,0.8,0.9,0.95,0.04040404040404041,0.09090909090909091,0.1919191919191919,0.07692307692307693,0.16513761467889906,0.319327731092437,0.6335393934849531,best,RGB+HSV+LAB,cosine,zscore
942,942.jpg,food,1.0,0.9,0.9,0.050505050505050504,0.09090909090909091,0.18181818181818182,0.09615384615384615,0.16513761467889906,0.3025210084033613,0.5540884884942792,best,RGB+HSV+LAB,cosine,zscore
943,943.jpg,food,0.8,0.8,0.55,0.04040404040404041,0.08080808080808081,0.1111111111111111,0.07692307692307693,0.1467889908256881,0.18487394957983191,0.2726518198505466,best,RGB+HSV+LAB,cosine,zscore
944,944.jpg,food,0.8,0.9,0.9,0.04040404040404041,0.09090909090909091,0.18181818181818182,0.07692307692307693,0.16513761467889906,0.3025210084033613,0.6040625142930026,best,RGB+HSV+LAB,cosine,zscore
945,945.jpg,food,0.2,0.3,0.3,0.010101010101010102,0.030303030303030304,0.06060606060606061,0.019230769230769232,0.055045871559633024,0.10084033613445378,0.2243792686676818,best,RGB+HSV+LAB,cosine,zscore
946,946.jpg,food,0.8,0.9,0.8,0.04040404040404041,0.09090909090909091,0.16161616161616163,0.07692307692307693,0.16513761467889906,0.26890756302521013,0.5837005361284207,best,RGB+HSV+LAB,cosine,zscore
947,947.jpg,food,1.0,0.7,0.55,0.050505050505050504,0.0707070707070707,0.1111111111111111,0.09615384615384615,0.12844036697247704,0.18487394957983191,0.22356849559857733,best,RGB+HSV+LAB,cosine,zscore
948,948.jpg,food,0.8,0.7,0.65,0.04040404040404041,0.0707070707070707,0.13131313131313133,0.07692307692307693,0.12844036697247704,0.2184873949579832,0.28845963590819695,best,RGB+HSV+LAB,cosine,zscore
949,949.jpg,food,0.4,0.4,0.4,0.020202020202020204,0.04040404040404041,0.08080808080808081,0.038461538461538464,0.07339449541284405,0.13445378151260506,0.2247331414417805,best,RGB+HSV+LAB,cosine,zscore
950,950.jpg,food,0.8,0.5,0.6,0.04040404040404041,0.050505050505050504,0.12121212121212122,0.07692307692307693,0.09174311926605505,0.20168067226890757,0.32539911036087316,best,RGB+HSV+LAB,cosine,zscore
951,951.jpg,food,0.2,0.3,0.25,0.010101010101010102,0.030303030303030304,0.050505050505050504,0.019230769230769232,0.055045871559633024,0.08403361344537816,0.2065424664147221,best,RGB+HSV+LAB,cosine,zscore
952,952.jpg,food,0.2,0.1,0.15,0.010101010101010102,0.010101010101010102,0.030303030303030304,0.019230769230769232,0.018348623853211014,0.05042016806722689,0.1741121904364215,best,RGB+HSV+LAB,cosine,zscore
953,953.jpg,food,0.8,0.7,0.6,0.04040404040404041,0.0707070707070707,0.12121212121212122,0.07692307692307693,0.12844036697247704,0.20168067226890757,0.34117143222632057,best,RGB+HSV+LAB,cosine,zscore
954,954.jpg,food,1.0,0.9,0.65,0.050505050505050504,0.09090909090909091,0.13131313131313133,0.09615384615384615,0.16513761467889906,0.2184873949579832,0.4091886632776988,best,RGB+HSV+LAB,cosine,zscore
955,955.jpg,food,1.0,1.0,0.9,0.050505050505050504,0.10101010101010101,0.18181818181818182,0.09615384615384615,0.1834862385321101,0.3025210084033613,0.5752329328425955,best,RGB+HSV+LAB,cosine,zscore
956,956.jpg,food,0.2,0.1,0.3,0.010101010101010102,0.010101010101010102,0.06060606060606061,0.019230769230769232,0.018348623853211014,0.10084033613445378,0.2235094083720669,best,RGB+HSV+LAB,cosine,zscore
957,957.jpg,food,1.0,1.0,0.9,0.050505050505050504,0.10101010101010101,0.18181818181818182,0.09615384615384615,0.1834862385321101,0.3025210084033613,0.5447202073304825,best,RGB+HSV+LAB,cosine,zscore
958,958.jpg,food,0.6,0.6,0.65,0.030303030303030304,0.06060606060606061,0.13131313131313133,0.057692307692307696,0.11009174311926605,0.2184873949579832,0.4347907838752473,best,RGB+HSV+LAB,cosine,zscore
959,959.jpg,food,0.2,0.4,0.55,0.010101010101010102,0.04040404040404041,0.1111111111111111,0.019230769230769232,0.07339449541284405,0.18487394957983191,0.25621779430537406,best,RGB+HSV+LAB,cosine,zscore
960,960.jpg,food,0.6,0.7,0.5,0.030303030303030304,0.0707070707070707,0.10101010101010101,0.057692307692307696,0.12844036697247704,0.16806722689075632,0.41358969174128263,best,RGB+HSV+LAB,cosine,zscore
961,961.jpg,food,0.6,0.4,0.35,0.030303030303030304,0.04040404040404041,0.0707070707070707,0.057692307692307696,0.07339449541284405,0.1176470588235294,0.1530268125308413,best,RGB+HSV+LAB,cosine,zscore
962,962.jpg,food,1.0,1.0,1.0,0.050505050505050504,0.10101010101010101,0.20202020202020202,0.09615384615384615,0.1834862385321101,0.33613445378151263,0.6942091573702371,best,RGB+HSV+LAB,cosine,zscore
963,963.jpg,food,1.0,0.9,0.75,0.050505050505050504,0.09090909090909091,0.15151515151515152,0.09615384615384615,0.16513761467889906,0.2521008403361345,0.38283218282483933,best,RGB+HSV+LAB,cosine,zscore
964,964.jpg,food,0.8,0.7,0.55,0.04040404040404041,0.0707070707070707,0.1111111111111111,0.07692307692307693,0.12844036697247704,0.18487394957983191,0.2679761997467596,best,RGB+HSV+LAB,cosine,zscore
965,965.jpg,food,0.0,0.2,0.25,0.0,0.020202020202020204,0.050505050505050504,0.0,0.03669724770642203,0.08403361344537816,0.1410090380650334,best,RGB+HSV+LAB,cosine,zscore
966,966.jpg,food,1.0,0.7,0.5,0.050505050505050504,0.0707070707070707,0.10101010101010101,0.09615384615384615,0.12844036697247704,0.16806722689075632,0.30079633014047136,best,RGB+HSV+LAB,cosine,zscore
967,967.jpg,food,1.0,1.0,0.95,0.050505050505050504,0.10101010101010101,0.1919191919191919,0.09615384615384615,0.1834862385321101,0.319327731092437,0.5761110844544957,best,RGB+HSV+LAB,cosine,zscore
968,968.jpg,food,0.0,0.0,0.0,0.0,0.0,0.0,0.0,0.0,0.0,0.11717082579882093,best,RGB+HSV+LAB,cosine,zscore
969,969.jpg,food,0.8,0.7,0.6,0.04040404040404041,0.0707070707070707,0.12121212121212122,0.07692307692307693,0.12844036697247704,0.20168067226890757,0.3203748421854255,best,RGB+HSV+LAB,cosine,zscore
970,970.jpg,food,1.0,0.9,0.9,0.050505050505050504,0.09090909090909091,0.18181818181818182,0.09615384615384615,0.16513761467889906,0.3025210084033613,0.3587631972770591,best,RGB+HSV+LAB,cosine,zscore
971,971.jpg,food,0.8,0.6,0.5,0.04040404040404041,0.06060606060606061,0.10101010101010101,0.07692307692307693,0.11009174311926605,0.16806722689075632,0.3252318047361209,best,RGB+HSV+LAB,cosine,zscore
972,972.jpg,food,0.4,0.3,0.15,0.020202020202020204,0.030303030303030304,0.030303030303030304,0.038461538461538464,0.055045871559633024,0.05042016806722689,0.10960977131872743,best,RGB+HSV+LAB,cosine,zscore
973,973.jpg,food,0.4,0.6,0.6,0.020202020202020204,0.06060606060606061,0.12121212121212122,0.038461538461538464,0.11009174311926605,0.20168067226890757,0.45023521618616896,best,RGB+HSV+LAB,cosine,zscore
974,974.jpg,food,1.0,0.9,0.95,0.050505050505050504,0.09090909090909091,0.1919191919191919,0.09615384615384615,0.16513761467889906,0.319327731092437,0.582688626861465,best,RGB+HSV+LAB,cosine,zscore
975,975.jpg,food,0.4,0.4,0.35,0.020202020202020204,0.04040404040404041,0.0707070707070707,0.038461538461538464,0.07339449541284405,0.1176470588235294,0.25242745709160835,best,RGB+HSV+LAB,cosine,zscore
976,976.jpg,food,0.8,0.8,0.85,0.04040404040404041,0.08080808080808081,0.1717171717171717,0.07692307692307693,0.1467889908256881,0.2857142857142857,0.6077222695447374,best,RGB+HSV+LAB,cosine,zscore
977,977.jpg,food,0.8,0.9,0.95,0.04040404040404041,0.09090909090909091,0.1919191919191919,0.07692307692307693,0.16513761467889906,0.319327731092437,0.6063131116517619,best,RGB+HSV+LAB,cosine,zscore
978,978.jpg,food,0.6,0.3,0.25,0.030303030303030304,0.030303030303030304,0.050505050505050504,0.057692307692307696,0.055045871559633024,0.08403361344537816,0.18332552697700633,best,RGB+HSV+LAB,cosine,zscore
979,979.jpg,food,1.0,0.8,0.55,0.050505050505050504,0.08080808080808081,0.1111111111111111,0.09615384615384615,0.1467889908256881,0.18487394957983191,0.2934375911318159,best,RGB+HSV+LAB,cosine,zscore
980,980.jpg,food,1.0,0.8,0.75,0.050505050505050504,0.08080808080808081,0.15151515151515152,0.09615384615384615,0.1467889908256881,0.2521008403361345,0.4977971226580567,best,RGB+HSV+LAB,cosine,zscore
981,981.jpg,food,0.6,0.7,0.5,0.030303030303030304,0.0707070707070707,0.10101010101010101,0.057692307692307696,0.12844036697247704,0.16806722689075632,0.3357535054707795,best,RGB+HSV+LAB,cosine,zscore
982,982.jpg,food,0.8,0.8,0.65,0.04040404040404041,0.08080808080808081,0.13131313131313133,0.07692307692307693,0.1467889908256881,0.2184873949579832,0.29028595881886077,best,RGB+HSV+LAB,cosine,zscore
983,983.jpg,food,0.4,0.2,0.25,0.020202020202020204,0.020202020202020204,0.050505050505050504,0.038461538461538464,0.03669724770642203,0.08403361344537816,0.17622845917520333,best,RGB+HSV+LAB,cosine,zscore
984,984.jpg,food,1.0,1.0,0.9,0.050505050505050504,0.10101010101010101,0.18181818181818182,0.09615384615384615,0.1834862385321101,0.3025210084033613,0.556969648676632,best,RGB+HSV+LAB,cosine,zscore
985,985.jpg,food,1.0,1.0,1.0,0.050505050505050504,0.10101010101010101,0.20202020202020202,0.09615384615384615,0.1834862385321101,0.33613445378151263,0.5805741899747733,best,RGB+HSV+LAB,cosine,zscore
986,986.jpg,food,1.0,1.0,0.75,0.050505050505050504,0.10101010101010101,0.15151515151515152,0.09615384615384615,0.1834862385321101,0.2521008403361345,0.3364495608115507,best,RGB+HSV+LAB,cosine,zscore
987,987.jpg,food,0.6,0.7,0.55,0.030303030303030304,0.0707070707070707,0.1111111111111111,0.057692307692307696,0.12844036697247704,0.18487394957983191,0.24242016983137857,best,RGB+HSV+LAB,cosine,zscore
988,988.jpg,food,0.6,0.8,0.75,0.030303030303030304,0.08080808080808081,0.15151515151515152,0.057692307692307696,0.1467889908256881,0.2521008403361345,0.5403415399846658,best,RGB+HSV+LAB,cosine,zscore
989,989.jpg,food,1.0,1.0,0.95,0.050505050505050504,0.10101010101010101,0.1919191919191919,0.09615384615384615,0.1834862385321101,0.319327731092437,0.6327919219571481,best,RGB+HSV+LAB,cosine,zscore
990,990.jpg,food,1.0,0.9,0.65,0.050505050505050504,0.09090909090909091,0.13131313131313133,0.09615384615384615,0.16513761467889906,0.2184873949579832,0.5399438443556419,best,RGB+HSV+LAB,cosine,zscore
991,991.jpg,food,1.0,0.7,0.5,0.050505050505050504,0.0707070707070707,0.10101010101010101,0.09615384615384615,0.12844036697247704,0.16806722689075632,0.24585189349845654,best,RGB+HSV+LAB,cosine,zscore
992,992.jpg,food,1.0,1.0,0.9,0.050505050505050504,0.10101010101010101,0.18181818181818182,0.09615384615384615,0.1834862385321101,0.3025210084033613,0.4842166174141208,best,RGB+HSV+LAB,cosine,zscore
993,993.jpg,food,0.4,0.5,0.5,0.020202020202020204,0.050505050505050504,0.10101010101010101,0.038461538461538464,0.09174311926605505,0.16806722689075632,0.1992060802511904,best,RGB+HSV+LAB,cosine,zscore
994,994.jpg,food,0.6,0.6,0.6,0.030303030303030304,0.06060606060606061,0.12121212121212122,0.057692307692307696,0.11009174311926605,0.20168067226890757,0.4471779610181432,best,RGB+HSV+LAB,cosine,zscore
995,995.jpg,food,0.0,0.0,0.0,0.0,0.0,0.0,0.0,0.0,0.0,0.07252816781183756,best,RGB+HSV+LAB,cosine,zscore
996,996.jpg,food,1.0,1.0,0.85,0.050505050505050504,0.10101010101010101,0.1717171717171717,0.09615384615384615,0.1834862385321101,0.2857142857142857,0.5622499416911356,best,RGB+HSV+LAB,cosine,zscore
997,997.jpg,food,0.4,0.2,0.15,0.020202020202020204,0.020202020202020204,0.030303030303030304,0.038461538461538464,0.03669724770642203,0.05042016806722689,0.1096976299605966,best,RGB+HSV+LAB,cosine,zscore
998,998.jpg,food,0.0,0.1,0.15,0.0,0.010101010101010102,0.030303030303030304,0.0,0.018348623853211014,0.05042016806722689,0.1551417299580089,best,RGB+HSV+LAB,cosine,zscore
999,999.jpg,food,0.0,0.3,0.2,0.0,0.030303030303030304,0.04040404040404041,0.0,0.055045871559633024,0.06722689075630253,0.20794730538921571,best,RGB+HSV+LAB,cosine,zscore
