image_id,filename,filepath,category,r_mean,r_std,r_skew,g_mean,g_std,g_skew,b_mean,b_std,b_skew
0,0.jpg,data/processed/wang/africa/0.jpg,africa,111.47670491536458,54.654336545579525,41.79547965949673,93.30487060546875,49.387821283728485,36.365941417595714,78.60300699869792,46.786726013150066,40.57978013910741
1,1.jpg,data/processed/wang/africa/1.jpg,africa,111.82711791992188,61.03107356087363,37.94438340560505,86.92034912109375,51.60657683788946,37.43666685476397,79.84249877929688,49.305962993750846,42.19212019299057
2,2.jpg,data/processed/wang/africa/2.jpg,africa,110.96619669596355,66.39031799320085,47.314556405492525,91.08351643880208,64.85591834324046,53.922531424127826,78.24650065104167,60.51104558121087,55.64339768659249
3,3.jpg,data/processed/wang/africa/3.jpg,africa,129.06747436523438,60.394072764559404,-33.193462494339656,111.2831319173177,60.20363989938194,38.61632249039139,102.483154296875,58.381267168469755,42.48829040725836
4,4.jpg,data/processed/wang/africa/4.jpg,africa,95.9951883951823,72.40081152727117,64.56132958378501,102.296630859375,73.19554447060361,61.522497230921644,84.63009643554688,73.05339516610479,68.47790319316591
5,5.jpg,data/processed/wang/africa/5.jpg,africa,130.64215087890625,60.77959957722864,-2.9191691989607844,97.08126831054688,58.58786704385824,49.059537496812496,87.00564575195312,56.65254668597294,53.04697212418699
6,6.jpg,data/processed/wang/africa/6.jpg,africa,91.08445231119792,55.68532295712834,50.667504747927964,66.16103108723958,51.752175879974935,52.87052237871934,62.92536417643229,49.36562116275715,52.438926342266356
7,7.jpg,data/processed/wang/africa/7.jpg,africa,108.15439860026042,68.29701028263386,54.0724233861041,85.29417928059895,65.9833892287105,63.84609002765441,78.25699869791667,67.13640538294769,69.28021919317214
8,8.jpg,data/processed/wang/africa/8.jpg,africa,101.70640055338542,54.89350208517256,48.372867056603,77.9086405436198,52.69802224052019,55.87617147411342,69.80220540364583,52.669263244411454,59.59719049902413
9,9.jpg,data/processed/wang/africa/9.jpg,africa,95.71871948242188,57.31084479960822,47.98861617021555,88.29258219401042,57.91578266748946,50.09030271456561,78.66493733723958,55.943814539169686,56.71687073673062
10,10.jpg,data/processed/wang/africa/10.jpg,africa,143.05903116861978,58.7354975072208,-38.923929685277706,114.85060628255208,64.11577132823548,40.363186752228145,99.13490804036458,63.65364297135768,50.95155672995824
11,11.jpg,data/processed/wang/africa/11.jpg,africa,123.39732869466145,58.18392560665012,35.076850365776615,112.32937622070312,59.36098622719961,42.16952652134218,88.70121256510417,60.61827258899925,58.26645752590879
12,12.jpg,data/processed/wang/africa/12.jpg,africa,106.58961995442708,64.94660442449306,45.19875635311665,80.78469848632812,64.46070805640099,61.83966625770988,67.84877522786458,60.421808489376474,64.35066498784252
13,13.jpg,data/processed/wang/africa/13.jpg,africa,95.4564208984375,61.14242231004617,51.50974612730156,83.01832071940105,59.67980306676262,53.339432756822276,68.0293477376302,57.89831454178919,61.02865905155619
14,14.jpg,data/processed/wang/africa/14.jpg,africa,116.71126302083333,51.07399776776438,-25.156462183959235,127.8197530110677,60.91807526304571,-31.490891053102217,94.75439453125,48.76279714236797,35.66250437420851
15,15.jpg,data/processed/wang/africa/15.jpg,africa,120.54944864908855,69.0979074156782,39.69267260625786,98.63090006510417,73.86968404099333,51.78825163015871,80.72556559244792,70.83451407672972,64.86947397958151
16,16.jpg,data/processed/wang/africa/16.jpg,africa,94.50513712565105,51.021699106970985,39.877427787132945,60.53180948893229,48.88073109220275,47.996653740898786,62.154256184895836,44.717272377063935,45.89085078262303
17,17.jpg,data/processed/wang/africa/17.jpg,africa,90.95177205403645,62.96139993672044,56.201579837147385,69.147705078125,59.18646407521591,62.75291521768454,60.890655517578125,56.79248461153308,68.81040542332306
18,18.jpg,data/processed/wang/africa/18.jpg,africa,94.0033671061198,73.05383391300218,60.36528130701103,62.472452799479164,63.54972909826557,66.28412199142282,59.39856974283854,60.52872750876245,66.75532205004153
19,19.jpg,data/processed/wang/africa/19.jpg,africa,117.48900349934895,58.50453156422697,39.010097776486965,98.2313232421875,51.83923800539027,45.588632521546536,83.6842041015625,50.40987746235395,52.113683583994685
20,20.jpg,data/processed/wang/africa/20.jpg,africa,104.2443135579427,60.240598613275715,35.9064791595026,83.05404663085938,55.37295019579073,41.68032154385044,81.38065592447917,54.6557550958461,43.028601631302145
21,21.jpg,data/processed/wang/africa/21.jpg,africa,128.35884602864584,66.22523977068921,-33.026108502160056,89.63812255859375,59.16667456730028,47.91978333800858,88.32576497395833,59.858668698256025,48.7389672455589
22,22.jpg,data/processed/wang/africa/22.jpg,africa,114.23372395833333,60.778671549041356,37.04272348558213,99.30494181315105,60.46659376532704,47.06521347583784,93.16094970703125,59.615649367878106,48.84079506853162
23,23.jpg,data/processed/wang/africa/23.jpg,africa,122.15089925130208,69.41752107254597,30.67480425336678,108.47095743815105,70.80543192940277,49.41167362011012,100.80801391601562,67.96899123270747,50.788386807413126
24,24.jpg,data/processed/wang/africa/24.jpg,africa,95.40567016601562,72.7568302530041,49.957502886614165,77.21317545572917,65.92896267851026,55.779616579910765,74.96525065104167,64.46502741238555,55.42162917380314
25,25.jpg,data/processed/wang/africa/25.jpg,africa,123.6879170735677,58.01662764529076,32.056378576250395,102.85306803385417,61.35387030227954,46.34889068381855,96.2288309733073,58.06804580486536,46.2403402215174
26,26.jpg,data/processed/wang/africa/26.jpg,africa,119.95287068684895,67.78704419200936,-13.590379757205657,93.27357991536458,68.39558894501441,58.02750165452756,89.2002461751302,61.2790198806026,52.80012943362035
27,27.jpg,data/processed/wang/africa/27.jpg,africa,107.39537556966145,58.75390109375791,32.14250927413343,90.18724568684895,57.14368041410663,47.18252330841793,83.6863505045573,54.4646803935446,49.827555379656616
28,28.jpg,data/processed/wang/africa/28.jpg,africa,117.74619547526042,68.7973447285156,38.55683955276369,113.11681111653645,70.11735997381504,45.67073561804171,93.39339192708333,69.38835846626773,61.63230111369137
29,29.jpg,data/processed/wang/africa/29.jpg,africa,92.89194742838542,65.8443346267638,57.072811922835896,81.99899291992188,60.89453971953815,53.59275561253657,74.06612141927083,57.510893319886826,54.523454223464434
30,30.jpg,data/processed/wang/africa/30.jpg,africa,79.94571940104167,50.52982694447361,48.89336631222365,83.2327880859375,44.36538794231546,40.21586518974982,72.85547892252605,44.412149505884486,43.85026858040584
31,31.jpg,data/processed/wang/africa/31.jpg,africa,106.02218627929688,61.712633746564656,43.70050306259543,108.02843221028645,64.48752865989556,46.33954428829354,78.73220825195312,55.93387217837495,49.587170611113336
32,32.jpg,data/processed/wang/africa/32.jpg,africa,87.59327189127605,60.24181455269831,49.793864455737975,72.05523681640625,59.83158210854499,62.103507823094404,67.1287129720052,57.04052778369589,61.40622535871836
33,33.jpg,data/processed/wang/africa/33.jpg,africa,117.36564127604167,53.734287291039834,37.57537130980439,119.4727071126302,50.69393021135845,-21.316164666427838,96.96804809570312,45.052893248876835,28.41741946023735
34,34.jpg,data/processed/wang/africa/34.jpg,africa,137.50772094726562,55.51967660527591,-30.82306096701219,152.62470499674478,61.665242104081074,-55.11301117381412,102.89792887369792,55.38195489068458,39.26397680127259
35,35.jpg,data/processed/wang/africa/35.jpg,africa,78.07325236002605,59.68285198738084,57.76114938393171,83.1537373860677,58.854263363577836,49.60503180387964,94.03243001302083,68.8431777586766,49.33641636562907
36,36.jpg,data/processed/wang/africa/36.jpg,africa,111.79566446940105,62.916259697927075,38.12557124408616,67.96535237630208,54.608637705721286,59.0465687096555,57.17376708984375,48.05594381200467,55.64420512202139
37,37.jpg,data/processed/wang/africa/37.jpg,africa,116.56088256835938,64.77651380634818,29.039844718000133,75.24889119466145,58.236137290821254,58.23836644512299,62.55670166015625,49.215963250405096,52.99451500747554
38,38.jpg,data/processed/wang/africa/38.jpg,africa,85.78153483072917,63.184540801604776,55.784398475039026,64.80356852213542,54.4112177435376,58.8351973230859,61.557535807291664,50.67524598859465,54.75761788290146
39,39.jpg,data/processed/wang/africa/39.jpg,africa,128.87690226236978,77.14035146141656,-39.3359883478923,110.3206787109375,81.41698528940304,52.53715356443978,106.0360616048177,78.04451669214018,49.62602189277429
40,40.jpg,data/processed/wang/africa/40.jpg,africa,99.68825276692708,71.68964169318721,59.26855652129093,84.44882202148438,71.25638467113282,67.79490789972311,80.82936604817708,70.6607295333277,69.71276266660155
41,41.jpg,data/processed/wang/africa/41.jpg,africa,115.0029296875,76.76498768124755,48.00267673223205,100.10219319661458,75.99652194494793,58.47199922889488,93.17942301432292,73.48499678416616,60.04106184662657
42,42.jpg,data/processed/wang/africa/42.jpg,africa,85.88963826497395,60.64086955410251,50.682919007445534,65.06368001302083,50.89030711028495,53.78691215081383,65.70599365234375,48.74783384324029,50.63062001064444
43,43.jpg,data/processed/wang/africa/43.jpg,africa,130.24212646484375,74.12699474244965,-24.5996453790174,121.7611592610677,81.99883196600777,26.835334979018366,114.74290974934895,80.1038619437552,39.25725416959504
44,44.jpg,data/processed/wang/africa/44.jpg,africa,98.24109903971355,82.56790151698033,63.6082231426789,88.1034647623698,83.76804543253094,74.7229854740462,76.73147583007812,80.07994603922081,76.10448756543518
45,45.jpg,data/processed/wang/africa/45.jpg,africa,69.0287373860677,56.184275098283,57.957143343587155,58.08647664388021,52.733781040448484,58.51737855206443,49.273173014322914,48.82344042235061,57.57328160949735
46,46.jpg,data/processed/wang/africa/46.jpg,africa,61.42048136393229,53.89971733541188,59.96687432020935,51.750885009765625,51.03636183865576,60.038162227606236,46.427042643229164,47.67785400317207,57.77727787263731
47,47.jpg,data/processed/wang/africa/47.jpg,africa,134.75030517578125,62.67924402981984,5.996234578740436,108.20928955078125,67.52610700255414,43.372104781082214,92.2823994954427,60.280890163202415,46.17261447859131
48,48.jpg,data/processed/wang/africa/48.jpg,africa,81.3727518717448,55.39721677223929,53.22524451548882,75.73276774088542,54.280305644842805,51.49701349267573,56.421223958333336,45.83350104561379,51.66041911662181
49,49.jpg,data/processed/wang/africa/49.jpg,africa,99.944580078125,60.122088858995724,52.9825597746713,85.6149393717448,62.30281094516272,55.69532323826268,83.58988444010417,62.0501448596418,55.88890653615783
50,50.jpg,data/processed/wang/africa/50.jpg,africa,145.4677530924479,64.74159009579348,-36.482770907229046,81.71158854166667,63.44843887868243,56.94756747793113,68.55157470703125,52.480860974242525,56.84778926416355
51,51.jpg,data/processed/wang/africa/51.jpg,africa,91.09974161783855,61.58324152175223,53.56445739825849,88.88375854492188,62.1525795344864,54.79092270218503,71.71978759765625,58.25165039424035,56.77541380078547
52,52.jpg,data/processed/wang/africa/52.jpg,africa,129.15011596679688,61.17640283459381,-22.697577394732654,115.52986653645833,64.88185347536593,40.724740185606954,100.5150655110677,55.41058916122837,29.7773733518935
53,53.jpg,data/processed/wang/africa/53.jpg,africa,119.0919189453125,52.1346918740864,29.176454776217973,119.45509847005208,60.97373220101077,19.01435871993324,89.0634053548177,55.86921385838142,52.30698834092249
54,54.jpg,data/processed/wang/africa/54.jpg,africa,131.3929443359375,69.18245154832137,6.954695465826134,91.21727498372395,71.07930286355571,62.25724504014969,77.91070556640625,66.90759100570294,66.03216465070457
55,55.jpg,data/processed/wang/africa/55.jpg,africa,96.69901529947917,65.93187754223223,51.607464404996534,78.09376017252605,66.68424889297339,65.77416654958755,77.94049072265625,64.69843184842976,63.63665653201649
56,56.jpg,data/processed/wang/africa/56.jpg,africa,107.23746744791667,63.43243310275019,49.615394902542604,81.58997599283855,58.94856392229077,54.69971396974563,71.49545288085938,57.075090167581074,57.35752934324897
57,57.jpg,data/processed/wang/africa/57.jpg,africa,92.3486328125,66.97470933747404,50.916477626471575,63.98790486653646,61.717756174330205,65.19771206570866,52.009175618489586,53.547202488306056,62.62776969193448
58,58.jpg,data/processed/wang/africa/58.jpg,africa,107.35071818033855,56.649818155641285,38.24171562683959,79.72163899739583,58.57406969227074,52.994858479670356,65.0167744954427,50.499751562015504,52.94719958606225
59,59.jpg,data/processed/wang/africa/59.jpg,africa,108.36109415690105,66.25702559856848,50.871276078111876,78.37849934895833,60.62771256786445,56.37201905130878,73.56360880533855,59.28025251599379,57.39431659491903
60,60.jpg,data/processed/wang/africa/60.jpg,africa,105.61708577473958,61.25978762468161,45.72469490531631,85.10474650065105,58.69800052435065,54.87236357974517,73.02212524414062,56.38305650501683,60.23434969067284
61,61.jpg,data/processed/wang/africa/61.jpg,africa,120.23579915364583,57.86866273401973,28.207319411688186,95.67943318684895,55.96135004403475,39.12345922608429,79.9111328125,50.99209929023642,42.03284016363117
62,62.jpg,data/processed/wang/africa/62.jpg,africa,94.9921162923177,62.720811670245205,59.310139000954536,76.95582071940105,60.16062899455043,63.371255631620784,72.137451171875,59.65684056926414,67.29463489891663
63,63.jpg,data/processed/wang/africa/63.jpg,africa,114.31749471028645,76.55506804334583,27.62530394396078,123.1864013671875,77.36286066912545,-35.53693582544999,94.28033447265625,79.43363197960585,56.808982098423634
64,64.jpg,data/processed/wang/africa/64.jpg,africa,114.35997517903645,70.34562056724583,48.086848283350896,93.40213012695312,66.57529742321285,54.44062336747463,87.1154276529948,62.62501455766857,54.85109200173453
65,65.jpg,data/processed/wang/africa/65.jpg,africa,67.4940185546875,74.61676259256514,78.583109186279,57.69572957356771,69.35347929267238,78.56142940922408,60.58958943684896,63.272364102995425,70.27774588109827
66,66.jpg,data/processed/wang/africa/66.jpg,africa,102.5850321451823,67.99675243448874,29.983898460199008,70.48836263020833,53.424150520855356,47.4087560658416,61.644816080729164,48.529550931589846,47.33914994381166
67,67.jpg,data/processed/wang/africa/67.jpg,africa,102.87567138671875,56.45877330626998,35.774135724128314,75.8504130045573,52.855328429980275,45.45602889871918,69.66257731119792,51.623084444744656,48.97637628750061
68,68.jpg,data/processed/wang/africa/68.jpg,africa,92.12345377604167,62.64831131559037,52.779373009820965,89.94725545247395,56.420389314491395,34.61650814283766,88.39126586914062,63.298167728052206,48.51879899674842
69,69.jpg,data/processed/wang/africa/69.jpg,africa,93.51986694335938,63.734802046139215,54.34898873220102,46.376180013020836,52.067814243558466,64.3028059295985,37.14378865559896,45.84687113787666,62.16107001415203
70,70.jpg,data/processed/wang/africa/70.jpg,africa,98.17696126302083,49.17890868271793,44.33754748642976,101.10608927408855,46.811649095906596,39.35948566216716,90.58301798502605,42.7923617395504,35.08140261185332
71,71.jpg,data/processed/wang/africa/71.jpg,africa,125.30143229166667,51.09526668141987,-25.343082148930854,119.5899149576823,58.71855087945988,-27.540222787880225,102.68646240234375,52.99404395307436,42.609511897101896
72,72.jpg,data/processed/wang/africa/72.jpg,africa,115.60978190104167,66.53621207607856,28.401667427249812,87.85237630208333,59.578429577181176,46.64875069132401,77.41438802083333,53.46558616062467,46.40739211309334
73,73.jpg,data/processed/wang/africa/73.jpg,africa,163.8502197265625,57.32643399106042,-56.75992808471174,181.73934936523438,60.19926731925058,-68.68171778966293,171.2387898763021,61.88838014316772,-68.78160484201075
74,74.jpg,data/processed/wang/africa/74.jpg,africa,83.00714111328125,49.26028928593953,41.04873776398293,82.90598551432292,52.92476041010094,35.995813552199806,69.9735819498698,41.19497992690886,35.030626363954546
75,75.jpg,data/processed/wang/africa/75.jpg,africa,114.30384318033855,60.305388173981605,37.13359751567974,93.1371561686198,59.8197002884185,50.90331227930382,92.00706990559895,57.21945366881539,46.89526730924663
76,76.jpg,data/processed/wang/africa/76.jpg,africa,109.39229329427083,70.67873209521487,53.03339125354143,79.1453145345052,62.03507849733962,60.0468788093632,67.0952657063802,57.451212286416656,60.87191553678594
77,77.jpg,data/processed/wang/africa/77.jpg,africa,121.27853393554688,63.1323112629816,30.500088880733955,101.7157491048177,57.3571723208762,39.94473274236077,92.3910624186198,55.21077972672593,41.979682345844765
78,78.jpg,data/processed/wang/africa/78.jpg,africa,89.0199686686198,53.57241624344077,44.48082433424087,58.832244873046875,51.95127802072112,54.59943541849436,52.29657999674479,48.12763772556432,55.202237171035705
79,79.jpg,data/processed/wang/africa/79.jpg,africa,179.8681844075521,45.814311637893404,-55.64700783008139,192.01187133789062,46.71997968461504,-62.08074559814644,193.26950073242188,50.10249373747726,-66.23878234555588
80,80.jpg,data/processed/wang/africa/80.jpg,africa,118.861328125,66.9722950623493,40.96737951022496,95.80026245117188,64.4203868207184,53.65688881334995,75.03286743164062,58.90555757817652,57.67147384108536
81,81.jpg,data/processed/wang/africa/81.jpg,africa,87.8494160970052,65.51304235751863,58.638049025712135,69.94161987304688,59.99729302606442,63.5167361199103,61.3995361328125,61.2162800312593,67.58127263274409
82,82.jpg,data/processed/wang/africa/82.jpg,africa,92.2129414876302,62.72378827428142,54.6421887183503,69.58883666992188,54.606251791106125,54.84906471228739,61.756144205729164,53.18762664016246,58.148597560372835
83,83.jpg,data/processed/wang/africa/83.jpg,africa,85.66792805989583,63.41790188885476,57.15404630334319,67.92044067382812,56.6193455687018,58.826492514164734,63.457061767578125,54.65945083858934,59.27244971799452
84,84.jpg,data/processed/wang/africa/84.jpg,africa,96.08709716796875,66.30314823108223,53.3964918853261,84.6938985188802,65.71599285193383,57.68349197494854,71.02154541015625,59.56680406051766,57.4036740625433
85,85.jpg,data/processed/wang/africa/85.jpg,africa,83.41421508789062,61.232294470042866,58.79792036442496,69.77030436197917,53.394178600630326,55.98278089570852,53.38672892252604,46.02641121180325,54.49850894873747
86,86.jpg,data/processed/wang/africa/86.jpg,africa,141.52525838216147,59.419310261909885,-40.76917862116241,128.57136027018228,61.40309074382275,-29.307002839620882,111.2461649576823,59.1566128397632,38.10956747018663
87,87.jpg,data/processed/wang/africa/87.jpg,africa,93.60671997070312,59.89410638368517,51.59246735726017,77.33656819661458,58.510210612657765,55.66098329995346,58.484334309895836,52.567366898976616,57.227057519713014
88,88.jpg,data/processed/wang/africa/88.jpg,africa,98.2383524576823,45.90114222566679,31.842104569419213,99.1595458984375,47.2590376868601,13.8839829169054,87.64981079101562,60.90297614251669,47.41399531977014
89,89.jpg,data/processed/wang/africa/89.jpg,africa,78.71732584635417,55.959295924814725,56.70595517942269,80.54859415690105,57.655311704208806,57.03530751010174,61.28179931640625,53.0497224010415,57.18789549024068
90,90.jpg,data/processed/wang/africa/90.jpg,africa,90.1335957845052,64.15652703987378,54.823670447031894,101.36719767252605,67.55997681001053,47.88941992991146,71.0656026204427,61.71163295666671,63.823079795796275
91,91.jpg,data/processed/wang/africa/91.jpg,africa,101.56869506835938,66.05829258640881,50.909309469986326,91.90696207682292,63.74594514805274,52.81852446897022,83.9470723470052,58.68893792624206,53.23041417493542
92,92.jpg,data/processed/wang/africa/92.jpg,africa,105.52731323242188,50.53206819049096,36.738175172641405,98.89600626627605,52.65585182682628,46.793231887287305,92.92725626627605,48.9881204552213,46.414091991913914
93,93.jpg,data/processed/wang/africa/93.jpg,africa,102.98780314127605,65.86986083055169,48.717992931441465,103.96583048502605,69.48531109298128,50.56686821553583,93.44265747070312,62.36565613139108,45.99096043127678
94,94.jpg,data/processed/wang/africa/94.jpg,africa,118.9553731282552,57.19569481979856,41.95382521072764,107.1490478515625,60.95515921265638,47.37270369523072,90.2750752766927,62.07387945762394,56.50994909280092
95,95.jpg,data/processed/wang/africa/95.jpg,africa,104.21282958984375,76.13516617995445,49.06351235090996,100.19122314453125,80.0889221244446,54.18986749854672,98.1719970703125,81.79883928624425,61.352158152840005
96,96.jpg,data/processed/wang/africa/96.jpg,africa,132.04132080078125,63.527330191527,28.645651207248726,116.4054667154948,64.23591425739079,41.53859997173588,102.4761454264323,62.81080500642922,46.26577167914306
97,97.jpg,data/processed/wang/africa/97.jpg,africa,117.6824442545573,49.4536690603192,17.638425701758667,95.00243123372395,47.263256700624524,34.89411726666386,84.616455078125,43.16668223835813,36.84781299515901
98,98.jpg,data/processed/wang/africa/98.jpg,africa,114.35333251953125,46.381414921372404,31.383365273508577,106.1167500813802,43.45482702267022,30.189098545242533,95.8537089029948,45.58780692616681,41.316877469488816
99,99.jpg,data/processed/wang/africa/99.jpg,africa,93.48000081380208,60.20341078528933,51.429312711053214,79.14335123697917,53.28959947012059,50.113830868652514,70.71083577473958,50.32651305663996,50.092443575899026
100,100.jpg,data/processed/wang/beach/100.jpg,beach,113.15765380859375,62.55875677901753,40.52232184886966,97.4801025390625,58.615879595419315,40.60863636947923,102.13468424479167,63.86478371978393,46.89343898162304
101,101.jpg,data/processed/wang/beach/101.jpg,beach,138.14783732096353,65.32038573184583,-53.91643273952669,163.81332397460938,46.9361514432018,-50.28190466381244,178.4822998046875,45.00557930745298,-58.102631531525475
102,102.jpg,data/processed/wang/beach/102.jpg,beach,108.27015177408855,52.526285870892316,-25.071248301869367,138.67048136393228,37.34750581798742,-34.48074043379782,143.05094401041666,34.847884434561784,-36.16300552078067
103,103.jpg,data/processed/wang/beach/103.jpg,beach,109.7345479329427,70.91950287003044,-48.41528508118389,106.59227498372395,55.545776456922255,-29.898662593390895,111.6657002766927,33.39084326857489,-11.477733841527208
104,104.jpg,data/processed/wang/beach/104.jpg,beach,122.00215657552083,54.21047096436821,-37.536256728499886,143.78561401367188,42.59890868116929,-40.28921748800357,162.16944376627603,40.53458796640585,-45.342626645635185
105,105.jpg,data/processed/wang/beach/105.jpg,beach,110.21101888020833,61.610950872543064,-29.76723157708828,57.874542236328125,48.493801885429754,48.67352066113297,72.89312744140625,43.86276102779532,40.81648066949343
106,106.jpg,data/processed/wang/beach/106.jpg,beach,120.677734375,75.64898429940091,-33.36107574001949,136.82369995117188,51.037756368324466,-38.43342272187245,153.32515462239584,48.02483072777217,-54.68556493048314
107,107.jpg,data/processed/wang/beach/107.jpg,beach,104.99117024739583,59.17997183785643,29.76511167735743,133.85328165690103,53.332020891063216,-49.16159397429388,133.71283976236978,57.405677168514075,-53.61510464033112
108,108.jpg,data/processed/wang/beach/108.jpg,beach,131.2331746419271,40.65159550760863,-37.17661607051278,123.00508626302083,41.02769483331543,-37.67488795177405,98.01548258463542,36.85152998730797,24.891635284188737
109,109.jpg,data/processed/wang/beach/109.jpg,beach,85.85992431640625,69.37119681223787,42.68513040523712,85.72462972005208,65.74098364032884,38.81367295336412,81.42933146158855,57.995423679300195,35.347763730979594
110,110.jpg,data/processed/wang/beach/110.jpg,beach,76.61322021484375,59.51416273279677,47.971569568404064,80.10336303710938,44.1524636972722,40.93506317961591,82.73385620117188,43.932122080573734,34.15292423946639
111,111.jpg,data/processed/wang/beach/111.jpg,beach,56.38775634765625,52.51746240303729,57.610844101300586,87.46653238932292,48.28323741564667,43.10737282542616,117.32837931315105,63.85499012185533,-44.26596886621735
112,112.jpg,data/processed/wang/beach/112.jpg,beach,77.89610799153645,60.076173701694124,50.66422724082714,100.7567138671875,50.992858543176965,38.45386553288541,135.5224609375,64.56773273278519,-50.12396515252277
113,113.jpg,data/processed/wang/beach/113.jpg,beach,92.59677124023438,45.166469005628926,27.97723669954899,107.96157836914062,45.35611629734641,-30.260063946639946,126.62210083007812,48.00006849747503,-43.97327015637567
114,114.jpg,data/processed/wang/beach/114.jpg,beach,75.65690104166667,63.90762958524632,61.712204877915894,83.29794311523438,65.07368967979811,63.6283934841738,86.09175618489583,68.03906716166541,61.87334963309094
115,115.jpg,data/processed/wang/beach/115.jpg,beach,93.44818115234375,68.31304159205861,43.9389792314238,117.83838907877605,58.52405729319034,-27.80094303769986,109.06412760416667,65.00766726454447,-31.820892392982152
116,116.jpg,data/processed/wang/beach/116.jpg,beach,95.9075927734375,56.3329705437187,42.30497356679234,79.10733032226562,48.9006588920996,50.38358091595357,89.0306396484375,47.19990413175199,44.814068578698524
117,117.jpg,data/processed/wang/beach/117.jpg,beach,138.3946736653646,50.21102881503239,-46.63049680363129,151.1390177408854,53.44795944401598,-54.12269129138253,155.38077799479166,56.54429044746449,-56.468390085932185
118,118.jpg,data/processed/wang/beach/118.jpg,beach,119.0517069498698,52.123730118936976,22.23051152685536,118.5755106608073,50.94952762167551,18.855767686263874,131.37486775716147,55.76277675662595,-25.815053545741797
119,119.jpg,data/processed/wang/beach/119.jpg,beach,106.73893229166667,75.87912386406572,30.834244112886473,122.26177978515625,61.61548350542341,-45.583718408408764,121.6607666015625,57.791831120575274,-51.382368310031396
120,120.jpg,data/processed/wang/beach/120.jpg,beach,122.57694498697917,51.88163921849062,-36.40237460315237,125.07059733072917,42.897164097016635,-37.49140282524434,124.97269694010417,40.639438129278965,-34.04483848599244
121,121.jpg,data/processed/wang/beach/121.jpg,beach,87.90085856119792,55.613485590603915,56.45221987668678,81.54840087890625,54.35157089500414,57.07410443895172,97.65699259440105,49.60564507111724,45.92065967237002
122,122.jpg,data/processed/wang/beach/122.jpg,beach,74.61301676432292,52.45962632387319,47.3952133466761,111.2347412109375,47.1792294412696,-19.635988882624858,130.57113647460938,57.82197896519055,-38.63500419972149
123,123.jpg,data/processed/wang/beach/123.jpg,beach,159.06434122721353,45.243325436116315,-52.943839384670085,149.9561564127604,41.25337529521276,-44.98913410985734,139.7088623046875,32.296672732210894,-38.43013143728454
124,124.jpg,data/processed/wang/beach/124.jpg,beach,120.65665690104167,61.55198473639216,33.82431798047064,118.62893676757812,62.047255010305435,37.55892204018649,117.10031127929688,64.50655864562566,41.150462348497854
125,125.jpg,data/processed/wang/beach/125.jpg,beach,103.84201049804688,55.39336126008531,25.361890190110287,115.95810953776042,45.9831228388143,36.17685650605294,118.7784932454427,42.67407357262456,32.56484318697564
126,126.jpg,data/processed/wang/beach/126.jpg,beach,97.13323974609375,45.64812939633895,41.848557671491434,148.61652628580728,29.12408929432257,-19.963222163584575,175.1427205403646,49.33089299712943,-47.00226594990525
127,127.jpg,data/processed/wang/beach/127.jpg,beach,108.61271158854167,37.36873771138222,31.49944411220346,130.27145385742188,32.9519400849956,-31.851027822359036,149.28772989908853,36.12864820595168,-46.19844996646718
128,128.jpg,data/processed/wang/beach/128.jpg,beach,113.4018046061198,64.07509976131472,-35.293027129607054,120.41717529296875,59.58176765212895,-45.19724454096254,116.94712320963542,60.58113909062537,-52.43624993727694
129,129.jpg,data/processed/wang/beach/129.jpg,beach,94.22324625651042,50.62843137942342,49.626679477715335,96.3023681640625,45.18134016867331,44.05607030408159,99.14626057942708,47.79874030390111,44.59659867975187
130,130.jpg,data/processed/wang/beach/130.jpg,beach,147.1451619466146,46.29191342959153,-46.08228877727285,144.04249064127603,41.524508491571915,-35.97604341231791,130.63094075520834,61.577228347583564,-40.909578247739695
131,131.jpg,data/processed/wang/beach/131.jpg,beach,152.00411987304688,48.0675410047648,-54.00029689534561,144.29428100585938,46.15312006117948,-50.73205082830742,144.37740071614584,51.49596603381125,-49.379601253211945
132,132.jpg,data/processed/wang/beach/132.jpg,beach,99.08985392252605,51.08843639947605,44.06259721514206,100.95613606770833,46.63742168415905,40.99274443516879,116.34462483723958,61.58001472638689,-44.74228585440181
133,133.jpg,data/processed/wang/beach/133.jpg,beach,60.090596516927086,48.67395548274482,56.65794606694293,87.78245035807292,45.73151422892341,44.22567241355594,110.92962646484375,66.60000281927763,-37.94325922224629
134,134.jpg,data/processed/wang/beach/134.jpg,beach,95.99436442057292,45.5919151855295,36.34230047309585,110.14381917317708,45.4477626745933,-15.18452111330561,119.55672200520833,48.47617551615142,-39.33285458805684
135,135.jpg,data/processed/wang/beach/135.jpg,beach,56.509318033854164,48.488503417098514,51.85653513223923,82.77794392903645,45.425123120208646,41.92050912118172,112.59921264648438,42.82953113892264,-19.457889856000122
136,136.jpg,data/processed/wang/beach/136.jpg,beach,94.3050537109375,51.136044832075925,31.25939392692751,117.51280721028645,40.97651457185122,-12.61837456372903,118.8229268391927,49.48234789877638,-28.86725461239304
137,137.jpg,data/processed/wang/beach/137.jpg,beach,115.70516967773438,45.84705744892417,-34.7568201667421,120.87952677408855,38.170410092908654,-39.873059657873746,118.53524780273438,41.24429779607553,-40.478108594830886
138,138.jpg,data/processed/wang/beach/138.jpg,beach,101.42665608723958,45.627774333100405,-29.760279532380878,141.2404988606771,32.9041147437345,-37.42497386594792,167.35759480794272,51.33518712413415,-58.802394898350514
139,139.jpg,data/processed/wang/beach/139.jpg,beach,145.47559611002603,49.349678025108986,-50.6930093564097,143.69347127278647,46.98113465906912,-49.998817195981005,129.20697021484375,45.60293761757353,-42.64963292012191
140,140.jpg,data/processed/wang/beach/140.jpg,beach,103.755126953125,64.99246934478919,24.750408453245917,109.8988545735677,63.67529142411372,-29.688304271643545,118.43960571289062,60.722774517005604,-38.836644418766284
141,141.jpg,data/processed/wang/beach/141.jpg,beach,66.82154337565105,57.88065260199053,60.286029552794986,75.22633870442708,45.64735824487755,47.13724680878707,91.14113362630208,46.689938064730065,25.85862077080775
142,142.jpg,data/processed/wang/beach/142.jpg,beach,66.18021647135417,60.57628379234864,60.60938231582992,84.90627034505208,44.751691718770665,38.18210455358607,91.524658203125,50.46188600491999,-24.235599457439037
143,143.jpg,data/processed/wang/beach/143.jpg,beach,66.57332356770833,47.853799425151685,41.507971424420084,88.29025268554688,38.683083027039615,26.86339650789627,114.89056396484375,48.698772485147906,20.232062553005193
144,144.jpg,data/processed/wang/beach/144.jpg,beach,130.45946248372397,59.42068747118562,-29.866545312706865,134.81656901041666,61.20244423403773,-31.184334965202755,119.24224853515625,67.86119341711337,30.810689631611027
145,145.jpg,data/processed/wang/beach/145.jpg,beach,113.66783650716145,47.79601355551309,-40.088573158398844,112.5712178548177,45.60837215327447,-39.43433839463286,114.89452107747395,47.85386020089958,-43.94954950699339
146,146.jpg,data/processed/wang/beach/146.jpg,beach,95.82657877604167,62.566016852542425,25.885607686846782,114.44666544596355,40.96663323640505,-15.07357915515778,121.24239095052083,31.270855070423625,-13.767128706174386
147,147.jpg,data/processed/wang/beach/147.jpg,beach,89.76219685872395,60.48725306008855,44.47095945927124,92.0437723795573,43.77436619736191,32.68907351116209,85.41006469726562,43.09176482979701,-21.94597179020753
148,148.jpg,data/processed/wang/beach/148.jpg,beach,107.22330729166667,70.14494706113162,-42.75032204323374,130.03515625,47.479713632073,-21.826371707475705,135.67092895507812,30.98475844586441,-26.960109162693144
149,149.jpg,data/processed/wang/beach/149.jpg,beach,99.65245564778645,37.97658729705958,-15.173023290123059,118.00227864583333,31.43191120514777,-28.19326462126136,128.2730712890625,35.98537341131197,-35.149639705105216
150,150.jpg,data/processed/wang/beach/150.jpg,beach,109.50010172526042,49.22889569692917,-38.62904758347666,115.9253438313802,45.18577253399123,-40.28503102472932,126.42759195963542,44.51690656696438,-39.35417618495862
151,151.jpg,data/processed/wang/beach/151.jpg,beach,73.53446451822917,42.726500030692485,42.762444972643046,83.2043965657552,32.68089213986637,20.85979532214617,80.84121704101562,35.41718681021137,-20.89171702678582
152,152.jpg,data/processed/wang/beach/152.jpg,beach,145.3421630859375,29.428999811263918,-35.91840606394419,147.44896443684897,37.43333836722694,-48.09092747834089,146.7520548502604,43.330586419892626,-55.1402971839932
153,153.jpg,data/processed/wang/beach/153.jpg,beach,92.52752685546875,54.661526524771716,30.49599025449485,100.96653238932292,54.965452674079124,16.6674347992603,78.87771606445312,52.30560537072821,34.872360778237386
154,154.jpg,data/processed/wang/beach/154.jpg,beach,97.64865112304688,54.41162333021828,32.12497772912241,111.72425333658855,57.505040781864,30.695114439650453,131.4649861653646,44.10524687084173,-43.46535513788635
155,155.jpg,data/processed/wang/beach/155.jpg,beach,104.25833129882812,36.940303817221995,30.37281633518864,95.03395589192708,36.16959595266325,37.77814627176812,101.42122395833333,42.78048409877901,41.1448156635944
156,156.jpg,data/processed/wang/beach/156.jpg,beach,81.98484293619792,49.369230261018856,50.118950902135595,105.27081298828125,34.1147058507003,-18.39251194869133,124.06134033203125,35.535007765785664,-38.0815167477894
157,157.jpg,data/processed/wang/beach/157.jpg,beach,78.36806233723958,50.661647089737144,43.91116986650466,120.2619120279948,36.969739695425694,21.483018957268023,143.92891438802084,31.977948737560883,-22.151964337921157
158,158.jpg,data/processed/wang/beach/158.jpg,beach,101.72573852539062,47.541158908127066,-40.72145640876188,107.7659403483073,43.861546034714294,-39.676952454319746,111.45878092447917,41.18522659908236,-30.941088749989078
159,159.jpg,data/processed/wang/beach/159.jpg,beach,123.7454833984375,53.603321545166665,-31.937789528369784,134.92231241861978,46.60837362255101,-42.76641602702828,152.50759887695312,42.17314164461002,-37.257274613175156
160,160.jpg,data/processed/wang/beach/160.jpg,beach,103.94846598307292,67.15161566921518,37.06431743153149,99.5214131673177,65.10106676932114,41.693939730827175,85.32210286458333,62.15941633650856,43.341314516949346
161,161.jpg,data/processed/wang/beach/161.jpg,beach,91.06424967447917,31.63925861875043,27.707978068381912,114.39554850260417,22.83314818340697,-22.887169849413212,141.5597941080729,29.566923540222948,-30.28703010070039
162,162.jpg,data/processed/wang/beach/162.jpg,beach,83.07105509440105,57.954482770209346,39.36263690301757,109.50738525390625,49.33754643208855,-28.68567503508118,134.4817911783854,54.52554417063786,-45.30239150938328
163,163.jpg,data/processed/wang/beach/163.jpg,beach,124.4392598470052,41.47551244694487,-20.537744441306273,152.97364298502603,39.46936092145395,-41.6700336250329,155.66567993164062,29.304388198242126,-31.987327593462208
164,164.jpg,data/processed/wang/beach/164.jpg,beach,92.4591573079427,52.23684414974517,33.79940276641599,84.3007303873698,44.15283783245696,33.919083324349614,85.48448689778645,36.80675213864983,32.154293702885006
165,165.jpg,data/processed/wang/beach/165.jpg,beach,98.07928466796875,56.86766941147657,34.70073811458165,94.38235473632812,43.87142508757074,26.435435844123056,108.06522623697917,34.16658108376333,-27.14124450398106
166,166.jpg,data/processed/wang/beach/166.jpg,beach,99.80537923177083,55.49524258363711,43.048787881815684,105.24139404296875,48.64175722203907,22.8944268279376,116.27623494466145,51.000438597552446,-46.28666357402106
167,167.jpg,data/processed/wang/beach/167.jpg,beach,59.05939737955729,44.32869711652156,46.25483994079637,87.15560913085938,54.22654980436947,32.11804933611568,74.6808369954427,44.87182869625645,30.058008080496652
168,168.jpg,data/processed/wang/beach/168.jpg,beach,83.11572265625,51.1575512255467,46.50517853141847,91.67552693684895,52.24435304564238,40.9067777687967,105.65292358398438,60.06390005350866,-34.72170397037849
169,169.jpg,data/processed/wang/beach/169.jpg,beach,87.11864217122395,55.4938159763463,50.570481777183346,99.93011474609375,52.59012464916858,41.092094789776496,112.60837809244792,52.432851843393614,-36.47639318549133
170,170.jpg,data/processed/wang/beach/170.jpg,beach,87.7085469563802,47.42602224139131,36.92905914657493,102.21339925130208,47.83308798454422,28.21248688649722,94.20328776041667,59.5480142263805,39.40391351238776
171,171.jpg,data/processed/wang/beach/171.jpg,beach,67.05630493164062,45.394654707657594,41.26288949538145,81.9353535970052,39.48429798946456,28.038842764603114,82.63048299153645,49.130800253979906,38.79341851017405
172,172.jpg,data/processed/wang/beach/172.jpg,beach,86.06056722005208,60.37378159142937,55.178420848760496,90.44637044270833,36.82030024237028,30.587307835186202,82.21728515625,37.29200084081913,-19.079731228470468
173,173.jpg,data/processed/wang/beach/173.jpg,beach,94.18982950846355,54.03702345884923,44.389982284181,112.71485392252605,44.53054322245021,37.8817987319173,125.86123657226562,37.70655733186403,22.890223033824515
174,174.jpg,data/processed/wang/beach/174.jpg,beach,108.41297403971355,42.86953691565194,32.68563266755254,97.01197306315105,40.9961892080069,34.48421372670868,85.9743143717448,47.65148884855044,43.443613667674256
175,175.jpg,data/processed/wang/beach/175.jpg,beach,81.98055013020833,55.59253599090873,50.37933667230127,98.23162841796875,50.330265430409966,35.92570762079916,97.58119710286458,56.863802759374515,23.207057215385305
176,176.jpg,data/processed/wang/beach/176.jpg,beach,104.54415893554688,44.96933185127248,39.98343073651894,112.6885477701823,41.00557655520866,-21.711058584439293,130.61526489257812,54.09994092913401,-45.86349599454667
177,177.jpg,data/processed/wang/beach/177.jpg,beach,99.7894795735677,49.78868883968189,-13.748773832412487,112.18356323242188,42.69424063268736,-36.040089024361336,136.04063924153647,53.67321446562047,-44.76094364737932
178,178.jpg,data/processed/wang/beach/178.jpg,beach,78.6982930501302,64.21345754765385,56.794530104671686,93.93328857421875,54.5159663345791,49.1903755324178,97.96597290039062,48.945720600036964,40.980788561191716
179,179.jpg,data/processed/wang/beach/179.jpg,beach,78.30623372395833,54.79526297892682,41.31212496520246,102.76395670572917,45.65115845121819,-34.56393348264669,118.2107645670573,48.606440742291156,-43.26134337358136
180,180.jpg,data/processed/wang/beach/180.jpg,beach,83.3318583170573,44.40016259356934,42.63393011338482,118.89684041341145,33.14431232105687,-26.266925985315343,146.56805419921875,44.07965907734163,-44.928956362781534
181,181.jpg,data/processed/wang/beach/181.jpg,beach,72.43321736653645,52.56854922745488,57.03925580197827,83.8580322265625,45.46871182094907,43.571148976273236,91.88095092773438,49.17656527278699,-29.19463506170319
182,182.jpg,data/processed/wang/beach/182.jpg,beach,58.610555013020836,55.87689724522253,50.65562247410459,68.40175374348958,51.9390205574012,44.085944574471036,57.464141845703125,52.4520383290283,46.198751724838544
183,183.jpg,data/processed/wang/beach/183.jpg,beach,63.839497884114586,45.82185805657595,48.575396110551694,93.45855712890625,33.953481402507386,30.55763538881159,97.3788553873698,37.132698713249006,26.218125734975363
184,184.jpg,data/processed/wang/beach/184.jpg,beach,101.00940958658855,40.31678961856748,26.38907451661486,117.3369140625,38.89511368584159,-29.13325917257158,141.46036783854166,52.45712957694058,-47.491470453361885
185,185.jpg,data/processed/wang/beach/185.jpg,beach,128.5405476888021,59.5185188412111,24.98167032069557,134.0803019205729,46.92786603243389,-26.002668550135347,116.85622151692708,37.748354822134345,-25.268437131072282
186,186.jpg,data/processed/wang/beach/186.jpg,beach,73.05155436197917,31.131418687839343,28.19468613768234,88.36429850260417,30.45175436477621,5.529035331745234,98.01106770833333,38.33538316968084,-24.813791101441804
187,187.jpg,data/processed/wang/beach/187.jpg,beach,79.62488810221355,58.00109290036184,37.10827807325285,93.41387939453125,50.65228303925668,28.23000507333696,92.2196553548177,39.8823959818893,-23.514461052478996
188,188.jpg,data/processed/wang/beach/188.jpg,beach,87.6858622233073,58.218811863892604,42.46767316097784,94.64781697591145,52.89808366824967,36.77826729458975,95.34681193033855,47.816571937009876,23.926710330788126
189,189.jpg,data/processed/wang/beach/189.jpg,beach,63.345855712890625,58.45935892246845,58.29161647107182,60.040374755859375,52.20998189814108,53.06633773545512,63.956644694010414,49.25357101787397,42.56661754402104
190,190.jpg,data/processed/wang/beach/190.jpg,beach,120.39368693033855,54.004094561729865,-10.199818727413287,101.9267578125,58.4513995362809,30.744071607189177,83.9228006998698,54.18496177300144,38.566391576854315
191,191.jpg,data/processed/wang/beach/191.jpg,beach,115.10833740234375,43.27987294349013,27.566229997023434,113.39404296875,35.85196262118885,-31.096733389249287,130.90746053059897,43.42941897445754,-45.83160971355697
192,192.jpg,data/processed/wang/beach/192.jpg,beach,103.7878926595052,37.00511290129293,22.27148710381862,131.68621826171875,37.05101291831743,-40.81320089392452,155.68744913736978,46.7174304652206,-54.21096477802258
193,193.jpg,data/processed/wang/beach/193.jpg,beach,120.17184448242188,63.771500219344176,-33.03659133460967,115.83939615885417,59.61440840500831,-19.742428071994997,112.4364522298177,58.88756084571672,-32.508311390054395
194,194.jpg,data/processed/wang/beach/194.jpg,beach,102.39649454752605,54.42415376934518,46.65168969930892,120.16323852539062,45.52275410908996,30.771003734763568,148.50541178385416,36.80739619812535,-42.61216001690883
195,195.jpg,data/processed/wang/beach/195.jpg,beach,111.83141072591145,38.420837789779014,-24.672490555489656,111.1841532389323,37.285455512963765,-35.2449739309812,139.8984578450521,48.05707467176061,-52.560673861335054
196,196.jpg,data/processed/wang/beach/196.jpg,beach,94.98960367838542,66.48858998822449,50.05157531369895,96.63128662109375,63.052705192956985,49.73341284804181,94.98699951171875,63.38470720799121,46.98672176959199
197,197.jpg,data/processed/wang/beach/197.jpg,beach,90.18702189127605,48.95177101020443,-28.769566348604933,102.42947387695312,44.522239247615985,-38.8053783386958,102.2224833170573,42.69427118604879,-42.901101722045
198,198.jpg,data/processed/wang/beach/198.jpg,beach,110.97398885091145,52.440267095546766,-37.363622884647015,130.35611979166666,50.47399564762722,-52.18224540521439,131.16254679361978,48.060904504986276,-53.6284491560336
199,199.jpg,data/processed/wang/beach/199.jpg,beach,119.54168701171875,66.33169797737386,-38.046620051765686,116.1956278483073,45.580017699840276,-30.19935853842668,107.48105875651042,29.314401134690527,10.932731694990014
200,200.jpg,data/processed/wang/buildings/200.jpg,buildings,76.42535400390625,48.53442799458675,38.556294097000944,81.36358642578125,45.510127656369065,-16.200206791413994,75.3131815592448,47.78826032727256,-28.604427205172676
201,201.jpg,data/processed/wang/buildings/201.jpg,buildings,78.95920817057292,61.553187947830736,40.859903190780194,87.22933959960938,70.57245453646789,46.150684875497745,85.1157735188802,72.09332834427883,49.03625963899965
202,202.jpg,data/processed/wang/buildings/202.jpg,buildings,111.8316141764323,48.12273162748134,-30.390723657497354,125.0947977701823,51.202001466928586,-46.36180354694102,146.86666870117188,74.81409709005061,-63.92711330773487
203,203.jpg,data/processed/wang/buildings/203.jpg,buildings,100.04144287109375,62.33492206269816,32.77977767784824,98.0594482421875,61.70877050322573,-22.13685398444541,94.24935913085938,69.86041864356709,45.01028043956045
204,204.jpg,data/processed/wang/buildings/204.jpg,buildings,108.29773966471355,55.6968905808858,29.629220753076133,108.4158426920573,47.575366787544525,-32.84414995334555,116.15189615885417,60.52712916313976,-33.2417110160937
205,205.jpg,data/processed/wang/buildings/205.jpg,buildings,88.88267008463542,58.20706595969491,52.82233696826145,104.08212280273438,51.429257098896144,30.912681055071808,136.5261027018229,56.64988654708318,-57.26015999094601
206,206.jpg,data/processed/wang/buildings/206.jpg,buildings,91.71316528320312,64.92061764864108,32.58945703087081,87.68394978841145,61.216447851111845,36.37717308848736,80.57901000976562,61.06907606043658,40.601471751754445
207,207.jpg,data/processed/wang/buildings/207.jpg,buildings,123.44822184244792,81.68799179457132,-43.81665503496686,117.33467610677083,81.71636769776332,-26.43745377514866,108.10550944010417,80.26564563613533,38.89349451663587
208,208.jpg,data/processed/wang/buildings/208.jpg,buildings,90.64646402994792,69.91077682021306,49.72600839134829,85.05612182617188,66.43484045808749,49.400339801419,74.05454508463542,63.876422109620776,52.63919914812374
209,209.jpg,data/processed/wang/buildings/209.jpg,buildings,112.90118408203125,78.05005559646303,53.72673866782035,110.43321736653645,75.99129674314597,55.346548124963945,104.34276326497395,70.7871823931419,60.34069575418853
210,210.jpg,data/processed/wang/buildings/210.jpg,buildings,107.18489583333333,70.32700062667324,39.67937910647788,105.73947143554688,72.22862795933887,50.074800847712844,94.03204345703125,75.53916451350155,64.35329396700496
211,211.jpg,data/processed/wang/buildings/211.jpg,buildings,103.5614725748698,81.48207007523948,47.291419591423455,102.98385620117188,74.3638006506293,44.202240947731426,109.67930094401042,70.9749814681247,-29.29492688854877
212,212.jpg,data/processed/wang/buildings/212.jpg,buildings,98.88566080729167,66.2288114108313,42.69422740367016,93.15232340494792,63.4292237832197,46.61329182431544,74.64285278320312,61.02370204341616,58.435317978226614
213,213.jpg,data/processed/wang/buildings/213.jpg,buildings,51.26195271809896,58.45797197528266,67.10946576293262,71.1083984375,48.15911041154739,52.343689761430056,98.42860921223958,39.186334828287954,-19.884891877839834
214,214.jpg,data/processed/wang/buildings/214.jpg,buildings,69.32569376627605,53.38135140098533,61.73880183241616,89.82410685221355,48.88493337351749,42.36832714524735,128.27278645833334,59.963822114239434,-55.82747978752818
215,215.jpg,data/processed/wang/buildings/215.jpg,buildings,79.14080810546875,58.727174558620064,53.24875105842648,94.91051228841145,55.706522163001715,-10.615248254006453,119.1575927734375,72.5874879431122,-55.19347235984385
216,216.jpg,data/processed/wang/buildings/216.jpg,buildings,107.59774780273438,86.67441485515924,49.58798106841981,106.41729736328125,80.50008805406787,47.782451651838485,109.67338053385417,76.23021863497304,22.35191922481166
217,217.jpg,data/processed/wang/buildings/217.jpg,buildings,111.36795043945312,70.52022064935058,-38.3913313111846,105.12230428059895,71.13817997948645,23.54540972318653,93.67254638671875,74.08248313423542,57.92206954106991
218,218.jpg,data/processed/wang/buildings/218.jpg,buildings,117.54507446289062,68.52780710209895,-34.959737155826765,110.5663553873698,65.99252594243796,-42.13612289316042,87.59158325195312,69.34707814517917,54.43006788215058
219,219.jpg,data/processed/wang/buildings/219.jpg,buildings,117.5798848470052,58.837617741353405,-41.27008501854262,116.25140380859375,57.759174344252116,-47.02344056766873,122.32506306966145,73.69829217248332,-40.86457412142083
220,220.jpg,data/processed/wang/buildings/220.jpg,buildings,79.12693277994792,59.605568642531914,59.62214833487292,96.46897379557292,50.125579335462895,43.80968758279086,149.03009033203125,44.9895469667248,-39.99738083798329
221,221.jpg,data/processed/wang/buildings/221.jpg,buildings,125.36798095703125,66.9703291794649,-49.715379688436784,124.8518778483073,64.6563935022427,-48.604856549442175,115.60791015625,61.0043154405558,-44.64090577685131
222,222.jpg,data/processed/wang/buildings/222.jpg,buildings,106.55923461914062,53.619978765105,35.850288299139876,102.7894287109375,51.547109364039144,14.319449119408674,107.02918497721355,65.18806702707205,34.46644448554554
223,223.jpg,data/processed/wang/buildings/223.jpg,buildings,85.7987772623698,80.86269962299096,70.84480944518504,87.10911051432292,78.36958508801945,70.59815299298958,73.10153198242188,79.81299207849258,81.25604197213173
224,224.jpg,data/processed/wang/buildings/224.jpg,buildings,72.1438496907552,55.36545204958721,59.000836023697545,92.13320922851562,50.597127203643936,34.89984202304203,136.53866577148438,65.99329943553211,-60.71620910769674
225,225.jpg,data/processed/wang/buildings/225.jpg,buildings,92.37003580729167,64.070963901741,55.94042177703129,94.7244364420573,61.49709325677251,53.168070310439276,87.92156982421875,64.57283117498892,58.5936775743221
226,226.jpg,data/processed/wang/buildings/226.jpg,buildings,122.58384195963542,65.08177674692219,-37.50162173332352,119.66232299804688,63.97624908749733,-23.734769011085053,113.35986328125,72.08079273086885,43.4440810260988
227,227.jpg,data/processed/wang/buildings/227.jpg,buildings,71.76629638671875,62.412629107471645,60.2472749302997,74.7218526204427,54.13247890858593,43.44122958472457,86.72952270507812,62.687791384218016,-14.927339458786044
228,228.jpg,data/processed/wang/buildings/228.jpg,buildings,77.29891967773438,67.20680539967302,60.27622322128229,76.90633138020833,62.05548349020163,46.846730670285936,83.70912679036458,69.855851537383,46.68145567828306
229,229.jpg,data/processed/wang/buildings/229.jpg,buildings,107.7765401204427,65.19852622278347,17.667981454779447,98.5791727701823,58.4907305988082,12.74185206264897,97.0335693359375,69.74710242675182,44.3139558041256
230,230.jpg,data/processed/wang/buildings/230.jpg,buildings,106.66650390625,70.27999383615982,45.88440480225375,99.26824951171875,63.03070065177675,27.67486994529332,97.18021647135417,68.81704866219006,30.60023251155437
231,231.jpg,data/processed/wang/buildings/231.jpg,buildings,109.95681762695312,64.7087806628223,41.75290635859473,86.7122294108073,56.85355453073054,46.210139921973465,69.42622884114583,51.84148965213654,46.78062107217991
232,232.jpg,data/processed/wang/buildings/232.jpg,buildings,89.59263102213542,51.38147184368277,39.37134995094135,97.8129170735677,52.722404540097614,23.34522550394022,109.38613891601562,62.614569920927515,-22.289175611206005
233,233.jpg,data/processed/wang/buildings/233.jpg,buildings,83.1636454264323,59.69577433955671,50.65535238799819,82.23831176757812,59.025018943060466,48.655908813025626,76.1365254720052,57.47769614303211,50.60181047200298
234,234.jpg,data/processed/wang/buildings/234.jpg,buildings,67.4652608235677,53.56849306216612,20.382923245249046,27.858418782552082,20.08148466962066,13.686261589115512,17.767283121744793,10.893734581159826,8.287996150101634
235,235.jpg,data/processed/wang/buildings/235.jpg,buildings,89.68860880533855,60.15198992323578,54.92387872191469,101.2562967936198,51.30318628543031,32.2697609205853,92.65878295898438,51.57860145111464,-42.59086744300794
236,236.jpg,data/processed/wang/buildings/236.jpg,buildings,95.30386352539062,48.368581923933704,34.08265043520478,83.55343627929688,47.97864304233548,37.39252687664775,59.27019246419271,40.935648268637074,45.94396061836878
237,237.jpg,data/processed/wang/buildings/237.jpg,buildings,121.20760091145833,65.49105791631618,-36.5550806921927,117.30814615885417,62.80194265325642,-35.14129833350677,109.73794555664062,64.97655155788728,-32.09763248207171
238,238.jpg,data/processed/wang/buildings/238.jpg,buildings,113.81277465820312,60.940169472577935,-24.91457066360649,94.4412129720052,54.74257274117027,34.539319185930765,84.99123128255208,58.7685054072085,46.012459239496735
239,239.jpg,data/processed/wang/buildings/239.jpg,buildings,96.39825439453125,52.3532087167151,44.06723951290421,107.57493082682292,46.43797711333908,-24.98673693875378,134.57145182291666,62.08275734359014,-57.544880661175156
240,240.jpg,data/processed/wang/buildings/240.jpg,buildings,102.2539774576823,69.52488441899834,47.394392582438655,92.08831787109375,62.91154310701645,48.401765706460864,78.71153767903645,57.1900182905835,50.52981031131948
241,241.jpg,data/processed/wang/buildings/241.jpg,buildings,96.36665852864583,50.100503661363824,30.815933466680953,105.33364868164062,49.165505432232145,-32.91281666910088,125.44002278645833,69.17781885462895,-48.17781398952576
242,242.jpg,data/processed/wang/buildings/242.jpg,buildings,87.30893961588542,49.74317192659657,49.381510963228834,104.8282979329427,41.63993716706501,23.53187124018455,141.45320638020834,52.21045613311552,-55.572994958867135
243,243.jpg,data/processed/wang/buildings/243.jpg,buildings,89.71593221028645,62.31912159793006,53.38540647140328,95.83754475911458,55.9011805965113,40.446592838335576,109.21241251627605,61.29597946799209,-43.83225191096102
244,244.jpg,data/processed/wang/buildings/244.jpg,buildings,82.056884765625,61.67460973501079,56.048012215906745,89.17179361979167,54.57895783020326,45.02337737409144,104.29662068684895,58.41048735052255,-42.704977442268515
245,245.jpg,data/processed/wang/buildings/245.jpg,buildings,37.154866536458336,35.75394989627457,50.33314356469867,32.66321818033854,34.46122725207035,50.07023582499389,23.29425048828125,29.012559737845837,47.143623962786684
246,246.jpg,data/processed/wang/buildings/246.jpg,buildings,122.01377360026042,57.301705798093565,-13.263792755934986,116.67106119791667,57.948476021011224,28.57045237433854,125.32529703776042,59.2930327562377,4.331582949767093
247,247.jpg,data/processed/wang/buildings/247.jpg,buildings,84.05294799804688,64.19938099767094,58.69867554903219,84.42789713541667,57.587695748028885,51.80386306728368,71.21490478515625,59.20309320578221,55.05324378946112
248,248.jpg,data/processed/wang/buildings/248.jpg,buildings,97.42882283528645,58.7279007684422,56.767845064260285,109.7456766764323,53.16234390041773,29.616879438224657,137.66996256510416,61.9802557785849,-60.9633095692834
249,249.jpg,data/processed/wang/buildings/249.jpg,buildings,102.9595947265625,49.84548303771202,35.7792354152137,71.76034545898438,53.38588372941026,47.33940909526162,44.27794392903646,48.15660601602711,54.16043752981828
250,250.jpg,data/processed/wang/buildings/250.jpg,buildings,63.1248779296875,55.30277867051311,55.06117932100078,63.978373209635414,56.86171863205555,54.95671070127902,61.488067626953125,56.66780615794024,54.94207529107668
251,251.jpg,data/processed/wang/buildings/251.jpg,buildings,90.35558064778645,60.43604201251059,51.90790775679403,91.03455607096355,54.09972428557974,41.01069477852771,92.0758056640625,55.44060493922606,-3.690642095934077
252,252.jpg,data/processed/wang/buildings/252.jpg,buildings,118.53196207682292,62.38828961742648,-37.568910680193376,126.28017171223958,61.54363371476264,-50.76611709385098,143.95820109049478,80.07547158004053,-67.40105982576443
253,253.jpg,data/processed/wang/buildings/253.jpg,buildings,102.7612813313802,59.22864200007158,-23.488998369817363,104.2667948404948,66.39101401285917,-39.7320016029863,121.06280517578125,80.9080980068622,-40.60278366770804
254,254.jpg,data/processed/wang/buildings/254.jpg,buildings,106.47084554036458,70.7312763680828,58.40460945357705,102.8234354654948,72.22172388142371,62.66006618102102,93.5874532063802,74.66741117592963,68.27493200582784
255,255.jpg,data/processed/wang/buildings/255.jpg,buildings,116.60282389322917,54.98733602724616,-31.600153664590643,105.18890380859375,51.853178068154754,-21.80150494275924,85.38638305664062,47.602847791732906,28.732602143096702
256,256.jpg,data/processed/wang/buildings/256.jpg,buildings,130.172607421875,72.25366928109298,39.29519754908879,126.6142578125,73.51655503974187,45.2063780979652,125.43379720052083,75.00231747939851,48.586183740148634
257,257.jpg,data/processed/wang/buildings/257.jpg,buildings,90.89809163411458,58.47822231365204,53.33308322109829,77.95503743489583,59.10207965334902,59.85680066422483,77.75185139973958,60.50721455272703,60.757998488484986
258,258.jpg,data/processed/wang/buildings/258.jpg,buildings,139.99955240885416,66.0635943491937,-58.534507449452775,139.3909708658854,66.5408245335715,-57.19489329799502,142.5035196940104,78.93206536646181,-60.00155152134619
259,259.jpg,data/processed/wang/buildings/259.jpg,buildings,106.70560709635417,55.763971219225375,21.5717526682916,96.07701619466145,59.2778961920295,32.760974921805236,89.99912516276042,62.15578797839449,40.362086992357185
260,260.jpg,data/processed/wang/buildings/260.jpg,buildings,78.56228637695312,51.92275963137914,48.7880866067345,75.3367207845052,51.41869459033698,49.08626336051292,59.596394856770836,47.09648547951825,51.084658519943886
261,261.jpg,data/processed/wang/buildings/261.jpg,buildings,95.467041015625,64.00825139044278,37.8819425435764,89.260009765625,63.15891452351732,36.92992241171207,88.43705240885417,69.21714166446361,49.9044824802632
262,262.jpg,data/processed/wang/buildings/262.jpg,buildings,97.56004842122395,74.7211877269522,58.548396317804716,93.52911376953125,73.27722694322352,57.806572538437564,87.90431722005208,70.81167484497095,58.00141417675388
263,263.jpg,data/processed/wang/buildings/263.jpg,buildings,70.96678670247395,49.664523824792724,55.48143595103076,81.86989339192708,45.45317624365124,43.62792521618424,100.94666544596355,54.56341385264877,-15.448679572949214
264,264.jpg,data/processed/wang/buildings/264.jpg,buildings,76.65354410807292,54.08607163954767,55.787271064427806,93.98667399088542,48.45940958439074,38.03786972377469,129.92768351236978,54.302065371495054,-43.961689156609864
265,265.jpg,data/processed/wang/buildings/265.jpg,buildings,101.7263895670573,77.23295026193396,61.053041395402474,98.2794901529948,79.32955940789084,65.10347217522092,94.7826436360677,81.30801318994706,67.91998866637738
266,266.jpg,data/processed/wang/buildings/266.jpg,buildings,116.22754923502605,59.26036433536409,-34.43212967104674,112.3697001139323,57.52614974025629,-31.841764379679606,105.20426432291667,57.39112399143657,-24.196039402070667
267,267.jpg,data/processed/wang/buildings/267.jpg,buildings,120.35378011067708,52.82589918735222,-26.437272273871507,108.6121114095052,51.061752573610605,-6.207168458127077,97.4376932779948,50.4243774608969,28.8416455752761
268,268.jpg,data/processed/wang/buildings/268.jpg,buildings,76.92431640625,48.42300174842811,49.24706942607246,63.45550537109375,51.840865104710794,53.525948126920376,47.43030802408854,47.3831504758609,53.39640030380441
269,269.jpg,data/processed/wang/buildings/269.jpg,buildings,86.59956868489583,66.87792425564399,57.65521843318359,76.91990152994792,64.00329941387943,57.5775620144656,67.81589762369792,61.39262433273946,58.40311973367506
270,270.jpg,data/processed/wang/buildings/270.jpg,buildings,109.44895426432292,56.59743952199737,-12.093670581559385,124.53921508789062,56.44995987444651,-47.08046879977529,141.27396647135416,65.84619943575323,-63.432897068224214
271,271.jpg,data/processed/wang/buildings/271.jpg,buildings,128.51666259765625,49.223526420297915,-35.47652279280986,133.08841959635416,51.21101094269823,-41.69263458609382,140.19779459635416,62.1824095685595,-51.702426754503065
272,272.jpg,data/processed/wang/buildings/272.jpg,buildings,99.7828877766927,60.80300538965695,46.4579897074979,109.10858154296875,57.6010672188376,-30.914023491801927,128.20064290364584,69.8928817420377,-59.49013533235883
273,273.jpg,data/processed/wang/buildings/273.jpg,buildings,50.286214192708336,56.27399472649475,62.42651251577095,48.274515787760414,53.582676584409796,59.68071734764324,35.220794677734375,45.768343185111625,56.06732396402706
274,274.jpg,data/processed/wang/buildings/274.jpg,buildings,53.1376953125,63.5515773219287,68.82892289154843,50.166961669921875,60.53513164493968,65.53552384202618,45.81732177734375,55.42222717667485,61.4200998936966
275,275.jpg,data/processed/wang/buildings/275.jpg,buildings,91.85770670572917,70.99636843004805,48.11249270250262,94.27785237630208,64.20170713792719,43.88120289518119,100.58760579427083,57.180509549957485,-35.25457374685986
276,276.jpg,data/processed/wang/buildings/276.jpg,buildings,69.05274454752605,80.39129916502432,82.37952347909984,68.32321166992188,77.82105220397463,80.20045925545827,61.938873291015625,76.51117524541728,83.54540749255429
277,277.jpg,data/processed/wang/buildings/277.jpg,buildings,107.35085042317708,51.94364018692353,-20.638474792195517,97.63161214192708,50.11653647461629,17.326585223711376,94.7524922688802,49.98039460287767,20.847447807841615
278,278.jpg,data/processed/wang/buildings/278.jpg,buildings,91.52627563476562,50.26552301585217,31.12969184085237,102.14993286132812,52.21987627236172,-35.49225142211855,128.21630859375,75.51614499730324,-52.33537959484728
279,279.jpg,data/processed/wang/buildings/279.jpg,buildings,88.8070068359375,50.984882835279386,34.5936827540325,94.5955810546875,51.501046862820296,11.93947453381885,108.69894409179688,74.3702465087994,32.10017341942309
280,280.jpg,data/processed/wang/buildings/280.jpg,buildings,89.31334431966145,48.57259062692027,33.22816081643816,105.69642130533855,49.70884562023211,-37.70917827481124,128.42536417643228,69.63609884959047,-52.97563909862115
281,281.jpg,data/processed/wang/buildings/281.jpg,buildings,92.57168579101562,59.906289126184596,-25.10618555429785,102.42531331380208,61.10985122325051,-42.07358746170438,107.9473876953125,72.81275998933432,23.48817680853227
282,282.jpg,data/processed/wang/buildings/282.jpg,buildings,107.4146016438802,52.19502162854582,35.61676333925571,105.5828857421875,51.867484694126134,38.467855917436935,87.28524780273438,57.88325188918818,49.05848963538858
283,283.jpg,data/processed/wang/buildings/283.jpg,buildings,117.477294921875,72.36022589860133,31.604968457110047,110.62765502929688,74.74062055054624,43.638928393802885,99.10326131184895,77.15808845189234,54.73097108360892
284,284.jpg,data/processed/wang/buildings/284.jpg,buildings,118.12181599934895,62.392192685817705,-30.613837391316032,116.30068969726562,64.88832953299777,-31.4039760643746,100.59065755208333,70.27065117894666,47.02662178735754
285,285.jpg,data/processed/wang/buildings/285.jpg,buildings,126.75386555989583,50.72118608597006,-42.55536496767257,127.2014668782552,51.85026873335678,-48.435942049354765,122.9975077311198,66.08230147883597,-34.407993961756645
286,286.jpg,data/processed/wang/buildings/286.jpg,buildings,128.30314127604166,53.4502541726601,-37.65807732107866,131.64598592122397,50.779991466380224,-50.45998199746524,130.41972859700522,68.79403113106746,-47.54303668186014
287,287.jpg,data/processed/wang/buildings/287.jpg,buildings,108.19542439778645,60.56212448266307,35.74284812614505,109.96693929036458,59.13673415005931,9.320931613758749,106.12795003255208,68.9303492854729,49.52847565709931
288,288.jpg,data/processed/wang/buildings/288.jpg,buildings,116.43628946940105,46.722905701649914,-29.22613074660522,126.27766927083333,49.18621100535998,-44.13022544311366,131.42779541015625,71.07991247917153,-39.64851597201509
289,289.jpg,data/processed/wang/buildings/289.jpg,buildings,103.51492309570312,54.14631592375438,28.270036431564904,113.40620930989583,47.670264466190055,-36.367073874552304,126.69712320963542,65.12282567091744,-47.02859016848727
290,290.jpg,data/processed/wang/buildings/290.jpg,buildings,101.41090901692708,61.812665865739426,38.913594048386955,99.36203002929688,61.16081749329911,39.806461885182046,95.82052612304688,72.65859501020722,53.284012601214506
291,291.jpg,data/processed/wang/buildings/291.jpg,buildings,121.84710693359375,53.01681981178272,-40.47257735279844,106.46578979492188,47.39319184965628,-8.696322025466852,94.26478068033855,47.61126302865907,24.45435763622617
292,292.jpg,data/processed/wang/buildings/292.jpg,buildings,138.13613891601562,68.69512599462607,-54.63436587766191,136.4105224609375,73.73297998314243,-50.14833771067517,133.43785603841147,76.13276121583985,-43.97641460469889
293,293.jpg,data/processed/wang/buildings/293.jpg,buildings,104.28531901041667,42.7133578931569,30.48807793126234,115.130126953125,41.411079884384975,-32.28722471807994,142.13697306315103,65.85307037971207,-52.58157550265122
294,294.jpg,data/processed/wang/buildings/294.jpg,buildings,113.94174194335938,51.449499694755374,-41.744654660979535,123.81650797526042,55.943317988696464,-50.59306693406301,137.1845906575521,74.60415533238182,-53.951222461854826
295,295.jpg,data/processed/wang/buildings/295.jpg,buildings,49.740376790364586,44.6576247173805,46.52244548439867,58.475921630859375,49.53495474102789,44.69509240291988,59.127421061197914,48.95724718194008,45.41759211152019
296,296.jpg,data/processed/wang/buildings/296.jpg,buildings,102.0978495279948,50.22224024246454,31.26757049045248,106.0529276529948,53.37448461659725,25.523326824234132,107.52821858723958,57.21862090458886,24.617422828481654
297,297.jpg,data/processed/wang/buildings/297.jpg,buildings,96.03439331054688,75.68086730413128,31.575926257835924,90.08559163411458,74.47524168106928,42.641804362956165,75.60792032877605,68.56966650468203,54.53568424162188
298,298.jpg,data/processed/wang/buildings/298.jpg,buildings,110.708984375,50.09945721716137,26.35227551891885,125.60414632161458,48.09867483680517,-44.34760113863256,142.64757283528647,70.58822076822116,-59.52446852794285
299,299.jpg,data/processed/wang/buildings/299.jpg,buildings,111.77419026692708,53.19355922665945,-39.408836903025396,132.63672892252603,62.57048598838624,-54.168545079954626,140.3144734700521,75.7898753660351,-62.317465230492346
300,300.jpg,data/processed/wang/buses/300.jpg,buses,80.44950358072917,61.80768359632913,54.23377734347055,60.910502115885414,62.71564268293795,64.43542387428349,64.85760498046875,60.813272208340805,62.17177165400348
301,301.jpg,data/processed/wang/buses/301.jpg,buses,74.21204630533855,65.65923980396495,49.415143584934185,84.10642496744792,67.73218114043063,32.96854621542441,102.6314697265625,78.48236695114366,47.79569122885867
302,302.jpg,data/processed/wang/buses/302.jpg,buses,91.37852986653645,67.03006654491544,49.855939716658774,72.419677734375,69.01601410392577,60.69264524773865,79.53802490234375,73.18828710173129,65.18027247543196
303,303.jpg,data/processed/wang/buses/303.jpg,buses,74.88909912109375,63.034160331032304,50.43799750794662,56.65216064453125,57.50909970853911,59.56178071647025,63.238444010416664,57.48301599616268,54.02894411732566
304,304.jpg,data/processed/wang/buses/304.jpg,buses,79.46676635742188,62.79640890376292,53.113810510015384,78.03331502278645,62.3543478530585,45.84170389071223,91.93197631835938,70.63168525679947,30.524610244049626
305,305.jpg,data/processed/wang/buses/305.jpg,buses,95.65578206380208,65.74844682285558,49.67135688255573,90.20424397786458,65.29088193156387,49.42126694405488,97.19052124023438,64.7192044644442,40.37135017760663
306,306.jpg,data/processed/wang/buses/306.jpg,buses,126.96549479166667,74.06717230987317,-48.02435194016666,90.7997538248698,80.05948062641812,60.98496358930839,98.69766235351562,77.91475376588627,57.82483425788955
307,307.jpg,data/processed/wang/buses/307.jpg,buses,88.37721761067708,68.37345956216633,51.9662298026098,85.86100260416667,63.61428462898931,50.36079718374728,85.07923380533855,66.25299901144062,55.73942278197134
308,308.jpg,data/processed/wang/buses/308.jpg,buses,103.9210205078125,78.23763162306172,38.8304167958011,97.7638651529948,71.25064986809838,46.712638455018315,106.43369547526042,67.63382096610854,38.878419690240555
309,309.jpg,data/processed/wang/buses/309.jpg,buses,98.78347778320312,67.2559205522518,48.14909656331518,98.94748942057292,69.98689735511611,45.062739093998005,116.8737284342448,70.83755547056744,-17.92660555737055
310,310.jpg,data/processed/wang/buses/310.jpg,buses,97.96506754557292,75.48226094080216,52.67020618045251,89.602783203125,70.71110434072226,46.5098877209123,102.7156473795573,77.70867577250151,45.66626137463402
311,311.jpg,data/processed/wang/buses/311.jpg,buses,109.06756591796875,67.0038837599414,37.1362690134485,97.67674763997395,64.1074863491577,43.57559102683047,96.48646036783855,77.98903754894769,56.12542207746205
312,312.jpg,data/processed/wang/buses/312.jpg,buses,78.809326171875,63.126941654351455,52.47115615967914,90.92769368489583,63.83203782748563,38.07785987034052,115.93178304036458,78.31877248960461,27.981560404541042
313,313.jpg,data/processed/wang/buses/313.jpg,buses,112.11712646484375,68.72128287295745,-26.056623706905796,93.69069417317708,78.25261759397661,53.58877956416378,106.90721638997395,81.35550483725584,48.812069599171295
314,314.jpg,data/processed/wang/buses/314.jpg,buses,90.3541259765625,68.58766791610813,60.416212221525555,81.99672444661458,68.6060855331428,61.93324205676597,93.46061197916667,72.92101871472799,62.51919143563909
315,315.jpg,data/processed/wang/buses/315.jpg,buses,88.52071126302083,72.17229374528041,63.400555210876306,77.06332397460938,71.4279173402969,68.40225947608386,85.31407674153645,71.7293116911524,63.135017363654185
316,316.jpg,data/processed/wang/buses/316.jpg,buses,122.49729410807292,74.91317845775195,-56.64247764876467,90.22275797526042,83.73324955204242,58.57826166502629,98.82722981770833,82.71027247620339,56.055294266728396
317,317.jpg,data/processed/wang/buses/317.jpg,buses,90.7710673014323,70.48623204408078,49.45653567631175,47.52135213216146,52.67960361489682,58.315877178720044,54.50696818033854,53.368674956206114,58.659041985857264
318,318.jpg,data/processed/wang/buses/318.jpg,buses,97.1751708984375,62.24233962122189,47.608303931254596,81.95849609375,61.99828349898324,51.56585578841418,75.9495340983073,56.08861493573864,47.249966614045675
319,319.jpg,data/processed/wang/buses/319.jpg,buses,93.04723103841145,64.7368360970674,59.851142744269474,90.060791015625,58.73632295856887,53.293608542101836,89.50968424479167,58.00363172193749,53.007916607003395
320,320.jpg,data/processed/wang/buses/320.jpg,buses,129.4633585611979,73.78041199745591,-53.465111539671184,78.60030110677083,80.4159060552493,69.18326020280087,88.3359375,79.81182830774847,65.47449757461477
321,321.jpg,data/processed/wang/buses/321.jpg,buses,91.13723754882812,69.78548962540985,64.54660925883182,92.1957499186198,71.17305202388395,50.663052283865945,101.9025166829427,73.54962758207468,36.71645914332257
322,322.jpg,data/processed/wang/buses/322.jpg,buses,75.48832194010417,75.65277397302972,71.12632996180031,65.3421122233073,73.6427787673814,76.21964019915467,69.15981038411458,68.09393385245934,64.95765644934573
323,323.jpg,data/processed/wang/buses/323.jpg,buses,90.70803833007812,78.83736069534156,64.29311109768878,97.22926839192708,75.2230460726703,58.93986535103875,110.70515950520833,72.13978925500899,44.20131246277586
324,324.jpg,data/processed/wang/buses/324.jpg,buses,96.87356567382812,72.9163274416235,46.522710526742266,86.47231038411458,67.16665863684763,51.699596994062766,71.68978881835938,63.65236433482074,62.55709932757324
325,325.jpg,data/processed/wang/buses/325.jpg,buses,107.96952311197917,79.44742742518231,45.90643465881292,93.0457763671875,72.61123367469517,57.38516239971326,101.38511149088542,76.50774631544503,56.10048029580274
326,326.jpg,data/processed/wang/buses/326.jpg,buses,100.30225626627605,71.60147683519438,46.597811891742836,89.87677001953125,66.14908393977299,47.54350207059508,65.54310099283855,64.32582926475715,63.46403882975735
327,327.jpg,data/processed/wang/buses/327.jpg,buses,92.617431640625,74.90346613872376,44.12658467300635,63.366190592447914,71.35475910293232,68.41937299654717,64.22561645507812,70.21323614239871,67.42322895150004
328,328.jpg,data/processed/wang/buses/328.jpg,buses,90.09832763671875,64.1736781052689,46.96043965674296,88.37290445963542,58.13474748754885,18.225858341621176,99.01080322265625,65.15943819380111,27.170295200499496
329,329.jpg,data/processed/wang/buses/329.jpg,buses,75.57237752278645,75.17550097740508,75.88928260884795,79.39528401692708,75.06037948056229,73.000616655796,70.1126708984375,63.610698183817384,55.639129748629834
330,330.jpg,data/processed/wang/buses/330.jpg,buses,106.87130737304688,72.4837301942925,30.144694532030222,78.65333048502605,73.90064607024489,64.13442402643669,85.152099609375,77.07386822123195,67.77904626576915
331,331.jpg,data/processed/wang/buses/331.jpg,buses,110.12747192382812,63.09151143214196,-25.82425279217361,88.8616943359375,65.92602397512145,41.26900504525126,97.28359985351562,67.81446813637803,43.5267341738223
332,332.jpg,data/processed/wang/buses/332.jpg,buses,141.14602661132812,63.822472942134475,-52.73416007915026,82.6609598795573,75.75664623764892,57.914383829381904,86.3752950032552,71.29783702003449,56.9229049718193
333,333.jpg,data/processed/wang/buses/333.jpg,buses,82.58047485351562,70.44208237000217,55.04957596426434,106.46609497070312,66.4819570740777,-15.221626684066992,117.6383565266927,71.48792655488094,-39.089465503901565
334,334.jpg,data/processed/wang/buses/334.jpg,buses,132.52437337239584,68.86801332470382,-48.17914566048023,102.97792561848958,80.3772434361627,47.053090037331685,110.69638061523438,78.30188990470634,38.779287399554065
335,335.jpg,data/processed/wang/buses/335.jpg,buses,111.77256266276042,79.52112117757369,11.345208287816327,105.0156758626302,82.69886961696776,40.13056509865466,112.24301147460938,82.42415587896582,11.346981670887208
336,336.jpg,data/processed/wang/buses/336.jpg,buses,101.49050903320312,68.07575711750894,43.787252711045085,99.39157104492188,68.37897340010923,43.94737454472385,104.33494059244792,67.24477888984438,39.036598029931135
337,337.jpg,data/processed/wang/buses/337.jpg,buses,110.26114908854167,65.6584771522637,32.827303177448314,109.70430501302083,69.86329954090992,18.37203839033088,115.75023396809895,73.70151335368881,-17.52586915121091
338,338.jpg,data/processed/wang/buses/338.jpg,buses,110.80708821614583,58.867346792955495,32.68523314075436,113.91410319010417,59.13492210636461,-37.52992832807357,125.9461669921875,72.77802456885794,-37.94522547881597
339,339.jpg,data/processed/wang/buses/339.jpg,buses,76.92549641927083,67.89849205951515,66.6424782931199,70.800537109375,66.07547128083878,67.84659467592773,69.203125,65.23607875769119,68.68616644224997
340,340.jpg,data/processed/wang/buses/340.jpg,buses,93.43093872070312,72.20958758794939,50.51212749486719,87.796630859375,71.300434327313,49.51707312817759,88.7584228515625,70.47754768174511,52.90873248023871
341,341.jpg,data/processed/wang/buses/341.jpg,buses,88.9802958170573,71.63695513485494,57.836746301987056,76.38499959309895,69.44914686186799,61.21764008073747,86.54773966471355,74.24466748392176,62.168683366776904
342,342.jpg,data/processed/wang/buses/342.jpg,buses,108.51505533854167,73.56861824553206,47.779466377510914,98.24649047851562,75.79548555411104,60.550273105519665,92.01462809244792,76.34296390676545,64.96213687024462
343,343.jpg,data/processed/wang/buses/343.jpg,buses,106.86679077148438,67.44003070542142,45.0925428548132,117.4598897298177,58.58564057122005,-40.94547422955648,126.8903096516927,72.23661567300975,-44.24801467917371
344,344.jpg,data/processed/wang/buses/344.jpg,buses,80.93025716145833,74.26275448792003,53.55253220237062,50.104756673177086,56.74574451737409,57.24911899914362,68.0948486328125,63.48138328099116,62.521478578194326
345,345.jpg,data/processed/wang/buses/345.jpg,buses,91.47576904296875,72.12179368123218,48.71215078305809,86.8636983235677,71.28199927151326,44.489699322632646,88.5338643391927,72.29444634061537,46.48319671596248
346,346.jpg,data/processed/wang/buses/346.jpg,buses,115.04456583658855,65.88234988722627,19.888947520123413,81.2969462076823,69.44575054318574,60.53173774416758,88.85453287760417,69.63409162261446,59.49780616546019
347,347.jpg,data/processed/wang/buses/347.jpg,buses,122.39227294921875,54.96245714725443,24.249067473112447,101.38986206054688,62.17316836013489,35.96775384038503,102.25716145833333,68.99215144671216,46.53710776859974
348,348.jpg,data/processed/wang/buses/348.jpg,buses,97.09141031901042,73.0544531905481,52.25389703704057,83.5722147623698,64.89348003217,57.73066862643607,70.88428751627605,63.449146705342564,64.07393114060213
349,349.jpg,data/processed/wang/buses/349.jpg,buses,101.64283243815105,58.37845293589821,36.78505535886951,92.999755859375,56.07666362861147,31.986427752506223,86.77545166015625,54.70618703419584,35.6799025808579
350,350.jpg,data/processed/wang/buses/350.jpg,buses,85.72312418619792,72.13425615751724,66.45286207460875,83.3852030436198,59.30086093222709,50.027137978251915,70.7567850748698,52.7896205578224,47.113471105109355
351,351.jpg,data/processed/wang/buses/351.jpg,buses,83.07949829101562,79.30596620972014,65.99759587558293,79.3553975423177,75.6323384220952,64.75642793122364,86.999267578125,76.96586598385383,61.44923289249636
352,352.jpg,data/processed/wang/buses/352.jpg,buses,101.77999877929688,68.37481589254806,33.385777001449284,88.92894490559895,68.87841099282755,50.74841191512326,94.12921142578125,77.00620187043582,60.919687389849386
353,353.jpg,data/processed/wang/buses/353.jpg,buses,93.39464314778645,59.91548518352699,44.74513340531408,98.74114990234375,59.818664279941245,48.93557222340631,95.4268086751302,66.78084506947127,59.84525788576792
354,354.jpg,data/processed/wang/buses/354.jpg,buses,119.94474283854167,69.20493476950033,-35.61485346540006,87.37779744466145,63.20672534140989,51.633626666528045,97.60570271809895,74.60869148104335,63.02781689242491
355,355.jpg,data/processed/wang/buses/355.jpg,buses,92.98623657226562,60.716454421391454,32.48620127680544,82.2955830891927,59.85345485404212,36.885985912804756,78.3008524576823,58.57863114741883,38.93556794626883
356,356.jpg,data/processed/wang/buses/356.jpg,buses,87.02201334635417,71.98901398966545,55.13398494021801,79.5197245279948,71.73624016220576,60.74247491755857,76.46413167317708,72.70526597127623,66.19712863649104
357,357.jpg,data/processed/wang/buses/357.jpg,buses,130.1528523763021,65.53352854724734,-47.051142921931394,119.37510172526042,77.70874253500367,-33.8854276667014,124.15677897135417,79.40402344487558,30.97310939251185
358,358.jpg,data/processed/wang/buses/358.jpg,buses,64.40647379557292,52.906598796449394,55.084861220759905,70.36167399088542,61.66135443077876,52.724313642762056,78.299560546875,70.57047427217412,58.96910857810869
359,359.jpg,data/processed/wang/buses/359.jpg,buses,109.80324300130208,59.52994041153502,22.190816159607948,102.96349080403645,58.786162543412914,-34.13143558274018,105.30101521809895,65.14762817489509,24.3109975049301
360,360.jpg,data/processed/wang/buses/360.jpg,buses,75.92735799153645,66.72354392352656,59.305746268948866,71.6240743001302,57.746944873206424,54.75681201792261,61.42540486653646,58.651418235382785,59.85433014254337
361,361.jpg,data/processed/wang/buses/361.jpg,buses,139.97396850585938,65.51548264836657,-53.20861054756962,124.04081217447917,74.5676722908146,-42.600931939763115,128.8924560546875,72.25924050101067,-39.883853990009484
362,362.jpg,data/processed/wang/buses/362.jpg,buses,98.29439290364583,77.15928657032957,54.10740458310276,93.1416727701823,77.30966722760981,57.76258504305258,89.53721110026042,74.27182435379197,59.84404235605636
363,363.jpg,data/processed/wang/buses/363.jpg,buses,106.71173095703125,64.20609787609344,29.781742296110778,112.28975423177083,67.71100395177321,-12.881380200459015,111.96809895833333,72.94032698056593,37.60124523608303
364,364.jpg,data/processed/wang/buses/364.jpg,buses,123.6829121907552,68.01751326801302,-54.462129383040775,98.61118570963542,81.50328664195756,47.39016065871898,107.51401774088542,82.1954971926311,49.33367976328439
365,365.jpg,data/processed/wang/buses/365.jpg,buses,117.88858032226562,57.392563435430546,21.696023888706968,107.685302734375,55.77889950089324,21.430862907852692,102.95873006184895,57.96877365227408,23.160829426257266
366,366.jpg,data/processed/wang/buses/366.jpg,buses,80.80165608723958,68.11294515757358,59.06876986653917,65.68009440104167,55.45383488665975,53.160071677517735,58.410380045572914,53.16906073891865,57.49349912254618
367,367.jpg,data/processed/wang/buses/367.jpg,buses,104.14822387695312,77.96614717481245,48.19741193918576,105.55031331380208,74.29783321969806,29.918211081783753,109.9268290201823,78.43799065829624,21.919724395231633
368,368.jpg,data/processed/wang/buses/368.jpg,buses,117.0274658203125,57.14316927919418,-35.19673740060814,86.7913309733073,71.77427148131946,41.37461242997563,97.213623046875,78.6434421577897,56.62921503952366
369,369.jpg,data/processed/wang/buses/369.jpg,buses,84.02614339192708,66.30744831419564,62.17930572545011,78.00216674804688,61.65499480483295,61.450059468218754,74.87825520833333,64.1839547487031,64.49492632370544
370,370.jpg,data/processed/wang/buses/370.jpg,buses,114.54959106445312,75.13464505085342,24.63141387494243,82.71238199869792,53.85310936417706,47.82937899480823,87.55112711588542,59.67748172726783,52.642818441198216
371,371.jpg,data/processed/wang/buses/371.jpg,buses,83.26381429036458,74.46000825126205,73.0393172112241,79.9861348470052,68.82065794527036,54.19796162234049,96.0286153157552,76.33456680912319,47.67076475053062
372,372.jpg,data/processed/wang/buses/372.jpg,buses,112.81923421223958,79.50621419755913,-34.838845680524315,80.27311197916667,77.41023995791272,67.07440889937075,75.6266581217448,72.53593343438865,64.60831767084603
373,373.jpg,data/processed/wang/buses/373.jpg,buses,86.69949340820312,70.53529024646826,47.297112476656196,104.36449178059895,68.06436468684842,36.55007673166856,124.45625813802083,65.4881652475916,-42.7336294246909
374,374.jpg,data/processed/wang/buses/374.jpg,buses,137.42098999023438,69.68246361142393,-33.14939162103214,87.97898356119792,78.08752672767089,71.39138129546316,88.99214680989583,76.70319528550158,67.81296130012873
375,375.jpg,data/processed/wang/buses/375.jpg,buses,92.998291015625,62.571528382096915,42.860732526579895,88.51397705078125,63.011837996176354,38.378446826999635,93.06158447265625,71.4948129025359,50.940029338830605
376,376.jpg,data/processed/wang/buses/376.jpg,buses,121.2793477376302,73.07171618551571,-38.26349381317053,62.80250040690104,66.68115559198078,68.23309091729794,75.95949300130208,72.74821679383665,76.77623781870457
377,377.jpg,data/processed/wang/buses/377.jpg,buses,125.97194417317708,72.14035049749779,-46.193043739842594,72.46951293945312,62.76056691639061,53.552245760838446,80.3821309407552,64.24533362961427,60.306013864459615
378,378.jpg,data/processed/wang/buses/378.jpg,buses,111.82079060872395,71.16930022071446,44.768666761826694,104.11029052734375,70.4488329777944,39.714929470217626,104.27880859375,73.31560143016101,34.89100706149799
379,379.jpg,data/processed/wang/buses/379.jpg,buses,103.8223876953125,64.80238207996457,49.54911274903776,109.62793986002605,61.288922158690205,40.69923094849379,98.3009745279948,62.581577137881546,47.728919922223476
380,380.jpg,data/processed/wang/buses/380.jpg,buses,114.62317911783855,69.00513622860522,-39.14520214375324,105.79061889648438,70.17526474963772,-18.721594707326894,109.41820271809895,67.94355692314568,-33.48694684564448
381,381.jpg,data/processed/wang/buses/381.jpg,buses,122.06195068359375,68.4889816533549,-39.50173906903359,96.75634765625,75.83891250414544,48.17111035176816,102.66830444335938,77.33363618920653,51.61386768833124
382,382.jpg,data/processed/wang/buses/382.jpg,buses,116.15122477213542,81.71700199620628,38.11781933140645,84.02310180664062,74.03657772386828,59.387961077156504,98.83709716796875,80.09850637947817,59.70231607980753
383,383.jpg,data/processed/wang/buses/383.jpg,buses,108.63949584960938,69.66811736280803,24.192154907610753,111.06736246744792,71.03311058037484,21.954450189418882,103.46104939778645,72.23247683288375,50.352087331355804
384,384.jpg,data/processed/wang/buses/384.jpg,buses,111.03323364257812,77.43123855630162,38.95561519887758,109.09580485026042,69.02514247195087,10.10435513891153,114.2845967610677,63.795611558173626,20.55643400506159
385,385.jpg,data/processed/wang/buses/385.jpg,buses,112.90740966796875,61.41378963026518,-43.832543429740674,65.94000244140625,74.7113325037921,64.60875989506724,83.38528442382812,82.37351565314691,72.0453314695252
386,386.jpg,data/processed/wang/buses/386.jpg,buses,109.30300903320312,77.17309674929929,35.760102926261226,106.274169921875,73.20177250036426,20.59747121767637,114.97280883789062,79.88433463798026,-32.499085976730974
387,387.jpg,data/processed/wang/buses/387.jpg,buses,65.8351338704427,69.37827778646358,73.10724370317104,83.05582682291667,68.01324794763647,61.44330352114965,84.21681722005208,70.73588464394007,61.90204937946898
388,388.jpg,data/processed/wang/buses/388.jpg,buses,87.43977864583333,67.95272526385043,58.17962568450046,86.96725463867188,61.407170694622664,41.19801956656467,107.15315755208333,74.58707577836716,36.20167044504679
389,389.jpg,data/processed/wang/buses/389.jpg,buses,111.7656758626302,65.75432920283,27.748508986195084,101.0664774576823,66.25277029095565,50.48400103829283,88.9691874186198,68.1875087771787,60.39096777020689
390,390.jpg,data/processed/wang/buses/390.jpg,buses,93.79046630859375,70.27164467159507,61.352986557740465,85.2448221842448,70.62181161455112,61.02932227691433,84.92930094401042,72.36944067785998,59.14182109981375
391,391.jpg,data/processed/wang/buses/391.jpg,buses,100.05314127604167,67.86442502384648,48.18230835716522,99.90098063151042,70.72836279430693,54.650584095773596,96.9995829264323,79.46956405283265,59.712795574100326
392,392.jpg,data/processed/wang/buses/392.jpg,buses,102.419189453125,64.76461584150887,36.718876621768686,80.18946329752605,75.93983636278575,59.66423690412695,86.19178263346355,83.41351098911692,68.6765018975044
393,393.jpg,data/processed/wang/buses/393.jpg,buses,102.29733276367188,81.03291149883668,42.4349046941783,92.9909159342448,68.56964453466715,43.3108374756775,64.08060709635417,50.59770407606905,47.83866208410752
394,394.jpg,data/processed/wang/buses/394.jpg,buses,112.4818115234375,70.07605335617508,32.18762299077254,94.24557495117188,65.5821338619896,48.08895315924572,71.67763264973958,50.852117435593705,41.22724830062319
395,395.jpg,data/processed/wang/buses/395.jpg,buses,96.2161865234375,67.00872925057158,44.48403749926892,93.76747639973958,63.37976521595839,40.914644872684654,91.9228515625,66.06596491258438,43.95274524094785
396,396.jpg,data/processed/wang/buses/396.jpg,buses,94.72965494791667,75.3290571485536,47.0260265508016,73.79844156901042,64.20580819902949,55.537512738271374,74.31172688802083,62.17030304266093,58.02159048533204
397,397.jpg,data/processed/wang/buses/397.jpg,buses,90.1055908203125,76.11668673600558,59.738041218135464,71.67798868815105,63.84460830901116,61.89346055633437,67.2445068359375,59.731816165283924,58.52832678970499
398,398.jpg,data/processed/wang/buses/398.jpg,buses,90.10299682617188,78.65406186411965,56.684029079588896,81.860595703125,65.4733314951976,45.32511636689603,73.08852132161458,62.019177962421224,52.6994446704997
399,399.jpg,data/processed/wang/buses/399.jpg,buses,116.74110921223958,73.14391193061209,-32.02269246009743,92.28378295898438,68.55775621595016,50.489335213354956,87.15225219726562,63.72031997141857,51.62221342265241
400,400.jpg,data/processed/wang/dinosaurs/400.jpg,dinosaurs,210.67800903320312,48.14529458910661,-66.20676177329953,206.30281575520834,52.52762284270169,-71.12331893025274,200.5316365559896,58.225768771486976,-75.06101052271092
401,401.jpg,data/processed/wang/dinosaurs/401.jpg,dinosaurs,207.7085978190104,46.929332064057235,-62.99371290023427,199.92642211914062,56.29045517982679,-72.30975717652163,191.47600301106772,65.86756907302588,-77.77342396047968
402,402.jpg,data/processed/wang/dinosaurs/402.jpg,dinosaurs,214.80253092447916,33.23383945963114,-45.058296197366815,192.0645955403646,51.38773846447212,-59.20658203198335,177.98896280924478,66.64026437114285,-67.71194451472354
403,403.jpg,data/processed/wang/dinosaurs/403.jpg,dinosaurs,203.80452473958334,50.878013352629296,-70.07433879242782,207.40892537434897,47.4926879189906,-66.11240848467808,211.108642578125,42.453272807678644,-60.34428966671063
404,404.jpg,data/processed/wang/dinosaurs/404.jpg,dinosaurs,198.25448608398438,60.987247866082804,-75.69688592896046,198.4571329752604,59.58299125306636,-74.29497436634117,193.98958333333334,57.02537510170759,-66.8995753076485
405,405.jpg,data/processed/wang/dinosaurs/405.jpg,dinosaurs,202.74278767903647,55.74027689825096,-70.30919541701547,201.49807739257812,56.251668960034046,-70.85261651290433,188.6925048828125,58.071828544341315,-65.7013002140414
406,406.jpg,data/processed/wang/dinosaurs/406.jpg,dinosaurs,207.37765502929688,48.88387968444931,-64.41532675983747,201.32084147135416,53.90086275352629,-69.3388940093087,185.98177083333334,68.69579356674753,-79.83554433873496
407,407.jpg,data/processed/wang/dinosaurs/407.jpg,dinosaurs,218.01676432291666,30.788875227467816,-47.405435213427765,209.44828287760416,43.031174242482706,-61.711648734501296,201.88887532552084,51.881543347720076,-67.67625874111434
408,408.jpg,data/processed/wang/dinosaurs/408.jpg,dinosaurs,178.86168416341147,67.78540752839949,-68.47231508462536,173.5948486328125,68.52612754092473,-67.4935813988917,161.8243408203125,75.19311960528694,-66.42419547753089
409,409.jpg,data/processed/wang/dinosaurs/409.jpg,dinosaurs,200.88858032226562,61.51421314944741,-77.87004826507396,200.21971638997397,59.04437805388271,-74.3768811993719,195.82412719726562,66.06611114497666,-80.21175845397465
410,410.jpg,data/processed/wang/dinosaurs/410.jpg,dinosaurs,194.95907592773438,59.77613932247873,-70.84152655020895,186.16849772135416,77.16473766382046,-90.33392666806628,181.8687540690104,73.65501893987226,-83.6308681071738
411,411.jpg,data/processed/wang/dinosaurs/411.jpg,dinosaurs,203.5233154296875,52.68017822276368,-67.72664528246892,195.30852254231772,54.08684797451313,-67.11171136097964,178.99895222981772,61.17754976572472,-60.221176201073064
412,412.jpg,data/processed/wang/dinosaurs/412.jpg,dinosaurs,193.25126139322916,58.30631668162462,-70.77796639359026,196.81409708658853,54.474363649389005,-66.81531257636642,190.77871704101562,60.64005442847484,-70.91288193332335
413,413.jpg,data/processed/wang/dinosaurs/413.jpg,dinosaurs,220.6465861002604,26.952150815406334,-43.60124308087873,214.0115763346354,42.04016721476626,-62.24667147301318,203.08653767903647,52.475130404348825,-70.78026985598177
414,414.jpg,data/processed/wang/dinosaurs/414.jpg,dinosaurs,196.67669677734375,64.61025439440967,-79.57234478740851,195.22569783528647,64.65559670849298,-79.44121765092281,187.64598592122397,62.80503435596986,-71.66547745013571
415,415.jpg,data/processed/wang/dinosaurs/415.jpg,dinosaurs,204.75018310546875,47.75044322147525,-65.62444818782487,203.71591186523438,49.54961226312297,-66.87887624781953,194.5260009765625,54.051692713964016,-68.65233124563915
416,416.jpg,data/processed/wang/dinosaurs/416.jpg,dinosaurs,208.24308268229166,47.98785811569658,-69.22882799835938,210.52389526367188,47.05597139221346,-67.77759203763264,202.60145060221353,56.06051184109888,-74.02740429684452
417,417.jpg,data/processed/wang/dinosaurs/417.jpg,dinosaurs,205.1651611328125,50.72601848612954,-67.59702401359768,203.36344401041666,49.84475398924312,-65.48379295385715,195.89793904622397,59.19696040404431,-73.30321659411067
418,418.jpg,data/processed/wang/dinosaurs/418.jpg,dinosaurs,208.27347819010416,45.530196548366916,-59.83868448332484,201.10640462239584,55.56685362551028,-69.71980060916627,192.6869099934896,64.65150811846212,-76.93717249926178
419,419.jpg,data/processed/wang/dinosaurs/419.jpg,dinosaurs,200.33902994791666,57.65402713592511,-72.80493034775873,201.85403442382812,55.24558398427392,-70.17450549349229,192.87071736653647,66.68130260894003,-80.25388268020114
420,420.jpg,data/processed/wang/dinosaurs/420.jpg,dinosaurs,214.53609212239584,42.53358526027492,-60.97555353163206,214.49787394205728,39.894395604591615,-56.8331164217707,207.0633544921875,56.16086483609389,-75.49903335184595
421,421.jpg,data/processed/wang/dinosaurs/421.jpg,dinosaurs,214.72643025716147,35.3451881754455,-52.355844126831,206.42396036783853,46.03186696102004,-63.57942844477353,195.89459228515625,58.142605715063624,-72.83230212187104
422,422.jpg,data/processed/wang/dinosaurs/422.jpg,dinosaurs,183.13589477539062,63.93496511788362,-67.45824371013657,179.25576782226562,70.24440251502492,-72.01152231099171,171.87100219726562,72.5102901604108,-69.07445538339996
423,423.jpg,data/processed/wang/dinosaurs/423.jpg,dinosaurs,214.81705729166666,40.0418418697847,-61.16460782202432,215.06586710611978,34.544482833810825,-53.88214702191634,203.5815226236979,46.68337902480716,-65.31133658173633
424,424.jpg,data/processed/wang/dinosaurs/424.jpg,dinosaurs,197.4413045247396,50.534857105821196,-62.590592964391504,191.5890096028646,58.593945934218844,-69.74174088086525,181.70166015625,67.54078103904095,-73.47829850013693
425,425.jpg,data/processed/wang/dinosaurs/425.jpg,dinosaurs,199.13068644205728,41.54541081249833,-57.967300412750134,200.16780598958334,44.81837622739446,-62.579232082760484,197.53410847981772,42.19650290153696,-56.86315814192703
426,426.jpg,data/processed/wang/dinosaurs/426.jpg,dinosaurs,189.49708048502603,61.062607048789864,-66.52890232441382,179.42662556966147,73.86677137958945,-76.5997741882624,172.02434285481772,75.40482127967907,-74.87747004966606
427,427.jpg,data/processed/wang/dinosaurs/427.jpg,dinosaurs,213.92251586914062,41.895828736631124,-59.461562056944075,209.86554972330728,50.65665142430447,-70.61498961740071,204.60446166992188,59.96404352730838,-79.39034649774092
428,428.jpg,data/processed/wang/dinosaurs/428.jpg,dinosaurs,195.78919474283853,57.580117884673996,-68.86961409755536,189.16173299153647,63.11921091112407,-72.90706870242977,187.88812255859375,64.88186266769605,-72.89852408135675
429,429.jpg,data/processed/wang/dinosaurs/429.jpg,dinosaurs,206.99616495768228,48.62110944719829,-62.978636554314576,207.18482462565103,47.62635833820307,-61.89525113178465,199.39090983072916,61.36665507051286,-76.5658427916085
430,430.jpg,data/processed/wang/dinosaurs/430.jpg,dinosaurs,210.6373087565104,37.373736354448745,-51.85610654428274,202.13140869140625,49.603731681823426,-63.99466067076784,195.92603556315103,61.16288607365652,-74.95464232368634
431,431.jpg,data/processed/wang/dinosaurs/431.jpg,dinosaurs,213.41254679361978,42.99262193943349,-62.864167498997645,212.56884765625,42.4180376418989,-61.98246614362776,204.1600341796875,43.766512223232176,-56.40603756459627
432,432.jpg,data/processed/wang/dinosaurs/432.jpg,dinosaurs,204.82404581705728,43.234577526011726,-57.063573540090005,197.45006306966147,55.55299508262939,-70.70975454099525,189.44366455078125,64.79407704715518,-77.57066703253696
433,433.jpg,data/processed/wang/dinosaurs/433.jpg,dinosaurs,208.29573567708334,46.253534666231054,-63.618601330098805,197.56854248046875,52.60749069280415,-66.6428912749341,188.1771240234375,62.61053327450231,-72.56585975923913
434,434.jpg,data/processed/wang/dinosaurs/434.jpg,dinosaurs,213.16470336914062,38.302725466407885,-56.301224350605416,211.16764322916666,42.49890485237661,-61.57771623975697,201.93147786458334,49.52942360292831,-67.0876637058248
435,435.jpg,data/processed/wang/dinosaurs/435.jpg,dinosaurs,212.99068196614584,38.05865388456316,-53.42774984734162,209.2368367513021,42.50751766561788,-58.512528072656835,198.23040771484375,58.25955207144051,-73.7897821018973
436,436.jpg,data/processed/wang/dinosaurs/436.jpg,dinosaurs,199.10006713867188,56.863762218206894,-70.09103543635726,195.66216023763022,57.62185512552343,-69.12471256088867,189.63434855143228,66.07849198224577,-76.76528450589566
437,437.jpg,data/processed/wang/dinosaurs/437.jpg,dinosaurs,207.77523803710938,44.7823252376526,-59.674484144180866,202.01852416992188,48.10292243221655,-62.14041472838849,189.52554321289062,57.39203021369329,-64.66010571273054
438,438.jpg,data/processed/wang/dinosaurs/438.jpg,dinosaurs,205.8262939453125,47.460243028549286,-61.885792713170304,198.97779337565103,60.463303422992965,-76.70270680249861,193.48816935221353,61.9445291956873,-73.66081750656716
439,439.jpg,data/processed/wang/dinosaurs/439.jpg,dinosaurs,217.725341796875,36.537137335433535,-55.39700297299801,215.54391479492188,36.46585205486279,-54.78976384764046,207.08299763997397,49.233651413033726,-66.99301237736901
440,440.jpg,data/processed/wang/dinosaurs/440.jpg,dinosaurs,192.33417765299478,61.10755093496667,-69.53557810566079,192.23885091145834,62.144140704030626,-70.8594289584588,187.8945109049479,63.09666979128173,-69.85267007550789
441,441.jpg,data/processed/wang/dinosaurs/441.jpg,dinosaurs,204.59817504882812,50.84291973629002,-66.09789614890875,204.31494140625,49.79283104523352,-64.47637008776286,192.33474731445312,60.9116596412735,-70.54416691472824
442,442.jpg,data/processed/wang/dinosaurs/442.jpg,dinosaurs,206.4298095703125,47.47790545515934,-62.06407542176073,200.97112019856772,55.81923191620906,-70.92687125916302,193.1336873372396,65.00271797022164,-79.09679101907606
443,443.jpg,data/processed/wang/dinosaurs/443.jpg,dinosaurs,200.50994873046875,52.93542291632375,-66.09638619899484,192.28181966145834,61.78421719588136,-74.54931857176484,181.51937866210938,67.13969555724495,-74.24063401528616
444,444.jpg,data/processed/wang/dinosaurs/444.jpg,dinosaurs,204.14361572265625,41.33836692184503,-54.44096260123702,198.60529581705728,54.76011976042717,-71.8558415703541,189.47771199544272,60.297694673178015,-70.90545106393415
445,445.jpg,data/processed/wang/dinosaurs/445.jpg,dinosaurs,196.0765380859375,57.76044567829489,-67.23582960704111,192.20681762695312,61.70419743640309,-70.52637421813856,180.89718627929688,64.37430627831841,-69.06383718484
446,446.jpg,data/processed/wang/dinosaurs/446.jpg,dinosaurs,210.02599080403647,41.16391850122984,-56.28897671265432,202.7056681315104,52.069677943131666,-68.26760895599674,193.4876505533854,63.58551523002697,-78.7789326722376
447,447.jpg,data/processed/wang/dinosaurs/447.jpg,dinosaurs,204.75599161783853,46.99441971039324,-57.52061595273967,199.00973510742188,54.29043124266737,-64.97642723396478,188.20539347330728,68.70188789867485,-78.62691737824419
448,448.jpg,data/processed/wang/dinosaurs/448.jpg,dinosaurs,203.02346801757812,52.20937771016822,-66.66562842211545,202.12350463867188,54.31571667335611,-69.55164808982256,202.8822224934896,54.88156604197239,-70.33407860434625
449,449.jpg,data/processed/wang/dinosaurs/449.jpg,dinosaurs,190.05992635091147,65.0108678857335,-70.93668640356631,186.47923787434897,66.32887508352299,-71.74929505455648,176.0433146158854,76.5470865361797,-77.21933990864005
450,450.jpg,data/processed/wang/dinosaurs/450.jpg,dinosaurs,211.28229777018228,41.555930685133525,-57.73553079069602,205.98534138997397,48.73235460789587,-66.05042428574853,190.39861043294272,62.43390071196434,-75.62080839617411
451,451.jpg,data/processed/wang/dinosaurs/451.jpg,dinosaurs,204.97139485677084,51.48401218993004,-70.07735862325022,200.5180867513021,54.25464089618855,-72.67805229905184,195.44328816731772,53.50136194429387,-67.68082150019485
452,452.jpg,data/processed/wang/dinosaurs/452.jpg,dinosaurs,198.08045450846353,57.30819997163919,-71.97505597068869,192.3000284830729,61.52214788330273,-74.32840872944173,186.96337890625,68.83488841894129,-80.3817779934414
453,453.jpg,data/processed/wang/dinosaurs/453.jpg,dinosaurs,209.55098470052084,52.2835963498357,-72.61167450174892,208.00285847981772,53.15195032902333,-73.91639554987887,205.97369384765625,54.67790224300841,-73.80199454547261
454,454.jpg,data/processed/wang/dinosaurs/454.jpg,dinosaurs,204.34540812174478,56.584065031409516,-76.35714215381657,203.14202880859375,55.6581916671749,-74.64854189824472,200.70063273111978,58.319552954057436,-76.3870349809995
455,455.jpg,data/processed/wang/dinosaurs/455.jpg,dinosaurs,184.0806681315104,67.759709997665,-73.0299003910743,173.4709269205729,76.27856956749953,-78.29897329606982,159.45194498697916,84.37031869899134,-78.50807554563832
456,456.jpg,data/processed/wang/dinosaurs/456.jpg,dinosaurs,208.5800577799479,47.903439560656324,-66.88464753359344,206.26334635416666,54.62695816355654,-75.07531116372272,201.66144816080728,61.10268507300391,-81.35979967802298
457,457.jpg,data/processed/wang/dinosaurs/457.jpg,dinosaurs,205.22590128580728,48.55404812470243,-60.89869527037514,200.06318155924478,54.37751417680155,-67.13531098858526,190.45281982421875,66.88148281181073,-78.40769735404282
458,458.jpg,data/processed/wang/dinosaurs/458.jpg,dinosaurs,203.92342122395834,46.886083272506056,-60.039276877528536,190.9331258138021,57.787502370209516,-68.00929776815207,174.57840983072916,71.43743988093495,-69.76767030383655
459,459.jpg,data/processed/wang/dinosaurs/459.jpg,dinosaurs,207.99810791015625,52.42878137411191,-69.9923658148823,192.60172526041666,57.851376528387,-71.33126923856065,180.92369588216147,67.29627177044642,-72.0621249636244
460,460.jpg,data/processed/wang/dinosaurs/460.jpg,dinosaurs,214.40361531575522,40.26226035530574,-57.09319799694572,208.86583455403647,50.78388329429786,-69.62166697741033,202.57487996419272,61.245370853099345,-80.32981667055054
461,461.jpg,data/processed/wang/dinosaurs/461.jpg,dinosaurs,199.08492024739584,54.57515665814636,-70.1033608342895,189.2895711263021,62.56582853825799,-75.74697964236961,178.77806599934897,69.14479456191653,-76.1945980733924
462,462.jpg,data/processed/wang/dinosaurs/462.jpg,dinosaurs,207.18767293294272,52.46543832901606,-71.32323632062347,189.57846069335938,58.0709088690312,-70.64484439098305,177.72099812825522,66.01287552950305,-69.66530950888149
463,463.jpg,data/processed/wang/dinosaurs/463.jpg,dinosaurs,214.8618367513021,40.63859967013852,-61.58383943112197,209.31509399414062,43.02057302979548,-62.06741872021961,197.40296427408853,56.35489571816398,-68.47040111916371
464,464.jpg,data/processed/wang/dinosaurs/464.jpg,dinosaurs,208.99368286132812,47.47552363708318,-65.5868214661381,201.96914672851562,61.099941027792546,-80.90537739055068,201.26901245117188,64.34471398389267,-83.13321712204525
465,465.jpg,data/processed/wang/dinosaurs/465.jpg,dinosaurs,205.68207804361978,50.051856550662166,-68.98742302408122,200.22494506835938,58.326431777867455,-76.53273900745498,193.1849365234375,66.35442967783176,-82.18509905182452
466,466.jpg,data/processed/wang/dinosaurs/466.jpg,dinosaurs,206.2109171549479,47.060271323066374,-65.03512195592657,203.83598836263022,46.7044142843382,-63.5753313279742,190.32331339518228,57.14396317163227,-67.53440318527207
467,467.jpg,data/processed/wang/dinosaurs/467.jpg,dinosaurs,209.8340861002604,49.60655441705825,-67.96261726931426,206.70989990234375,52.00864973513426,-70.43528092125946,199.51026407877603,61.16111695354703,-78.28958907395392
468,468.jpg,data/processed/wang/dinosaurs/468.jpg,dinosaurs,201.52095540364584,58.21101009506471,-74.222393275133,197.61215209960938,57.52123432530193,-71.62101309428743,197.46198527018228,55.55074594778703,-67.8380029189193
469,469.jpg,data/processed/wang/dinosaurs/469.jpg,dinosaurs,217.06798299153647,38.09490181224184,-59.05802850599872,214.6819051106771,40.769787208664994,-62.0868537968501,210.82184855143228,47.71699115674531,-69.86831712908123
470,470.jpg,data/processed/wang/dinosaurs/470.jpg,dinosaurs,199.94867960611978,52.93061193156182,-64.63954782144006,196.18954467773438,58.10300526238054,-69.53554807900338,188.10006713867188,67.43931678600548,-76.27832565495125
471,471.jpg,data/processed/wang/dinosaurs/471.jpg,dinosaurs,201.92964680989584,50.89145208178328,-64.44890448729765,193.81575520833334,63.68466488350387,-78.78584291131463,192.54439290364584,68.52132425559329,-83.64948615086382
472,472.jpg,data/processed/wang/dinosaurs/472.jpg,dinosaurs,208.6302693684896,51.51781975258272,-71.4752420079017,204.29720052083334,54.09734743936543,-72.26810476564759,200.02132161458334,56.61039776319348,-70.28701327444114
473,473.jpg,data/processed/wang/dinosaurs/473.jpg,dinosaurs,202.7409871419271,55.8668882453252,-71.91322128171093,200.1626180013021,56.31981005042649,-71.0426976624857,197.17727661132812,58.7175291196461,-70.55455737208686
474,474.jpg,data/processed/wang/dinosaurs/474.jpg,dinosaurs,217.33980305989584,31.002862485348565,-45.790112174410076,209.41795857747397,46.61070438236365,-66.92472965171784,202.74335734049478,53.70498169274046,-71.19511655689021
475,475.jpg,data/processed/wang/dinosaurs/475.jpg,dinosaurs,196.46920776367188,62.522076406388706,-73.33699915538745,184.37157185872397,75.47650337282663,-85.06843187039868,175.93721516927084,80.94465639689172,-86.66808926991217
476,476.jpg,data/processed/wang/dinosaurs/476.jpg,dinosaurs,207.59832763671875,48.63546737702689,-65.86668600744625,202.89159138997397,51.259470559460155,-67.11088663946032,196.42491658528647,54.87788232316464,-65.22858816430193
477,477.jpg,data/processed/wang/dinosaurs/477.jpg,dinosaurs,211.22626749674478,36.667077745212154,-49.00956742227311,207.83026123046875,44.72741762952683,-59.17877825259276,208.0538330078125,49.99059025182659,-64.90114502653418
478,478.jpg,data/processed/wang/dinosaurs/478.jpg,dinosaurs,205.97528076171875,41.913530733590235,-57.77700640138163,200.3603312174479,49.356652703903904,-65.34716314527833,194.34232584635416,58.822929064698876,-72.51402077417146
479,479.jpg,data/processed/wang/dinosaurs/479.jpg,dinosaurs,209.11449178059897,42.99194265120492,-57.975283427650545,200.40992228190103,54.30196828271603,-70.78583920870798,189.47142537434897,62.62128756639024,-73.97922458679648
480,480.jpg,data/processed/wang/dinosaurs/480.jpg,dinosaurs,206.3250935872396,52.34074294253687,-68.87201471678202,201.70020548502603,56.32362764457751,-72.34378212627166,198.35071818033853,58.17309429482115,-72.9773760445608
481,481.jpg,data/processed/wang/dinosaurs/481.jpg,dinosaurs,211.65788777669272,46.63714713266593,-64.48995862784001,209.68687947591147,48.7928435906778,-67.06501590563684,206.26339721679688,52.143264691152844,-69.79471110187863
482,482.jpg,data/processed/wang/dinosaurs/482.jpg,dinosaurs,199.7862345377604,50.381691909712856,-63.52573372801331,192.17595418294272,56.360329400636864,-67.77333074122774,183.13951619466147,65.96107826730248,-74.71872563496206
483,483.jpg,data/processed/wang/dinosaurs/483.jpg,dinosaurs,207.39810180664062,50.27300036290512,-66.52168669880035,203.43408203125,51.42703765868142,-66.5777004996777,204.70364379882812,49.49457037381328,-64.58291667235196
484,484.jpg,data/processed/wang/dinosaurs/484.jpg,dinosaurs,203.98200480143228,55.92264838326436,-71.1023359763,200.41300455729166,56.8074688881131,-70.96384165491699,196.73410034179688,57.04557670443598,-68.00615204874588
485,485.jpg,data/processed/wang/dinosaurs/485.jpg,dinosaurs,194.8799845377604,55.7365748511611,-67.42601518532089,185.03541056315103,65.74522142619284,-76.18118992482195,172.32998657226562,71.32952865238651,-74.13977076649917
486,486.jpg,data/processed/wang/dinosaurs/486.jpg,dinosaurs,195.2854207356771,65.80627258650125,-77.71296793311453,191.82342529296875,65.87850921693868,-77.52858279023985,176.01685587565103,68.18184753876488,-69.11870386502753
487,487.jpg,data/processed/wang/dinosaurs/487.jpg,dinosaurs,202.8768107096354,58.031422329254454,-74.01174006461721,201.8888142903646,53.92070654018418,-69.1528333150724,192.64755249023438,57.28517793668696,-69.61417590685127
488,488.jpg,data/processed/wang/dinosaurs/488.jpg,dinosaurs,203.60816446940103,55.7003315582723,-70.28158228197981,205.36323038736978,50.034471061445046,-64.83630558139315,192.3732706705729,67.13666130179011,-79.84050786281465
489,489.jpg,data/processed/wang/dinosaurs/489.jpg,dinosaurs,207.39000447591147,51.69053180291351,-67.99507061158909,202.40143839518228,55.970309337266265,-72.76518227553208,196.7613525390625,60.38731944807422,-76.24968172404333
490,490.jpg,data/processed/wang/dinosaurs/490.jpg,dinosaurs,204.29766845703125,51.78553086653657,-67.91950936033936,200.7771199544271,49.137698092215224,-62.33450477358214,190.81413777669272,57.49348312036262,-64.1816036421052
491,491.jpg,data/processed/wang/dinosaurs/491.jpg,dinosaurs,209.1425577799479,45.72259937159087,-61.461666007023915,201.53193155924478,56.99882959128693,-73.63680405615548,197.0163777669271,61.4787234695959,-77.18307776470238
492,492.jpg,data/processed/wang/dinosaurs/492.jpg,dinosaurs,198.34559122721353,58.20413451910772,-73.67850508581682,192.25614420572916,60.916113391921044,-74.95187605091868,186.440673828125,62.20819461151884,-72.66551393937289
493,493.jpg,data/processed/wang/dinosaurs/493.jpg,dinosaurs,215.02200317382812,32.32159778320729,-50.423591579066056,206.39411417643228,41.96317551992228,-60.361577586207105,187.51191202799478,56.5095239270715,-65.1528393305872
494,494.jpg,data/processed/wang/dinosaurs/494.jpg,dinosaurs,212.71798706054688,40.09958494296999,-57.3803937673217,207.68763224283853,46.94823978018616,-65.63975007490048,199.56314086914062,53.744991295957234,-70.21495880596026
495,495.jpg,data/processed/wang/dinosaurs/495.jpg,dinosaurs,207.6209513346354,49.65089386796507,-66.21549821937403,202.65569051106772,51.183635055004935,-66.72471473847861,188.2026163736979,62.18590233361992,-69.63962303569299
496,496.jpg,data/processed/wang/dinosaurs/496.jpg,dinosaurs,211.82882690429688,45.474613322725304,-64.41219743340733,207.25348917643228,46.43077072771454,-64.57137152769371,198.5135701497396,53.19328809359134,-69.49027990468534
497,497.jpg,data/processed/wang/dinosaurs/497.jpg,dinosaurs,209.73491414388022,39.44278395927811,-53.707931249153276,201.82378133138022,49.81470041954516,-64.41116909974748,190.3341267903646,61.474266500768366,-70.84016397687446
498,498.jpg,data/processed/wang/dinosaurs/498.jpg,dinosaurs,210.12783813476562,47.79276004992068,-64.9032624738586,208.31076049804688,50.283897146816074,-67.88699172784462,202.6978963216146,49.96560646969507,-62.92498487096793
499,499.jpg,data/processed/wang/dinosaurs/499.jpg,dinosaurs,201.6392822265625,53.97698851154227,-67.06810616766671,200.49883015950522,54.89161775686802,-68.26025378574782,188.33231608072916,70.09022156564671,-81.77113309942519
500,500.jpg,data/processed/wang/elephants/500.jpg,elephants,126.204833984375,56.01569323338281,-49.653400157586546,137.30877685546875,61.57621606762137,-48.69001835701658,115.00048828125,66.82840888648586,43.10772333725254
501,501.jpg,data/processed/wang/elephants/501.jpg,elephants,137.99505615234375,63.9402245161084,-48.37161017954499,144.33734130859375,60.944055060055945,-50.84098668602721,99.1968282063802,60.825344887461654,45.70542540267727
502,502.jpg,data/processed/wang/elephants/502.jpg,elephants,93.83026123046875,53.528547304925425,36.45859470491936,125.44652303059895,59.35016500821886,-37.57727494841403,119.6443583170573,79.18523824092878,41.560703319448855
503,503.jpg,data/processed/wang/elephants/503.jpg,elephants,121.9088134765625,71.12393093663991,29.33663895275602,114.28162638346355,54.226612978786534,-10.117842472412764,67.59649658203125,41.42970280106286,48.00763561202511
504,504.jpg,data/processed/wang/elephants/504.jpg,elephants,132.00177001953125,52.98587651119871,-31.490636950748062,125.62356567382812,53.75089111041392,22.39547160467366,112.5884297688802,55.873401800935554,42.24745274914609
505,505.jpg,data/processed/wang/elephants/505.jpg,elephants,123.0537109375,72.47210777041036,52.48050559814724,136.47613525390625,71.37831513416286,22.124394941907987,107.68897501627605,84.73321165337454,72.00232071778036
506,506.jpg,data/processed/wang/elephants/506.jpg,elephants,149.89336140950522,58.22252762338818,-43.05520665092145,139.79487101236978,54.28725039978427,-40.21996733667322,124.87208048502605,54.983341391067945,-25.499422215711682
507,507.jpg,data/processed/wang/elephants/507.jpg,elephants,133.99481201171875,50.10593263893338,-46.195870881931924,147.7221476236979,57.379126904362906,-46.36763602058933,112.83602905273438,81.08121829554314,57.43940996583281
508,508.jpg,data/processed/wang/elephants/508.jpg,elephants,158.58304850260416,58.042286157083325,-53.83950444588506,149.68781534830728,60.39051773091286,-47.315993692494786,105.9954833984375,78.04349746055946,66.49443663595773
509,509.jpg,data/processed/wang/elephants/509.jpg,elephants,108.9174296061198,46.62922555505054,-32.00043310637987,116.7735087076823,50.66789393073434,-43.43280857567389,66.31735229492188,44.73902898502448,49.78648155323003
510,510.jpg,data/processed/wang/elephants/510.jpg,elephants,150.55134073893228,57.52275655778442,-47.564503186152336,132.28484090169272,44.74246637390442,-36.95318767392992,117.63929239908855,48.249182044933775,-30.38540964204666
511,511.jpg,data/processed/wang/elephants/511.jpg,elephants,79.48512776692708,56.06128121214688,65.0271341237615,105.2564188639323,55.38236997079228,51.7405895655542,65.61551920572917,63.16017176514762,77.86793326267616
512,512.jpg,data/processed/wang/elephants/512.jpg,elephants,106.15376790364583,53.30757933703477,32.9062155724296,118.02396647135417,54.46001510081895,28.516276868159867,73.31585693359375,48.07008402035848,49.400743200466366
513,513.jpg,data/processed/wang/elephants/513.jpg,elephants,127.07113647460938,47.27705994841105,-35.25412453105463,132.3110555013021,41.55622560733486,-37.70996410481039,107.24497477213542,55.1787427318745,42.1016787753653
514,514.jpg,data/processed/wang/elephants/514.jpg,elephants,121.13528442382812,52.53302647448871,-24.12404138248296,126.32313028971355,35.86676501760703,-27.617663666377165,91.12942504882812,34.263234843391956,27.17229493185875
515,515.jpg,data/processed/wang/elephants/515.jpg,elephants,139.24921671549478,51.96597188433538,-24.166386783053024,113.705322265625,48.60378775106228,42.95942210359863,71.25719197591145,55.49748049360834,68.33764040635478
516,516.jpg,data/processed/wang/elephants/516.jpg,elephants,119.875,65.68202399099305,25.46054853809267,112.55474853515625,68.00256562298834,41.21784448081702,88.93905639648438,59.69457462153768,52.46550608358896
517,517.jpg,data/processed/wang/elephants/517.jpg,elephants,145.94096883138022,71.79140238894573,-58.99382982415355,137.33035278320312,70.03650002816768,-53.97829908363471,124.27974446614583,73.09811921261505,-38.01182869890809
518,518.jpg,data/processed/wang/elephants/518.jpg,elephants,140.19155883789062,60.738041437708866,-42.83781851772771,124.04156494140625,56.8525144215589,-37.44541518774156,111.08423868815105,47.53366271153273,-31.114651623880476
519,519.jpg,data/processed/wang/elephants/519.jpg,elephants,120.61187744140625,57.37466983049364,-25.673196936667857,103.62387084960938,52.137655488905565,24.18339436546004,85.6378885904948,50.49966812479539,44.08066735855262
520,520.jpg,data/processed/wang/elephants/520.jpg,elephants,113.85129801432292,70.12872556779945,32.03368949051166,99.27271525065105,55.27377169518055,29.012752376359323,97.66824340820312,55.29857693748135,28.447358461330886
521,521.jpg,data/processed/wang/elephants/521.jpg,elephants,164.94635009765625,58.61261215935019,-55.97641338021214,151.60047403971353,52.26879910815083,-46.04056482371775,122.71961466471355,58.043904906893104,-25.193475402527433
522,522.jpg,data/processed/wang/elephants/522.jpg,elephants,133.37515258789062,59.24719469837872,-14.908721949651149,131.2787882486979,57.18367593882638,8.023927406045935,100.09627278645833,64.56053556961065,64.94739122372705
523,523.jpg,data/processed/wang/elephants/523.jpg,elephants,171.3787638346354,48.740135418901794,-59.068734864536395,161.8110555013021,49.36674061334215,-52.839900816006654,138.29269409179688,68.71790927423609,-34.362034012883676
524,524.jpg,data/processed/wang/elephants/524.jpg,elephants,127.1036376953125,58.960806044056326,-49.59935810954804,124.39126586914062,64.68354344382102,-35.16744245868968,102.16072591145833,68.31925240167924,56.32179622280428
525,525.jpg,data/processed/wang/elephants/525.jpg,elephants,128.32987467447916,54.14936091963715,-41.951116337880705,106.37319946289062,48.63524732769839,-29.759295408719197,91.154296875,58.69853214549375,53.09028392020335
526,526.jpg,data/processed/wang/elephants/526.jpg,elephants,131.07872517903647,59.22567724038716,-45.06895126148346,132.14370727539062,60.15525659076604,-41.99302834401665,107.60725911458333,69.11071850995913,57.31507071478154
527,527.jpg,data/processed/wang/elephants/527.jpg,elephants,129.72960408528647,57.797293503186175,-37.191162300775616,126.04494222005208,56.66782531558484,-39.277120094363084,114.32620239257812,60.46202948595859,33.333180500445636
528,528.jpg,data/processed/wang/elephants/528.jpg,elephants,115.74563598632812,71.1799196357297,44.21880535590856,103.4127197265625,56.773680924311535,38.98310258853398,92.04063924153645,56.52063301524129,39.8576270421416
529,529.jpg,data/processed/wang/elephants/529.jpg,elephants,161.10347493489584,49.77935502123119,-44.83149073233606,142.74507649739584,44.6333243524534,-39.498190980227534,129.54180908203125,54.12944736451351,24.29633023818608
530,530.jpg,data/processed/wang/elephants/530.jpg,elephants,166.69287109375,57.313397142244895,-62.5596682187645,142.13616943359375,58.29255409706108,-46.78929311656622,130.81880696614584,63.019270000653066,-22.94971392931264
531,531.jpg,data/processed/wang/elephants/531.jpg,elephants,153.07707722981772,47.10757569223864,-44.79489921028995,138.0663859049479,41.30738058029235,-36.35916777201852,130.6691691080729,41.54396476358169,-34.86319026489035
532,532.jpg,data/processed/wang/elephants/532.jpg,elephants,140.01815795898438,37.31772713149249,-29.777898269214678,122.29525756835938,40.216401875204944,-37.648386678054905,132.40263875325522,53.51064265085427,5.764396864301221
533,533.jpg,data/processed/wang/elephants/533.jpg,elephants,149.29173787434897,39.53862052623344,-39.03635536349297,108.92520141601562,38.81004213583445,-30.780899596782046,84.64750162760417,58.695915031195156,49.95082832208858
534,534.jpg,data/processed/wang/elephants/534.jpg,elephants,130.85643513997397,68.02712463247161,-39.38555279818265,114.55894978841145,52.0705764702041,-32.3740620392724,103.49826049804688,47.62712819468639,-32.106448263308096
535,535.jpg,data/processed/wang/elephants/535.jpg,elephants,114.75270589192708,53.82561132331467,40.55695644596366,118.0965576171875,48.69120819244316,20.664732734894315,84.89438883463542,52.798293972859675,55.39695961654198
536,536.jpg,data/processed/wang/elephants/536.jpg,elephants,138.2520955403646,38.96609256409383,-27.114428732527237,131.60089111328125,31.222048919379816,-32.161272903996256,102.01171875,44.777754149155946,37.256251378159405
537,537.jpg,data/processed/wang/elephants/537.jpg,elephants,128.2754923502604,55.66301014321117,-43.73104715340793,105.62657674153645,49.15072587273542,-32.918798214716574,94.14764404296875,59.86712387360891,51.2708114960903
538,538.jpg,data/processed/wang/elephants/538.jpg,elephants,159.66846720377603,59.89784903888324,-53.15591445256588,144.30069986979166,55.597722466734616,-41.110146397273134,123.7106424967448,54.45503645335021,-30.69974819699012
539,539.jpg,data/processed/wang/elephants/539.jpg,elephants,140.64820353190103,55.94660136970972,-41.82437449551444,147.28650919596353,53.82005142764161,-50.52492571183909,133.04325358072916,63.109110495495834,-35.80144322144609
540,540.jpg,data/processed/wang/elephants/540.jpg,elephants,131.93557739257812,46.04042433259819,-39.96303653954359,121.29400634765625,46.64407796975998,-41.092158813626945,134.89754231770834,72.08420499332495,-37.19546855728901
541,541.jpg,data/processed/wang/elephants/541.jpg,elephants,111.47158813476562,43.966144442672416,-33.90575850292582,126.2312723795573,50.73977763860391,-46.02506900441324,75.51373291015625,34.05389283762962,29.969894376345596
542,542.jpg,data/processed/wang/elephants/542.jpg,elephants,131.2729288736979,57.56260314497596,-38.38076087275117,124.453125,59.47114833713706,-19.76176943930181,106.22384643554688,56.31820511023987,41.63511106010413
543,543.jpg,data/processed/wang/elephants/543.jpg,elephants,137.26935831705728,62.524417484614695,-43.83303848826861,121.1482442220052,59.38350205001563,-36.479258809957585,113.95680745442708,52.059850103534146,-35.176739403051414
544,544.jpg,data/processed/wang/elephants/544.jpg,elephants,154.193359375,57.01644201887683,-50.14290677444234,137.08987426757812,47.831595851432795,-35.97041341729274,119.00016276041667,57.19374841325006,26.472074486345072
545,545.jpg,data/processed/wang/elephants/545.jpg,elephants,111.50844319661458,46.1454286340815,16.112099740512967,92.60514322916667,42.730592511369586,18.910724082097943,99.86149088541667,56.57110892666526,47.559702330774755
546,546.jpg,data/processed/wang/elephants/546.jpg,elephants,136.7215372721354,67.22082925761036,-45.78957706167624,122.26309204101562,54.18737371978472,-33.00421349179736,109.2642822265625,59.10757500912561,-20.662511218345557
547,547.jpg,data/processed/wang/elephants/547.jpg,elephants,138.57246907552084,34.31247327797638,-31.606585011440313,126.95241292317708,38.8616910617945,-39.192150427767956,106.8076171875,60.28744197386295,43.28353523426442
548,548.jpg,data/processed/wang/elephants/548.jpg,elephants,165.43102010091147,54.69025274389844,-59.71858534964905,145.14849853515625,55.805496325991626,-43.96997278236632,134.29310099283853,64.2946406843566,-12.701654588150905
549,549.jpg,data/processed/wang/elephants/549.jpg,elephants,150.76005045572916,66.46874373063602,-54.44941445014912,137.32381184895834,67.54954812006528,-47.93556679204269,119.5111796061198,57.561405351885874,-37.009414391768246
550,550.jpg,data/processed/wang/elephants/550.jpg,elephants,127.59767659505208,66.34861439621103,36.06200966014231,123.88038126627605,62.74035833106338,43.09376289024874,97.08936564127605,74.85054607190236,71.96076518934521
551,551.jpg,data/processed/wang/elephants/551.jpg,elephants,102.2779032389323,58.220846099892064,38.10368254513884,102.50912475585938,61.2310273196125,39.478465319596864,68.73325602213542,52.1074698083178,56.609958533820205
552,552.jpg,data/processed/wang/elephants/552.jpg,elephants,131.7961222330729,46.753296204562616,-37.599079671825876,119.6766866048177,46.4102103487704,-38.08574956700095,131.96534220377603,70.58056286325805,-24.387222309161874
553,553.jpg,data/processed/wang/elephants/553.jpg,elephants,161.22443644205728,49.17773746576366,-52.091727996972956,157.27449544270834,52.921519301216854,-52.37827503458227,139.97444661458334,64.5500735360454,-31.429455678646292
554,554.jpg,data/processed/wang/elephants/554.jpg,elephants,121.66634114583333,55.39394071286159,37.133996173527144,114.64518229166667,54.46497882903268,40.94687384991616,86.86146036783855,61.1425524912558,68.1184891424714
555,555.jpg,data/processed/wang/elephants/555.jpg,elephants,117.7748514811198,59.858836098542554,-41.38804608783486,110.66116333007812,59.54902767702824,-17.595356131039086,92.05289713541667,58.97661191109196,51.851159943655475
556,556.jpg,data/processed/wang/elephants/556.jpg,elephants,138.10969034830728,45.87105058474453,-43.1799318137859,130.86117553710938,48.77332325342632,-46.42421374072493,142.46599324544272,74.79218226056219,-47.69224922670077
557,557.jpg,data/processed/wang/elephants/557.jpg,elephants,120.04500325520833,60.250988787216,20.84561656863619,114.01365152994792,53.95004803614058,2.376030649821252,120.20925903320312,51.782130129779965,-32.48408385331658
558,558.jpg,data/processed/wang/elephants/558.jpg,elephants,169.09589640299478,52.29503145020509,-53.621826020071865,155.9873046875,49.94363523821836,-47.088227965400094,137.25664265950522,46.88538189743546,-42.089329489276125
559,559.jpg,data/processed/wang/elephants/559.jpg,elephants,108.18777465820312,49.00398195319982,28.222506567345224,120.6588134765625,49.4549228506635,-37.2340933630339,113.73874918619792,65.59363559123774,36.85440841572221
560,560.jpg,data/processed/wang/elephants/560.jpg,elephants,127.14766438802083,56.44081463694652,-34.30095557024116,120.89077758789062,56.90991840671619,-25.7444535932859,106.41595458984375,53.24703733574664,30.597445329112993
561,561.jpg,data/processed/wang/elephants/561.jpg,elephants,163.6199747721354,52.483465493068614,-58.499744535064764,150.48847452799478,54.52621071786882,-50.37129347467305,126.29622395833333,74.15811626566737,39.42530088626572
562,562.jpg,data/processed/wang/elephants/562.jpg,elephants,119.55801391601562,52.296450483576045,-30.582428807378463,113.95741780598958,45.869595963908054,-34.16404866923355,72.11155192057292,38.75069260785266,44.406472885040145
563,563.jpg,data/processed/wang/elephants/563.jpg,elephants,120.42608642578125,48.140929171788216,-27.09741532905833,102.11993408203125,46.030734641854586,15.073234757471162,92.93292236328125,55.916626918611925,48.2982214487262
564,564.jpg,data/processed/wang/elephants/564.jpg,elephants,162.15034993489584,59.2641035226966,-56.789456889606186,150.17131551106772,53.039019909974215,-45.37791187917147,121.78525797526042,61.4351907452437,15.19573995344379
565,565.jpg,data/processed/wang/elephants/565.jpg,elephants,140.68392944335938,47.61101532877606,25.24567113745945,145.1025187174479,41.03705848909389,-38.84727189771428,145.5716552734375,69.45950412887412,-42.546974565537646
566,566.jpg,data/processed/wang/elephants/566.jpg,elephants,126.29712931315105,70.65630932725499,34.317192542894475,122.1198018391927,59.50364148993695,-23.921465325349008,74.46649169921875,44.877932722614325,48.882003485853026
567,567.jpg,data/processed/wang/elephants/567.jpg,elephants,119.74693806966145,71.56978003664256,31.25309120840828,117.72862752278645,55.48191961439106,-21.087365195716547,67.01968383789062,42.052485403879885,48.437691260267016
568,568.jpg,data/processed/wang/elephants/568.jpg,elephants,123.7489522298177,46.40861137897264,-29.477294754608593,142.34309895833334,52.7895966615528,-43.57403235848863,96.62520345052083,42.85125947030063,34.704869896336064
569,569.jpg,data/processed/wang/elephants/569.jpg,elephants,123.61149088541667,66.39222232813032,-34.56100904759228,99.2631123860677,49.05958138028581,-19.293084534157906,85.18191528320312,49.991202819946984,23.043249934383077
570,570.jpg,data/processed/wang/elephants/570.jpg,elephants,118.38291422526042,40.510759388189854,-35.563123460903,119.07435099283855,37.762171327128016,-40.08503926763393,112.16111246744792,56.8103681656719,32.858460904660305
571,571.jpg,data/processed/wang/elephants/571.jpg,elephants,120.74972534179688,54.02743920959639,15.969507259699752,105.25144449869792,51.194248328886005,33.63771479945916,101.2384745279948,51.28804169237143,36.85294489820663
572,572.jpg,data/processed/wang/elephants/572.jpg,elephants,137.34471638997397,65.26763526442161,-41.71850722022939,119.47607421875,48.33389770107067,-22.112848423405303,122.3324686686198,47.12978855310405,-34.74894558508615
573,573.jpg,data/processed/wang/elephants/573.jpg,elephants,128.48924763997397,48.114169996362165,-38.534290863591806,121.11378987630208,50.53069066740518,-41.831717912473664,132.67501831054688,68.21148308803173,-41.88149171340919
574,574.jpg,data/processed/wang/elephants/574.jpg,elephants,137.00224812825522,68.84845419182716,-52.96442814088335,118.79656982421875,55.11486472295116,-39.410699369677594,114.33535766601562,58.424601098401425,-39.39425079065431
575,575.jpg,data/processed/wang/elephants/575.jpg,elephants,130.53279622395834,49.832910739460814,-16.901907337621907,101.68241373697917,49.084620991424494,48.90511335774239,76.09678141276042,54.54910103048854,65.54646586955394
576,576.jpg,data/processed/wang/elephants/576.jpg,elephants,122.69761149088542,55.19809566282914,-37.26730212403103,114.7524922688802,42.76976497853969,-32.06910869337915,78.70090738932292,39.315916536715214,34.05561925767454
577,577.jpg,data/processed/wang/elephants/577.jpg,elephants,117.9086201985677,46.95165521904486,-22.31373162902993,105.32257080078125,45.21222913380576,-21.867928386168774,103.37265014648438,58.936748821127324,44.737478941374356
578,578.jpg,data/processed/wang/elephants/578.jpg,elephants,130.89156087239584,60.0317673436508,-47.963490203050625,138.5029093424479,64.54517378789187,-51.83817823395633,119.37950642903645,69.71808412751555,41.73053408774683
579,579.jpg,data/processed/wang/elephants/579.jpg,elephants,123.9254862467448,49.337635559278006,-42.10666380808249,124.7277323404948,58.63936520922825,-20.41473127039557,117.3186747233073,66.5282312476998,46.80494372995764
580,580.jpg,data/processed/wang/elephants/580.jpg,elephants,134.9780476888021,61.257972634528535,-49.350694510292115,114.15848795572917,55.351014350310265,17.9036780186932,96.23230997721355,54.77045770190276,47.15563566638259
581,581.jpg,data/processed/wang/elephants/581.jpg,elephants,135.85506184895834,71.80604502848554,-35.694954331234186,126.53233846028645,64.26097535244406,-28.807494069903754,104.90516153971355,59.226558791873586,-15.476124671078784
582,582.jpg,data/processed/wang/elephants/582.jpg,elephants,127.82314046223958,56.4489190312707,27.871008385721666,156.14346313476562,59.820555140654825,-45.87587159291017,160.62493896484375,66.5563477921787,-55.09379667923517
583,583.jpg,data/processed/wang/elephants/583.jpg,elephants,119.17376708984375,57.092631397416774,-40.879957615151596,123.63083902994792,56.36514646306874,-42.748200598269605,111.00692749023438,59.94783094085335,15.910017692048989
584,584.jpg,data/processed/wang/elephants/584.jpg,elephants,151.33649698893228,54.64494140295183,-49.23909485268714,158.27385457356772,58.02245909376618,-51.46067934286168,164.3138631184896,67.00158978505961,-58.775846356275736
585,585.jpg,data/processed/wang/elephants/585.jpg,elephants,141.1468302408854,73.22381593564512,-63.40827148478763,147.8696492513021,74.2355655077398,-66.69140640271539,153.76151529947916,81.63946127588918,-72.59468380726477
586,586.jpg,data/processed/wang/elephants/586.jpg,elephants,162.5927530924479,58.00906268620732,-57.145576075602506,167.9905802408854,60.83773895982163,-58.245167061244686,168.37198893229166,69.54257947760938,-64.34855342348308
587,587.jpg,data/processed/wang/elephants/587.jpg,elephants,117.29222615559895,49.57320882939558,17.07514468801002,116.76454671223958,46.75587404152876,-6.054736757424356,107.5586446126302,52.50781830365769,35.510984991702905
588,588.jpg,data/processed/wang/elephants/588.jpg,elephants,134.54122924804688,46.198857573533424,-15.964174701670881,137.08047485351562,47.13336073620773,16.158141287983234,130.51949055989584,57.16458716190919,24.683722578984238
589,589.jpg,data/processed/wang/elephants/589.jpg,elephants,155.86480712890625,57.31104519154664,-50.721127975772134,156.88923136393228,62.20362009390191,-54.083533407507275,161.73204549153647,71.34071921335065,-60.42633837646287
590,590.jpg,data/processed/wang/elephants/590.jpg,elephants,115.37528483072917,47.901175278892794,-28.921229150447907,138.3250935872396,52.67748867110782,-46.855241508918425,149.23893229166666,70.55629853819417,-59.512939518170654
591,591.jpg,data/processed/wang/elephants/591.jpg,elephants,123.9457295735677,63.365645197738125,-37.07456412900972,140.8370361328125,63.94189082607276,-53.266934477464886,148.18447875976562,76.34479474268491,-64.58751946609108
592,592.jpg,data/processed/wang/elephants/592.jpg,elephants,163.3508097330729,54.87648632500843,-49.13345125567935,164.28790283203125,60.16220950712848,-50.567732585078765,161.7254638671875,68.31468411299767,-53.88682958268218
593,593.jpg,data/processed/wang/elephants/593.jpg,elephants,153.55148315429688,54.154951981274976,-47.96925857706043,158.33037312825522,56.679053906110944,-52.4421995191615,168.81139119466147,66.77063598952583,-62.164986957192575
594,594.jpg,data/processed/wang/elephants/594.jpg,elephants,141.11227416992188,44.23052030547674,-35.06791182998384,142.04537963867188,44.34187810804455,-35.067664080757204,132.76763916015625,50.76782939782762,-30.225280133077963
595,595.jpg,data/processed/wang/elephants/595.jpg,elephants,159.24488321940103,57.36817162808215,-52.185325024360296,160.24628702799478,61.201965691470825,-54.30648619280164,164.59829711914062,70.64784456615104,-60.47911953111097
596,596.jpg,data/processed/wang/elephants/596.jpg,elephants,142.76718139648438,75.01407979280468,-64.50039297902762,148.62671915690103,75.71026942252495,-67.03448753446798,154.3186238606771,83.8740054857178,-74.69802512775452
597,597.jpg,data/processed/wang/elephants/597.jpg,elephants,131.48066202799478,56.89273626324719,27.958041310146633,130.7816365559896,56.038553192165516,-15.354428116694208,128.50042724609375,63.848950153388245,-20.653313373197477
598,598.jpg,data/processed/wang/elephants/598.jpg,elephants,109.04163614908855,51.97967803029914,39.73225202694681,139.3564249674479,50.07908068977969,-44.12713382399731,145.72095743815103,70.66821656237973,-58.33415561417135
599,599.jpg,data/processed/wang/elephants/599.jpg,elephants,171.17821248372397,64.03529615613161,-66.99765355830766,174.60648600260416,66.76598604333888,-69.85750970780259,176.45181274414062,72.08789248500597,-73.97868276609219
600,600.jpg,data/processed/wang/flowers/600.jpg,flowers,97.02171834309895,95.5924253812846,72.38241755750315,67.9871826171875,61.768283117279246,50.61224665997099,14.7183837890625,12.099326197174065,16.703727767706795
601,601.jpg,data/processed/wang/flowers/601.jpg,flowers,101.64456176757812,45.12622695708488,22.987420163372867,64.24124145507812,48.1146084178353,22.48355350625465,41.75416056315104,32.43983435170734,33.020176575071254
602,602.jpg,data/processed/wang/flowers/602.jpg,flowers,113.78436279296875,63.99953785749197,-35.153512851775034,28.05462646484375,37.809184472825116,42.14498238565841,36.39319864908854,26.27330405695294,26.185418886935516
603,603.jpg,data/processed/wang/flowers/603.jpg,flowers,90.21065266927083,89.85455346076746,65.07450419524444,21.377431233723957,23.694178069539007,25.411766717703543,18.947489420572918,20.68077678930606,23.06980473807166
604,604.jpg,data/processed/wang/flowers/604.jpg,flowers,65.4217020670573,78.68385553927912,70.69582648298241,58.13923136393229,69.15315191811564,63.367028290386685,55.012237548828125,66.8546080516455,64.6627416979708
605,605.jpg,data/processed/wang/flowers/605.jpg,flowers,106.68478393554688,82.67788103802327,66.58410286226291,56.74213663736979,41.39336061440665,39.77536207816816,36.18456013997396,25.468097856669516,24.631201229925935
606,606.jpg,data/processed/wang/flowers/606.jpg,flowers,77.89642333984375,83.20701669439579,80.60726925615317,48.7479248046875,42.51612309739244,40.965270538994986,54.19273885091146,55.25098568384804,58.78713756409306
607,607.jpg,data/processed/wang/flowers/607.jpg,flowers,100.67235310872395,78.75369055901461,49.74481932654446,66.02762858072917,52.07931035512253,47.07418305101088,61.9681396484375,53.249294338499986,52.06441097125466
608,608.jpg,data/processed/wang/flowers/608.jpg,flowers,129.78546142578125,63.87372460981825,-52.94330525753613,32.923441569010414,44.739723070748546,49.227535350811756,40.64862060546875,26.87375592387478,24.945124934819745
609,609.jpg,data/processed/wang/flowers/609.jpg,flowers,104.53759765625,84.4366537282773,-45.196613295616444,76.19235229492188,62.424279962736634,-18.975296676374306,11.430287679036459,13.35942992399484,16.810168694083956
610,610.jpg,data/processed/wang/flowers/610.jpg,flowers,105.14722696940105,47.35100181071087,-28.57142430211387,50.95819091796875,52.44078596629134,47.55278841384796,37.44273885091146,36.584426528990114,38.26480054574182
611,611.jpg,data/processed/wang/flowers/611.jpg,flowers,61.596649169921875,73.19762475836275,66.50141275254855,55.168782552083336,64.39904214212979,58.845789806582935,43.10637410481771,53.15475429071914,53.60436750657014
612,612.jpg,data/processed/wang/flowers/612.jpg,flowers,84.65699259440105,84.39118702833765,64.16194364062598,46.349934895833336,53.03580443357425,58.287787401954375,60.489156087239586,63.854352880273666,60.9070330676017
613,613.jpg,data/processed/wang/flowers/613.jpg,flowers,73.96755981445312,81.61051737182845,62.01246321598715,34.71052042643229,39.477410182422716,35.912285966514915,45.140625,50.60684172322176,43.214783944594345
614,614.jpg,data/processed/wang/flowers/614.jpg,flowers,99.70259602864583,95.94367510629642,71.52819556918844,46.3192138671875,41.05660143969333,38.75070673693428,32.47227986653646,28.741433361705305,29.492742194566652
615,615.jpg,data/processed/wang/flowers/615.jpg,flowers,91.62515258789062,94.18016287250582,65.74459270043585,54.527750651041664,55.82425508515833,46.75372177258967,34.18377685546875,35.16045401474678,32.255268153459994
616,616.jpg,data/processed/wang/flowers/616.jpg,flowers,68.2975362141927,49.755852933663206,37.061249427239176,20.046966552734375,24.247281193950865,28.87718573449272,19.415079752604168,11.74558519719213,15.558327923443985
617,617.jpg,data/processed/wang/flowers/617.jpg,flowers,77.09243774414062,85.38648021318363,68.37902948489878,55.03032430013021,60.62439917644694,50.36105946965233,42.793721516927086,51.15302462566693,50.302144626106326
618,618.jpg,data/processed/wang/flowers/618.jpg,flowers,74.29820760091145,75.64439311030851,62.84052311400899,14.297495524088541,16.747347871223905,21.69185341201088,31.937204996744793,29.316293454570946,30.199761532780336
619,619.jpg,data/processed/wang/flowers/619.jpg,flowers,102.1827392578125,86.58537106146704,62.69724607889391,42.03886922200521,26.40638415290109,18.663809305045742,37.564483642578125,23.634762582721468,17.52699726519296
620,620.jpg,data/processed/wang/flowers/620.jpg,flowers,88.66302490234375,58.70244894582069,41.67948594418406,35.08606974283854,37.431798979318955,38.63708191386827,34.36474609375,29.5864198314809,31.35937851440447
621,621.jpg,data/processed/wang/flowers/621.jpg,flowers,76.42115275065105,82.41607249365404,74.52455550537746,27.144429524739582,29.186138529571387,33.762753274217744,33.756612141927086,33.86505104007518,37.273347580216694
622,622.jpg,data/processed/wang/flowers/622.jpg,flowers,74.10792032877605,67.80642869516201,65.64933538834185,34.79322306315104,37.63377450011972,40.151197932422875,50.84538777669271,58.791486405666056,62.79342078926655
623,623.jpg,data/processed/wang/flowers/623.jpg,flowers,81.87013753255208,77.56670937218746,73.35953765067684,67.26566569010417,58.665703032252544,55.288893788837285,26.238932291666668,20.46235784969203,20.9387689227409
624,624.jpg,data/processed/wang/flowers/624.jpg,flowers,100.61135864257812,69.25484980832806,44.41572759079024,36.65632120768229,40.33650617224966,41.11519456591961,45.76056925455729,32.711602920718306,27.86355017393133
625,625.jpg,data/processed/wang/flowers/625.jpg,flowers,65.4354960123698,78.35939310844694,66.20974489133579,57.96898396809896,69.29029780418665,59.51526660043229,49.551849365234375,62.44352817592378,58.725056635417914
626,626.jpg,data/processed/wang/flowers/626.jpg,flowers,95.84747314453125,86.6528366603253,58.26457766147517,22.508514404296875,22.390618383599225,24.775641965099297,19.659088134765625,18.968512969119313,22.07649281619485
627,627.jpg,data/processed/wang/flowers/627.jpg,flowers,73.67462158203125,79.66779937019277,61.30831172703195,70.92360432942708,74.49424228264436,57.15774014152109,61.551371256510414,69.24698993738672,58.87790092378289
628,628.jpg,data/processed/wang/flowers/628.jpg,flowers,100.9749247233073,87.7701862987652,51.42833970974975,74.11533610026042,62.971399047302434,41.88451303534488,15.511647542317709,15.746506290711086,20.137273864691583
629,629.jpg,data/processed/wang/flowers/629.jpg,flowers,78.70212809244792,75.79567985166206,63.38091270414607,34.948893229166664,42.93845253347015,46.170076625815895,45.95598347981771,45.14951296662484,43.84562298526983
630,630.jpg,data/processed/wang/flowers/630.jpg,flowers,114.71645100911458,92.4294749994161,-37.87181218631631,27.081319173177082,27.871364281734518,31.433858654035085,32.212931315104164,28.660741786068698,28.87200939896497
631,631.jpg,data/processed/wang/flowers/631.jpg,flowers,97.69797770182292,91.71953229797778,69.65254052508269,45.605926513671875,44.90565388598487,43.307734659406975,32.040791829427086,31.41719019792989,33.84310663053695
632,632.jpg,data/processed/wang/flowers/632.jpg,flowers,95.02979532877605,83.45917600200919,59.57839097217405,52.741048177083336,61.660078926938816,66.8444990605953,51.844217936197914,58.04243410851725,63.601539098892985
633,633.jpg,data/processed/wang/flowers/633.jpg,flowers,103.35459391276042,89.77659976775048,-21.509671838245744,65.69446818033855,57.18142545433891,30.31920545350965,12.468973795572916,12.927897255402886,15.956553126234933
634,634.jpg,data/processed/wang/flowers/634.jpg,flowers,102.31508382161458,65.24961122857076,25.834217157235656,33.683074951171875,38.5030639486268,41.19291663105665,35.4886474609375,26.103622393776845,26.12777407275326
635,635.jpg,data/processed/wang/flowers/635.jpg,flowers,91.767578125,88.01196667918168,66.9804951323944,36.11316935221354,31.074090176731676,38.628494619099335,49.394500732421875,44.392781321727966,40.12101622299177
636,636.jpg,data/processed/wang/flowers/636.jpg,flowers,103.09086100260417,90.67115498239065,56.14617629346816,50.457255045572914,47.828790328233275,45.94367158429235,24.361419677734375,19.63233687378533,19.68713307328098
637,637.jpg,data/processed/wang/flowers/637.jpg,flowers,71.34860229492188,69.19070255303869,57.26017053110857,20.89276123046875,27.361957756494405,32.0236120448333,33.884501139322914,32.77253714526328,33.685902477998575
638,638.jpg,data/processed/wang/flowers/638.jpg,flowers,89.21614583333333,87.03116568792046,65.36574056483695,60.21404012044271,55.47068891324303,45.45612010877687,53.40290323893229,51.774919461766196,45.77671264633928
639,639.jpg,data/processed/wang/flowers/639.jpg,flowers,75.6832784016927,67.34795700807551,56.09703104018456,44.962748209635414,30.621121669275663,21.85477242934322,19.408376057942707,15.367831161570377,14.506868193196752
640,640.jpg,data/processed/wang/flowers/640.jpg,flowers,86.434326171875,59.52899540597551,58.46918068531918,56.385457356770836,29.804989597133325,-18.192840628554357,63.50885009765625,53.253448451120875,58.730576414764684
641,641.jpg,data/processed/wang/flowers/641.jpg,flowers,95.16408284505208,89.73646421201578,59.29767042751507,75.84318033854167,64.56838340818705,42.56024665145364,14.077911376953125,16.339184687918458,22.50337097180814
642,642.jpg,data/processed/wang/flowers/642.jpg,flowers,73.06631469726562,72.65969096735999,60.053328568009206,74.14890543619792,69.61279689042848,55.171247441792424,62.76299031575521,66.88019511918125,59.56806747395197
643,643.jpg,data/processed/wang/flowers/643.jpg,flowers,100.17643229166667,67.02235927392105,36.284172603700796,29.446044921875,29.909266582807067,29.343535630851576,22.4998779296875,19.207381461023402,23.08430769967877
644,644.jpg,data/processed/wang/flowers/644.jpg,flowers,88.11927286783855,96.10382053248132,75.39835784520102,72.4065450032552,75.31770906011829,59.651824706122696,14.377848307291666,15.403817712593936,20.565255981771983
645,645.jpg,data/processed/wang/flowers/645.jpg,flowers,61.32366943359375,72.74282794471652,78.74446578119718,31.747599283854168,30.938017776573748,31.96588249233225,43.49022420247396,49.05160945650638,56.276704542889064
646,646.jpg,data/processed/wang/flowers/646.jpg,flowers,85.87766520182292,66.68728635195406,69.97593839013658,65.34935506184895,30.71357552132985,-25.81261441540086,46.795064290364586,30.359491162832658,31.777549742813584
647,647.jpg,data/processed/wang/flowers/647.jpg,flowers,83.8469950358073,87.23117486990938,63.12534909103083,74.5568135579427,74.23523862184163,51.45814046985011,38.97124226888021,43.40239158661147,42.2052238824359
648,648.jpg,data/processed/wang/flowers/648.jpg,flowers,101.76427205403645,99.63033533945254,54.555016554657726,31.634877522786457,34.12776676408591,33.51392710296516,47.795074462890625,48.74936614578735,42.1816341157633
649,649.jpg,data/processed/wang/flowers/649.jpg,flowers,68.92092895507812,92.65448000504985,89.64325436409607,34.40776570638021,45.721702255334336,49.40697674361172,26.819600423177082,34.74505430656455,37.759607830212374
650,650.jpg,data/processed/wang/flowers/650.jpg,flowers,73.04681396484375,68.25790300360897,60.837831078011135,26.424001057942707,29.105638733661216,32.66844431705302,30.186086018880207,27.33765276671916,36.76250302107089
651,651.jpg,data/processed/wang/flowers/651.jpg,flowers,62.87977091471354,67.6342335421848,67.45218694973133,53.98126220703125,52.862529031018475,54.191476930387466,53.490275065104164,63.07788670112172,67.25728922622217
652,652.jpg,data/processed/wang/flowers/652.jpg,flowers,75.45824178059895,73.9541832331133,70.93588876793058,38.912618001302086,29.608540381787638,32.408027602166044,54.70899454752604,59.55715174011422,64.24512126963813
653,653.jpg,data/processed/wang/flowers/653.jpg,flowers,68.54254150390625,78.20586713756632,68.40368363209102,47.167195638020836,52.41091112414874,49.81128443317546,15.835906982421875,20.70654453273504,27.02218482231313
654,654.jpg,data/processed/wang/flowers/654.jpg,flowers,99.57523600260417,55.9358245023129,40.920073755608485,64.26242065429688,41.41093567905599,21.907620742007452,69.24609375,57.03750630103573,55.335911783921574
655,655.jpg,data/processed/wang/flowers/655.jpg,flowers,59.97833251953125,70.5505797009868,74.38394317671023,34.564066569010414,43.31380658577581,50.648579727474086,28.847564697265625,38.745302076425396,50.50468686709522
656,656.jpg,data/processed/wang/flowers/656.jpg,flowers,51.67243448893229,73.22068608444238,78.52837266877876,51.70372517903646,70.32093294306979,74.18467877652824,49.348480224609375,69.90927749013403,75.60804482891724
657,657.jpg,data/processed/wang/flowers/657.jpg,flowers,72.8449198404948,56.36895289188768,44.6173593857152,17.61297607421875,19.51571082047818,24.356109214750052,25.603851318359375,15.324104002237238,17.738373576091085
658,658.jpg,data/processed/wang/flowers/658.jpg,flowers,64.4764404296875,80.97457030910088,76.47630431422436,57.109781901041664,69.68335198453136,65.16071037565365,30.771870930989582,39.39736829220743,43.44018311146007
659,659.jpg,data/processed/wang/flowers/659.jpg,flowers,56.220245361328125,71.0082182425398,70.83925945608023,17.721710205078125,27.219414455419532,36.462886982270604,21.320668538411457,29.161457618047425,36.92818445614836
660,660.jpg,data/processed/wang/flowers/660.jpg,flowers,53.99798583984375,72.97992486708876,71.40401686693687,22.779449462890625,35.56598062048041,41.933524972435194,33.23876953125,49.8522156393275,56.3639483689581
661,661.jpg,data/processed/wang/flowers/661.jpg,flowers,58.741739908854164,74.49423579796263,74.02571565835424,45.605926513671875,55.50658398197858,57.849587263629374,50.755615234375,66.84012084642514,70.06501812411072
662,662.jpg,data/processed/wang/flowers/662.jpg,flowers,52.980611165364586,63.06011654278397,68.67094749498764,18.336639404296875,25.48828505990425,37.192486627066536,20.628560384114582,28.43270786765256,43.32595585496027
663,663.jpg,data/processed/wang/flowers/663.jpg,flowers,60.31739298502604,64.09025043817165,57.62569262170379,10.579793294270834,11.764571052683005,15.46754671979399,28.11614990234375,28.685170871334083,32.10078533270384
664,664.jpg,data/processed/wang/flowers/664.jpg,flowers,47.80372111002604,66.9662314420666,69.153579458972,26.82440185546875,38.27567280068402,43.15169500030317,34.53216552734375,50.4810403206016,55.90048405747238
665,665.jpg,data/processed/wang/flowers/665.jpg,flowers,70.59200032552083,86.5156632105674,83.44216598181765,28.465403238932293,35.020250596292776,43.62791830436241,48.02826944986979,58.77284542721231,65.21974934029345
666,666.jpg,data/processed/wang/flowers/666.jpg,flowers,97.0933125813802,90.35856764189026,72.04309019961674,46.69202677408854,41.859918030670336,38.74657201408147,31.592824300130207,27.53744435595137,26.986875888116327
667,667.jpg,data/processed/wang/flowers/667.jpg,flowers,81.6788330078125,50.75248244812508,32.10242165740253,55.42811075846354,50.11781184240334,40.58021399537549,45.05498250325521,38.92497089487896,34.32459853910949
668,668.jpg,data/processed/wang/flowers/668.jpg,flowers,122.89956665039062,55.62034846223912,-48.67313365524218,25.714548746744793,30.47953083714902,37.49427301144481,59.344401041666664,34.85258844226099,30.581585417518795
669,669.jpg,data/processed/wang/flowers/669.jpg,flowers,86.41245524088542,59.65762134858497,58.65659161657027,40.90021769205729,31.099911749996302,27.726908096131133,36.326690673828125,24.271560644044172,26.58115062703726
670,670.jpg,data/processed/wang/flowers/670.jpg,flowers,91.76898193359375,81.79819619847108,49.672026585191354,78.06655883789062,67.61273736571025,42.8630238109577,30.40093994140625,31.91508396613941,33.14387609868976
671,671.jpg,data/processed/wang/flowers/671.jpg,flowers,76.26267496744792,87.1614898762861,78.45105115967853,48.82909138997396,52.111670438850425,49.96643361915187,56.703348795572914,66.60036083483212,65.45004406196358
672,672.jpg,data/processed/wang/flowers/672.jpg,flowers,85.91984049479167,72.87290323201648,64.7360728285384,44.66668701171875,39.082163366872564,33.676431736498444,45.85924275716146,33.54841923135391,30.758156740660628
673,673.jpg,data/processed/wang/flowers/673.jpg,flowers,98.76500447591145,84.58024337672188,60.72733361091694,31.54852294921875,24.230909780384184,22.386422585748498,24.2698974609375,19.258249625428554,19.441069290092443
674,674.jpg,data/processed/wang/flowers/674.jpg,flowers,94.40997314453125,78.03512077705803,56.883841420973624,42.43004353841146,37.78598670558751,37.472216650420236,63.42273966471354,56.39487719415867,58.26187728304882
675,675.jpg,data/processed/wang/flowers/675.jpg,flowers,77.1897684733073,88.17746104835237,82.47951296662036,64.10689290364583,66.15830740493439,62.10224411312962,19.751149495442707,21.853325238874817,27.976680391053
676,676.jpg,data/processed/wang/flowers/676.jpg,flowers,91.15116373697917,44.01705852867511,39.27601225232688,83.26572672526042,43.96900642342822,28.889129031812633,52.01325480143229,43.543405878334426,44.838660455449826
677,677.jpg,data/processed/wang/flowers/677.jpg,flowers,80.57982381184895,57.67511032903495,51.912008177499466,36.985432942708336,33.11063606427381,38.682159829416136,57.005533854166664,25.553731915694165,25.35009048372284
678,678.jpg,data/processed/wang/flowers/678.jpg,flowers,49.36756388346354,49.77046943549945,51.93848312020835,24.142598470052082,33.76491897764548,49.194752489956905,21.471476236979168,25.699582222313527,38.65321431831875
679,679.jpg,data/processed/wang/flowers/679.jpg,flowers,75.44418334960938,79.25272925355287,82.39020834725304,72.47193400065105,60.50259541524372,60.79375531587611,20.723958333333332,20.860871935727825,27.9992374192866
680,680.jpg,data/processed/wang/flowers/680.jpg,flowers,102.4827880859375,44.663910002873756,30.845024896181094,68.08200073242188,48.76322561901702,19.026100436103846,45.22101847330729,31.598075642581062,28.845018202990858
681,681.jpg,data/processed/wang/flowers/681.jpg,flowers,48.31489054361979,53.816190202518406,71.93734840703794,43.039347330729164,26.51526970698052,27.922691573330468,36.319803873697914,39.27196651015602,53.83764346337764
682,682.jpg,data/processed/wang/flowers/682.jpg,flowers,48.471659342447914,54.84223598661489,73.1516344983124,44.265472412109375,27.04620231749366,25.379734397109917,36.335367838541664,28.799072065786635,36.30133702321117
683,683.jpg,data/processed/wang/flowers/683.jpg,flowers,94.29897054036458,56.052646527141995,51.90125308735118,72.04000854492188,34.97232642219826,20.876979472501617,75.28324381510417,51.18132062942685,46.98364867325664
684,684.jpg,data/processed/wang/flowers/684.jpg,flowers,44.66637166341146,66.015524761962,81.0741041138689,37.83416748046875,48.57958187478409,57.949059174709745,31.905314127604168,54.12847975320257,72.497188743526
685,685.jpg,data/processed/wang/flowers/685.jpg,flowers,63.412760416666664,68.41691743570108,67.2905212334168,58.525665283203125,61.22568634520707,61.279000053140535,43.78192138671875,51.01300409921221,56.06532075212317
686,686.jpg,data/processed/wang/flowers/686.jpg,flowers,51.884307861328125,45.70855661648608,54.03747141566229,39.671773274739586,35.270999569175125,39.179751740181366,50.4498291015625,42.14026152516849,43.038958942965756
687,687.jpg,data/processed/wang/flowers/687.jpg,flowers,87.58815511067708,86.61565228280442,77.30509446847661,50.789082845052086,36.47783567540461,35.152973804064644,46.64393107096354,52.782070591291735,53.81124207259138
688,688.jpg,data/processed/wang/flowers/688.jpg,flowers,68.91260782877605,74.46585045953913,59.879937677330574,11.208628336588541,24.25837111907219,42.06963263991428,20.188975016276043,30.038295871489538,46.70075788715021
689,689.jpg,data/processed/wang/flowers/689.jpg,flowers,102.07954915364583,67.50444546794499,-49.2130229922603,86.0813700358073,60.63749050153852,-33.86314241168709,93.54502360026042,66.28264466986369,-38.70053756150823
690,690.jpg,data/processed/wang/flowers/690.jpg,flowers,89.58140055338542,75.86537377537603,60.63912834686124,42.48016357421875,37.045491520095005,37.99404720438362,63.223836263020836,55.519693880260405,53.28680116498292
691,691.jpg,data/processed/wang/flowers/691.jpg,flowers,79.69099934895833,56.17557991123261,62.614439513035364,83.55025227864583,39.24720909789785,-37.90822058208675,61.731343587239586,22.59446874220103,20.15273018148233
692,692.jpg,data/processed/wang/flowers/692.jpg,flowers,59.671000162760414,62.075520081203415,52.72954556883718,71.81834920247395,57.73432965274605,48.341531958722896,54.41612752278646,53.62356818920634,52.458666132164275
693,693.jpg,data/processed/wang/flowers/693.jpg,flowers,94.84426879882812,76.53186507845004,65.39371877982026,65.06112670898438,42.23198533364744,44.51934939067945,68.0995585123698,46.05693098472989,44.69304452712152
694,694.jpg,data/processed/wang/flowers/694.jpg,flowers,141.43705240885416,50.304714645801944,-53.32675976833044,66.92843627929688,49.276384239859986,37.390614419431984,112.39539591471355,49.64173222532019,-25.969062246616343
695,695.jpg,data/processed/wang/flowers/695.jpg,flowers,109.08912150065105,81.38759496934362,65.81178289254726,76.7344258626302,49.03011674867426,23.44280641698639,92.23476155598958,43.56386536485777,38.53269745059752
696,696.jpg,data/processed/wang/flowers/696.jpg,flowers,163.8230183919271,65.44185683425671,-69.9011480743878,36.291341145833336,46.43022778471079,56.972523136456275,52.51673380533854,31.794161059843837,35.47924019503735
697,697.jpg,data/processed/wang/flowers/697.jpg,flowers,57.555999755859375,83.76020601835324,87.95525845920383,77.45694986979167,34.43292760744986,22.11825915528023,60.79558308919271,38.90230240104339,37.74444764175466
698,698.jpg,data/processed/wang/flowers/698.jpg,flowers,71.87825520833333,68.270557699849,60.79957677588074,71.33907063802083,38.47483790782518,35.320357530620996,37.104471842447914,35.16665717982228,37.75674246974559
699,699.jpg,data/processed/wang/flowers/699.jpg,flowers,57.47406005859375,81.47707276007422,86.0550057636325,49.647440592447914,28.50305462732205,25.986965960832567,39.126251220703125,34.212969227288205,36.40577337935569
700,700.jpg,data/processed/wang/horses/700.jpg,horses,103.3993631998698,56.740030622426865,56.695415047525366,107.46628824869792,49.32454035428058,48.21341714202292,66.198486328125,56.29125613196535,67.38526421940804
701,701.jpg,data/processed/wang/horses/701.jpg,horses,74.82145182291667,47.612497004848855,45.74633682206672,86.84379069010417,45.10898343178616,29.83144906746068,54.58867390950521,41.04999341691688,49.2522475663511
702,702.jpg,data/processed/wang/horses/702.jpg,horses,84.69854736328125,42.18115629781046,32.70997757073194,113.7350565592448,48.18632736639192,-29.349136710596163,70.92957560221355,37.56733828367338,33.73706472711425
703,703.jpg,data/processed/wang/horses/703.jpg,horses,111.29219563802083,45.29891644600098,12.165740529553378,128.80264282226562,42.73770459413768,-36.14956673676511,95.16099039713542,40.91179966248466,-18.43702042307662
704,704.jpg,data/processed/wang/horses/704.jpg,horses,98.91855875651042,41.624806444349844,32.431662130904584,109.82425944010417,38.17881808984372,-22.027082199870335,63.623514811197914,37.6663317302334,44.02549245649981
705,705.jpg,data/processed/wang/horses/705.jpg,horses,91.92148844401042,58.963909084645564,49.74484028881868,111.3948262532552,54.649293071750805,26.402994222743104,59.434844970703125,50.71433258038066,60.28014436846348
706,706.jpg,data/processed/wang/horses/706.jpg,horses,75.19578043619792,42.43473873719478,36.11703230330235,84.3963623046875,38.65732051177351,26.587464833766916,49.991373697916664,33.90709404624836,39.48715414947833
707,707.jpg,data/processed/wang/horses/707.jpg,horses,92.28720092773438,40.570890003096856,37.41212989829559,107.6969502766927,38.198143586817615,-13.950885104806357,68.42338053385417,33.88916063520857,40.58225600591219
708,708.jpg,data/processed/wang/horses/708.jpg,horses,95.86123657226562,49.91606583474709,35.21167660307043,107.83851114908855,49.01412400787384,-21.370723881383853,74.29210408528645,46.45663576567881,45.91811872428721
709,709.jpg,data/processed/wang/horses/709.jpg,horses,68.83700561523438,58.83399820423366,69.60107925151004,65.30291748046875,51.377200359193615,61.97776043526559,48.15235392252604,54.99383262460053,69.36264322639877
710,710.jpg,data/processed/wang/horses/710.jpg,horses,102.9537862141927,55.78644961566876,56.85965519041059,102.37619018554688,53.960120756604546,51.28445204851209,68.54146321614583,57.48299689478737,67.79072902042617
711,711.jpg,data/processed/wang/horses/711.jpg,horses,122.85433959960938,45.20640476375327,19.292331808465814,146.5025838216146,43.63320246390537,-39.84452948845811,66.54989624023438,34.34541240546412,41.671608892388974
712,712.jpg,data/processed/wang/horses/712.jpg,horses,84.97025553385417,53.605310439582624,52.812901527480804,96.18077596028645,48.029522657382955,38.68389774956139,68.74953206380208,50.396017050262856,55.1200014356819
713,713.jpg,data/processed/wang/horses/713.jpg,horses,54.01751708984375,51.104828635690914,63.560609208458686,66.24888102213542,44.98913905175704,47.44932372458104,42.915985107421875,44.67401014714688,58.35043625036076
714,714.jpg,data/processed/wang/horses/714.jpg,horses,69.5410664876302,49.22241742026325,47.23689039420677,77.74937947591145,48.122902084758834,37.30703691394788,58.625325520833336,44.36262412580696,55.9473266853917
715,715.jpg,data/processed/wang/horses/715.jpg,horses,43.709859212239586,42.96975171707027,51.64266034574862,57.45960489908854,44.40586487019408,43.7712752021348,42.838409423828125,41.928309230957694,57.15509321526683
716,716.jpg,data/processed/wang/horses/716.jpg,horses,122.28305053710938,50.331671457249975,-35.97847004270009,129.20875040690103,57.80921313440264,-50.782521415029564,78.7656962076823,38.77102927688773,-18.897191106127842
717,717.jpg,data/processed/wang/horses/717.jpg,horses,107.13595581054688,70.16798733932235,63.95670381022933,110.3590799967448,64.92898481889716,57.24452304509881,79.72869873046875,74.21997041178228,75.50762358103313
718,718.jpg,data/processed/wang/horses/718.jpg,horses,60.91688028971354,41.67246401264564,47.14259583987488,76.6674092610677,42.12913388105308,35.689154632088616,38.5272216796875,34.94325890822564,48.68593648880706
719,719.jpg,data/processed/wang/horses/719.jpg,horses,129.78459676106772,42.52139878482934,-30.472369132366637,152.99322509765625,49.307686418453486,-53.677307336942235,111.74600219726562,38.210999919133,-37.851578424261064
720,720.jpg,data/processed/wang/horses/720.jpg,horses,100.31973266601562,38.922488856436765,22.62792528161132,135.51111857096353,42.18370158529566,-39.251765278207046,107.8172098795573,36.45884083226475,-22.981917012202235
721,721.jpg,data/processed/wang/horses/721.jpg,horses,76.02718098958333,53.18527939017518,53.945324918421356,81.99854532877605,50.68112834120772,45.93493726164314,50.324066162109375,47.97162098920111,63.993434184956314
722,722.jpg,data/processed/wang/horses/722.jpg,horses,64.09987386067708,47.795567305484504,61.13529020779449,75.37583414713542,40.672911254997075,48.02719572460877,45.516143798828125,43.28911259760861,59.401773586688414
723,723.jpg,data/processed/wang/horses/723.jpg,horses,71.82283528645833,55.870585495426624,62.71688201842837,73.4527079264323,46.82020583671744,51.45515547032224,48.20881144205729,48.523410322858,60.26678670233744
724,724.jpg,data/processed/wang/horses/724.jpg,horses,83.34757486979167,55.297521444525934,59.32574938402681,80.11305745442708,48.80174823813114,49.83278688909974,59.159942626953125,49.0592523787134,59.91491055277534
725,725.jpg,data/processed/wang/horses/725.jpg,horses,83.90936279296875,56.55194408493862,53.756388810689565,95.70975748697917,50.71993582068819,36.35976640503782,51.63470458984375,49.13872320133144,60.04895991543935
726,726.jpg,data/processed/wang/horses/726.jpg,horses,120.37139892578125,47.32050019409324,-18.314532972738323,143.10833740234375,51.79672183379278,-47.88501726263799,65.7877705891927,25.931456228632335,16.670096980702027
727,727.jpg,data/processed/wang/horses/727.jpg,horses,100.86739095052083,40.732422491038186,32.82920933643247,125.526123046875,37.64713794977087,-25.967037887588823,70.931640625,23.224783536616062,19.431609367069072
728,728.jpg,data/processed/wang/horses/728.jpg,horses,85.89801025390625,42.81138079375616,35.228170310558966,130.87898763020834,43.57174885808384,-32.12243368996835,93.56545003255208,40.90761284953138,18.771692700223312
729,729.jpg,data/processed/wang/horses/729.jpg,horses,83.94435628255208,52.75690159575087,48.31681038185444,93.56594848632812,49.68566378862379,37.729802045470265,47.877766927083336,42.01489347936509,53.37073818896518
730,730.jpg,data/processed/wang/horses/730.jpg,horses,63.342529296875,53.576814959946965,62.031990818453146,68.38792928059895,48.26869182906794,49.77942954973234,42.23155721028646,45.13733317175455,60.511887251374915
731,731.jpg,data/processed/wang/horses/731.jpg,horses,108.17189534505208,54.95821271086936,-23.518915521831588,130.52269490559897,47.53034890952086,-22.33405658007335,70.23458862304688,24.727270747443804,19.955555352673038
732,732.jpg,data/processed/wang/horses/732.jpg,horses,71.95379638671875,43.07936072680008,50.07250086452871,95.40091959635417,40.08501440299351,30.81857539973593,55.743927001953125,41.5396909916,52.227869321415284
733,733.jpg,data/processed/wang/horses/733.jpg,horses,54.223653157552086,46.148513191569464,57.74047009312289,70.34396362304688,42.46406915942172,44.5171630605039,34.44147745768229,40.28355980837216,58.45324590434073
734,734.jpg,data/processed/wang/horses/734.jpg,horses,86.99308268229167,53.76772313487943,56.84474002674841,100.01661173502605,48.39821511259237,37.77522468860265,56.753031412760414,50.99359749857176,64.0320872871274
735,735.jpg,data/processed/wang/horses/735.jpg,horses,55.576324462890625,49.50233544771587,58.02335158276455,82.59231567382812,48.75612318767383,38.81608997392276,40.20708211263021,44.28039442896185,60.22031175474916
736,736.jpg,data/processed/wang/horses/736.jpg,horses,68.09183756510417,55.05490967691719,60.758581566919005,74.93909708658855,50.8300348972416,48.922072682227025,44.918009440104164,45.915567188731664,60.80104324340496
737,737.jpg,data/processed/wang/horses/737.jpg,horses,62.76025390625,43.94681127815262,45.73703535837133,80.09598795572917,45.341874038882956,32.41659372180505,51.07030232747396,35.97075837927632,46.92507682049598
738,738.jpg,data/processed/wang/horses/738.jpg,horses,126.50742594401042,34.85188102576016,-28.13215722318562,163.16597493489584,43.39655640623971,-48.0720194567097,87.87354532877605,24.40505563900272,-18.62601311985498
739,739.jpg,data/processed/wang/horses/739.jpg,horses,85.0161641438802,52.30658208106946,56.075602991407834,103.66788736979167,45.741391697422166,36.58873214202856,58.40723673502604,49.150921153627515,61.65064480637945
740,740.jpg,data/processed/wang/horses/740.jpg,horses,48.541290283203125,51.90465572721478,64.67030396486842,71.48221842447917,47.581526856288754,43.09336401130257,38.179951985677086,44.7508570582969,60.30551140795459
741,741.jpg,data/processed/wang/horses/741.jpg,horses,120.08860270182292,37.52103146543949,26.36752505615905,155.46703084309897,40.531852491034826,-40.382423934650234,79.001708984375,23.576780103899974,-6.785147786741698
742,742.jpg,data/processed/wang/horses/742.jpg,horses,60.91399129231771,42.319419492211864,52.13631643034361,72.76888020833333,38.26114493283738,38.73327320977401,41.566070556640625,36.76676394167351,51.18741417819513
743,743.jpg,data/processed/wang/horses/743.jpg,horses,97.67628987630208,42.80726959387434,37.34949253480463,126.54471842447917,41.32541114004823,-34.870413247746015,64.97569783528645,39.674342797086155,47.36189362160874
744,744.jpg,data/processed/wang/horses/744.jpg,horses,157.0733846028646,37.073467085036306,-34.01321566683973,157.99386596679688,49.271842778359016,-41.678133441066976,88.90396118164062,27.261780840500833,-19.086197362050505
745,745.jpg,data/processed/wang/horses/745.jpg,horses,85.07987467447917,46.869815557920774,46.56569712675025,110.14585367838542,44.5551145335643,-16.386606840507397,56.133087158203125,41.31783009928837,51.79052707198909
746,746.jpg,data/processed/wang/horses/746.jpg,horses,119.1539306640625,33.090918972871556,-13.209237026386818,139.8525187174479,38.99380858957965,-38.73101193497942,75.32562255859375,23.299989579030473,-12.846162391724228
747,747.jpg,data/processed/wang/horses/747.jpg,horses,98.41872151692708,54.724166891651016,52.64981687248381,110.7430928548177,42.6466992238797,30.235295124846232,67.97447713216145,51.6724176594881,57.7157325296945
748,748.jpg,data/processed/wang/horses/748.jpg,horses,96.55120849609375,38.36425580694766,26.957147519555228,118.44144694010417,34.385291867302705,-25.26168982369749,69.01588948567708,22.896175997121702,17.64082559456046
749,749.jpg,data/processed/wang/horses/749.jpg,horses,74.13922119140625,42.422986506451075,48.605231170651635,93.50633748372395,38.95527053865685,32.75248649793204,44.34083048502604,36.59076118452442,51.836093704226556
750,750.jpg,data/processed/wang/horses/750.jpg,horses,86.57474772135417,39.231183800735074,39.87659162889537,112.76512654622395,37.46447291803885,-22.074771073222585,55.857757568359375,32.67562536139069,41.855109126414035
751,751.jpg,data/processed/wang/horses/751.jpg,horses,78.68246459960938,43.26514149276112,49.23383351941918,96.05157470703125,38.51461323312895,29.58576011309375,57.100972493489586,40.3820005786482,51.101054373593286
752,752.jpg,data/processed/wang/horses/752.jpg,horses,67.39797973632812,46.59273312805724,56.919170538800714,90.72510782877605,39.55854580276208,35.10446542178738,48.023763020833336,42.49642635978577,56.90300053560331
753,753.jpg,data/processed/wang/horses/753.jpg,horses,109.25082397460938,42.57853717705433,26.329766692623956,122.81092325846355,47.80270322666727,-37.56180029247543,85.52627563476562,33.68142570015682,-19.055964788913265
754,754.jpg,data/processed/wang/horses/754.jpg,horses,98.84280395507812,55.22706220832251,31.572710188389596,108.26632690429688,56.420338179559,37.824072585017774,72.4611104329427,34.98090289506803,27.291742412218888
755,755.jpg,data/processed/wang/horses/755.jpg,horses,118.68992106119792,43.26512421625003,-29.601618100511953,143.26472981770834,50.528119978094885,-49.62378894956095,105.860595703125,41.987605806677145,-33.40370864325094
756,756.jpg,data/processed/wang/horses/756.jpg,horses,106.94336954752605,39.4760517309005,20.466673423014775,122.47933959960938,44.03807755761793,-38.07655961671807,89.27419026692708,36.22361612187439,-25.107715432972128
757,757.jpg,data/processed/wang/horses/757.jpg,horses,98.97122192382812,30.703814729785673,18.86415127516011,136.04638671875,27.49030081615019,-22.826346037599937,56.56684366861979,18.272059313412697,-9.059891840996883
758,758.jpg,data/processed/wang/horses/758.jpg,horses,89.58528645833333,49.56328084960474,46.9832913561871,111.5755615234375,47.50927159129956,-31.320374164532254,62.007364908854164,45.04805587743208,52.93076867495004
759,759.jpg,data/processed/wang/horses/759.jpg,horses,58.498453776041664,53.29408483503082,62.17952353854664,66.0745137532552,45.23887642968708,47.77965299084203,36.61968994140625,43.02194053069038,58.364167213400904
760,760.jpg,data/processed/wang/horses/760.jpg,horses,92.7591044108073,38.04608389614739,36.9909768606081,113.32616170247395,35.55447681956493,-26.415071151862215,54.99168904622396,37.02045050226885,45.95502028024667
761,761.jpg,data/processed/wang/horses/761.jpg,horses,105.16488647460938,40.937531602237755,23.790850226112962,136.8744913736979,53.79631164411279,-45.28381893633096,62.269927978515625,29.815661284767824,19.624432393061852
762,762.jpg,data/processed/wang/horses/762.jpg,horses,81.7890625,42.063405450878555,36.350949616092926,101.37088012695312,37.711703188636434,-32.68583397674914,47.101114908854164,24.773865142565672,20.090986864441028
763,763.jpg,data/processed/wang/horses/763.jpg,horses,49.234375,41.78194632148505,50.110399245134985,84.98934936523438,42.00808151831962,24.333754689065298,35.37591552734375,34.49843729028941,48.073835725055055
764,764.jpg,data/processed/wang/horses/764.jpg,horses,132.11944580078125,46.041666534183435,-33.5043694609932,155.98926798502603,60.82359728051453,-63.491631576297394,71.74463907877605,32.22380301866089,-18.838579668504284
765,765.jpg,data/processed/wang/horses/765.jpg,horses,83.7697041829427,45.51754627358868,33.636223422934435,101.17684936523438,50.713642141791986,-29.574642486138636,50.585103352864586,29.256671725046644,29.242692200708014
766,766.jpg,data/processed/wang/horses/766.jpg,horses,65.96107991536458,42.4924921432872,49.09092627008316,92.37083943684895,37.025221474438446,30.27737052735195,32.503519694010414,34.64122329275519,50.67446148349132
767,767.jpg,data/processed/wang/horses/767.jpg,horses,78.23470052083333,48.91082902027605,54.213126792935235,89.67801920572917,42.34806691458271,36.712194445874474,55.22894287109375,39.29041497231776,48.425585477525225
768,768.jpg,data/processed/wang/horses/768.jpg,horses,92.84115600585938,41.201629163392155,40.09975809768197,120.72745768229167,40.2558698203747,-30.611099330043533,57.530517578125,37.754680210001204,46.63385967078738
769,769.jpg,data/processed/wang/horses/769.jpg,horses,44.18409220377604,45.44531042761113,55.372366985145725,78.04880777994792,39.97139325123842,31.132523765537822,38.660542805989586,36.01946697374281,47.99104781091182
770,770.jpg,data/processed/wang/horses/770.jpg,horses,65.95743815104167,37.427589312487406,41.77604737539794,80.54341634114583,35.956206733804414,26.24391915102965,40.71820068359375,31.42575795902016,43.401665818478136
771,771.jpg,data/processed/wang/horses/771.jpg,horses,33.94676717122396,50.28870632550507,69.16007689375982,53.077128092447914,45.264200328383495,49.711393252779445,25.275787353515625,43.18327274834744,62.41826370340588
772,772.jpg,data/processed/wang/horses/772.jpg,horses,64.70651245117188,48.966409350669714,58.39119486954892,91.39684041341145,40.28937203189813,34.30714821502074,54.04804484049479,39.52921345887148,49.41208051453174
773,773.jpg,data/processed/wang/horses/773.jpg,horses,72.93819173177083,41.49401106955463,44.121889130552304,90.30538940429688,34.528178611859886,-18.701392441233114,52.09575398763021,31.408484138073067,37.04808380155377
774,774.jpg,data/processed/wang/horses/774.jpg,horses,100.40140787760417,34.77756385084198,-9.910836925431674,117.82954915364583,40.32672375106431,-39.840501783961635,59.58307902018229,24.27640388400156,-7.783551517118912
775,775.jpg,data/processed/wang/horses/775.jpg,horses,101.54935709635417,64.39754820706659,-28.636322822963503,121.3925272623698,65.52998473708978,-31.035288844911292,67.6259053548177,39.46529356347503,26.49050288457259
776,776.jpg,data/processed/wang/horses/776.jpg,horses,107.80415852864583,42.47415771607145,13.11532283546595,139.5909220377604,53.63639328401645,-49.57170284522921,66.46441650390625,30.819662859012446,12.191469226743816
777,777.jpg,data/processed/wang/horses/777.jpg,horses,95.22916666666667,45.216102488028525,31.783466643824323,109.25399780273438,48.50038979797646,-16.67579352552428,47.678690592447914,28.05704302995829,23.89088618162868
778,778.jpg,data/processed/wang/horses/778.jpg,horses,93.67716471354167,45.44670191598701,32.710353645519504,116.61564127604167,45.97850168820653,-30.684720507055843,60.45661417643229,34.08913942999831,37.41072641717519
779,779.jpg,data/processed/wang/horses/779.jpg,horses,49.983194986979164,49.579234634870666,60.97819730329512,76.00636800130208,46.052851737253526,36.10007481373768,29.473124186197918,42.43153125814204,59.236312707075015
780,780.jpg,data/processed/wang/horses/780.jpg,horses,83.15782674153645,33.614441955631754,28.277417242439434,124.17430623372395,37.500451693064846,-29.214464637236524,60.685638427734375,26.63823537599788,12.055482538524155
781,781.jpg,data/processed/wang/horses/781.jpg,horses,48.66313680013021,44.31582828823946,55.16933480103414,65.6742655436198,41.347599068632256,40.402817046256445,30.165669759114582,36.34344825553197,53.368368433891106
782,782.jpg,data/processed/wang/horses/782.jpg,horses,90.22857666015625,54.652250905864975,32.61242391416346,113.07167561848958,55.8071533443167,19.498702482142615,60.7894287109375,33.25448680222893,26.624870454321027
783,783.jpg,data/processed/wang/horses/783.jpg,horses,92.0155741373698,58.61968030020018,53.05723748469425,113.19420369466145,53.91269072495155,32.445885882261415,57.79887898763021,51.5093968419105,62.61247754427569
784,784.jpg,data/processed/wang/horses/784.jpg,horses,44.151702880859375,51.24491414509241,66.20509425585973,60.7518310546875,46.52340816434955,45.871825464841606,29.26788330078125,40.956385985463704,58.050492859708186
785,785.jpg,data/processed/wang/horses/785.jpg,horses,49.309061686197914,35.54690191274307,33.6855892661313,85.98838297526042,32.544209266419536,12.65866709224218,68.039306640625,34.68326740187975,-16.90220747425149
786,786.jpg,data/processed/wang/horses/786.jpg,horses,46.668558756510414,46.91671613598576,57.473869745450074,72.52588907877605,41.49858833728409,37.49063970265168,39.818206787109375,37.443888164551495,51.52927613224976
787,787.jpg,data/processed/wang/horses/787.jpg,horses,66.45272827148438,57.459582673690946,63.75632221739916,75.20867919921875,47.751379518926605,49.292987874221765,59.894561767578125,44.56780139781121,55.25182246625562
788,788.jpg,data/processed/wang/horses/788.jpg,horses,108.38848876953125,52.5817300427482,39.05475979143117,128.5545450846354,50.65487575823714,-30.16719782270505,69.48204549153645,46.242893456332844,54.44710455999257
789,789.jpg,data/processed/wang/horses/789.jpg,horses,89.5083719889323,40.11621442621761,39.05188408113948,113.68465169270833,39.2767776799185,-29.461320693167877,51.98969523111979,37.08229227766665,46.893479172579546
790,790.jpg,data/processed/wang/horses/790.jpg,horses,96.77584838867188,44.27820049982163,27.34847276896786,109.55110677083333,51.79572130199877,-20.850250333185024,53.521270751953125,31.04778675995811,25.6859945543096
791,791.jpg,data/processed/wang/horses/791.jpg,horses,64.90059407552083,40.31505318915592,42.78793909095626,92.56410725911458,37.82861845410228,19.24202893276008,41.77531941731771,32.67794560661224,44.36237941693825
792,792.jpg,data/processed/wang/horses/792.jpg,horses,50.46210734049479,50.8016085842941,58.41837295696769,65.16348266601562,44.44467091435699,36.63099035015018,29.144643147786457,37.85136716268526,51.977255878181964
793,793.jpg,data/processed/wang/horses/793.jpg,horses,119.50299072265625,49.41678878356298,15.156129321545134,141.47543334960938,50.040649844669524,-45.393565037212355,71.42818196614583,39.51599710945085,45.01998242395725
794,794.jpg,data/processed/wang/horses/794.jpg,horses,91.23477172851562,56.73265769277763,54.004259948862924,108.7834981282552,51.63710799360074,21.57207383507565,59.125935872395836,50.59210878881224,61.903082345593816
795,795.jpg,data/processed/wang/horses/795.jpg,horses,65.23110961914062,41.660755572801065,45.614796160632494,84.855224609375,38.637683953670376,31.726167327487467,38.149434407552086,33.8129932128966,47.06518090411745
796,796.jpg,data/processed/wang/horses/796.jpg,horses,87.94276936848958,32.138508494258815,16.398705702318235,116.54922485351562,42.244359084259266,-42.17086180720534,66.38034057617188,27.66656367507777,-17.425025601832274
797,797.jpg,data/processed/wang/horses/797.jpg,horses,93.9583740234375,38.15240243055983,23.81125385685188,110.9267069498698,39.152254297250074,-27.183065943423223,61.00298055013021,26.90436677654614,21.728895099372465
798,798.jpg,data/processed/wang/horses/798.jpg,horses,59.67253621419271,54.10929882386687,61.80066997260843,64.0036112467448,48.54215233133205,51.570897604704236,40.026570638020836,46.604605826415586,60.811210676070445
799,799.jpg,data/processed/wang/horses/799.jpg,horses,67.0629374186198,46.892209471776965,55.11083103894752,91.370849609375,39.07952731841197,26.402947704449804,39.251200358072914,41.72243795857245,56.93650346863475
800,800.jpg,data/processed/wang/mountains/800.jpg,mountains,87.60797119140625,74.97752525085541,55.19218645987553,111.79048665364583,64.839702501622,-21.475598086511322,132.53006998697916,65.21981429884703,-47.81637782185253
801,801.jpg,data/processed/wang/mountains/801.jpg,mountains,88.02318318684895,68.82068041741537,59.59400154788973,95.7434794108073,71.1461588763205,48.90338220660672,123.0801289876302,79.96903035092124,-36.14429111315486
802,802.jpg,data/processed/wang/mountains/802.jpg,mountains,97.8966776529948,61.08131546676784,39.43271019294231,108.5452880859375,62.031075708967585,18.467579168743285,104.97224934895833,61.48111972999704,32.10151338848674
803,803.jpg,data/processed/wang/mountains/803.jpg,mountains,65.13197835286458,55.56771996221377,61.51578659062197,92.37039184570312,52.86602458483828,46.61115329580508,103.44701131184895,57.6166331172061,44.548920730039185
804,804.jpg,data/processed/wang/mountains/804.jpg,mountains,56.02165730794271,55.20794328044866,60.43652964462679,75.29758707682292,49.140023883824085,55.818702283324924,125.16015625,40.69655313478537,28.685469090664196
805,805.jpg,data/processed/wang/mountains/805.jpg,mountains,77.57567342122395,56.57718637257164,54.664369977887446,94.97714233398438,47.41890753419029,51.0792757317612,125.81447347005208,57.563431700163555,-26.35068723000915
806,806.jpg,data/processed/wang/mountains/806.jpg,mountains,101.06638590494792,54.10266364380161,45.97919253692899,124.4069315592448,60.758903658205575,21.972226246793298,138.8241170247396,73.35025506461172,-45.59573123699724
807,807.jpg,data/processed/wang/mountains/807.jpg,mountains,76.88812255859375,53.92636075384886,52.18138114465665,92.0221659342448,55.15096641474748,47.414653406668734,113.7001953125,62.25959429411327,-48.67173903067241
808,808.jpg,data/processed/wang/mountains/808.jpg,mountains,53.936075846354164,57.928123776080504,65.61569245505333,83.20196533203125,70.54051066745981,55.04351678979303,104.16616821289062,79.21182018931961,51.59189950911539
809,809.jpg,data/processed/wang/mountains/809.jpg,mountains,57.950927734375,67.8931694295825,68.45137707281688,101.94734700520833,51.8631631697367,50.43781637947481,118.64673868815105,53.183931132868324,24.860584864869054
810,810.jpg,data/processed/wang/mountains/810.jpg,mountains,41.19465128580729,53.87485124467071,61.11990623824629,55.87871297200521,62.31720492847955,51.6324677403407,50.516825358072914,54.06373152450671,41.80289860034138
811,811.jpg,data/processed/wang/mountains/811.jpg,mountains,104.3870849609375,57.158261345475715,38.111362068812625,127.28348795572917,58.64733068903263,-55.25623496907441,140.17210896809897,62.05104630461311,-65.96256383210998
812,812.jpg,data/processed/wang/mountains/812.jpg,mountains,81.4878438313802,41.11262085937581,37.348477714663794,115.02005004882812,45.558831768531775,-42.75184306334231,107.97471110026042,76.44347473278246,-18.75783343205631
813,813.jpg,data/processed/wang/mountains/813.jpg,mountains,98.9536641438802,57.78295010746597,54.34985911094803,97.25604248046875,48.88285385062465,52.96163440047238,102.89698282877605,56.09387002956805,46.11136739678837
814,814.jpg,data/processed/wang/mountains/814.jpg,mountains,112.50194295247395,67.78994677860257,48.235826254729254,118.57249959309895,66.18923050141085,42.48864104609204,131.75615437825522,58.107650806069636,-29.52065348804221
815,815.jpg,data/processed/wang/mountains/815.jpg,mountains,98.59719848632812,61.510751607822215,52.71920329922402,96.10183715820312,61.52292224554487,51.271628904752646,96.61361694335938,67.69094350595684,51.139818216285605
816,816.jpg,data/processed/wang/mountains/816.jpg,mountains,104.86719767252605,67.20243469441843,31.364477647181694,103.87279256184895,66.15429317653012,32.68467401927127,104.9441630045573,82.45051662888422,38.149238647020205
817,817.jpg,data/processed/wang/mountains/817.jpg,mountains,56.979227701822914,61.07244120199391,66.99619429188816,57.493499755859375,56.269206957220234,62.851986932360845,70.54081217447917,58.29525551018646,54.816351434120776
818,818.jpg,data/processed/wang/mountains/818.jpg,mountains,94.76432291666667,61.80441508675604,43.69008988338216,128.21622721354166,72.96400601565144,-47.04414491272317,135.5992228190104,82.21556377972875,-53.07158711120716
819,819.jpg,data/processed/wang/mountains/819.jpg,mountains,60.892303466796875,59.76679999668801,65.33698012517875,73.05026245117188,50.736221487909866,59.71856233753455,114.62235514322917,52.234806979095886,28.84171899143867
820,820.jpg,data/processed/wang/mountains/820.jpg,mountains,94.94886271158855,51.04359775918074,-25.747531828324558,95.28502400716145,49.4854913288155,-28.662797889193094,105.04750569661458,59.85750988767893,-39.34883595956468
821,821.jpg,data/processed/wang/mountains/821.jpg,mountains,94.32042439778645,64.90262794694446,60.34706189610286,96.29117838541667,62.875758409613354,60.258415929782686,108.8608907063802,61.37665863223319,50.88067818721211
822,822.jpg,data/processed/wang/mountains/822.jpg,mountains,116.73317464192708,60.598516214068965,36.019900578217275,127.7596435546875,67.17751355484965,24.268616236331358,144.01343790690103,66.63734874106572,-42.245632388826024
823,823.jpg,data/processed/wang/mountains/823.jpg,mountains,103.85794067382812,37.23363722854629,15.986855809679447,130.3509318033854,48.16733391864563,-37.17728395124443,145.60181681315103,77.82304988013806,-61.060002934708024
824,824.jpg,data/processed/wang/mountains/824.jpg,mountains,85.61038208007812,55.927901062248786,40.215664371607716,108.95914713541667,63.44534792888201,25.823517218130938,101.45337931315105,78.83596913512129,53.47309226019577
825,825.jpg,data/processed/wang/mountains/825.jpg,mountains,64.55283610026042,62.521384164762054,65.16760441920266,74.85819498697917,64.11681110829169,64.42222476847824,87.14187622070312,72.8018055235955,65.1576827298378
826,826.jpg,data/processed/wang/mountains/826.jpg,mountains,100.9922587076823,68.42557175147134,57.601796010944156,108.10716756184895,65.76828990051784,55.230564101392574,103.2343037923177,69.51631249607006,55.65491233226792
827,827.jpg,data/processed/wang/mountains/827.jpg,mountains,120.86429850260417,71.82493923972231,-40.761027004686966,117.02285766601562,72.1009390124857,-37.33208835726335,122.97618611653645,75.1934151040174,-40.47437408855572
828,828.jpg,data/processed/wang/mountains/828.jpg,mountains,104.81107584635417,56.70291898598658,37.509377509433364,110.6775410970052,51.66863714995407,36.60953651148549,119.27098592122395,47.099223940670626,-20.907526702477917
829,829.jpg,data/processed/wang/mountains/829.jpg,mountains,84.446044921875,55.33624595320227,32.894711498439094,100.96242268880208,63.23580714590113,34.92446955568574,106.20413208007812,78.35697686343295,34.253550600833634
830,830.jpg,data/processed/wang/mountains/830.jpg,mountains,87.33287556966145,46.16539655012738,31.713471511342213,96.08186848958333,40.691767939617904,19.221485650165214,100.3221435546875,59.00261896714413,12.619496564031806
831,831.jpg,data/processed/wang/mountains/831.jpg,mountains,115.129638671875,76.12561615424161,-45.42042031984755,111.57436116536458,72.81113576292886,-35.64194469388832,122.52020263671875,72.70166632445344,-39.7278851218273
832,832.jpg,data/processed/wang/mountains/832.jpg,mountains,73.61963907877605,58.84873605955556,52.85749079756934,82.41649373372395,69.06245820495796,52.488649536760846,104.36393229166667,78.77619102678247,47.929409649690996
833,833.jpg,data/processed/wang/mountains/833.jpg,mountains,88.55679321289062,53.039984146381656,37.730063230391806,105.02820841471355,54.22769749903095,-35.324879687933134,134.64675903320312,63.998481470803085,-61.60015029711713
834,834.jpg,data/processed/wang/mountains/834.jpg,mountains,67.13095092773438,59.61748621132276,56.92226171571561,106.36783854166667,50.70212635427655,29.28617159346515,141.0303955078125,54.543339676799974,-55.672421485873066
835,835.jpg,data/processed/wang/mountains/835.jpg,mountains,122.7723388671875,65.29949616856352,-25.082231594400234,129.23818969726562,62.489119315600384,35.12860071365321,140.78831990559897,62.128005112475115,-45.75261554010366
836,836.jpg,data/processed/wang/mountains/836.jpg,mountains,87.37864176432292,82.15224857151334,70.85392897713308,97.85725911458333,70.77251307515668,60.71236488606101,104.8843485514323,62.17398304983247,44.74333190379087
837,837.jpg,data/processed/wang/mountains/837.jpg,mountains,141.12793986002603,42.69355672429356,-28.16597146552689,148.66634114583334,46.787782574100774,-32.34207222624525,164.50428263346353,43.843895497711635,-40.15342235976936
838,838.jpg,data/processed/wang/mountains/838.jpg,mountains,120.61026000976562,74.27821842381468,-25.6118137292389,129.3630574544271,67.30394089347664,-15.776688616175097,139.96038818359375,54.905012353951754,-39.572738198937635
839,839.jpg,data/processed/wang/mountains/839.jpg,mountains,164.13006591796875,56.14852255813281,-65.09951161742862,164.17254638671875,52.7413495839321,-59.35430047980444,178.5260213216146,38.1349728990925,-46.14939757552295
840,840.jpg,data/processed/wang/mountains/840.jpg,mountains,101.89469401041667,57.73758782082352,-29.200007932891502,115.8590799967448,68.7649284540194,-36.198595058260764,133.47447713216147,73.3363400366417,-50.61918480715727
841,841.jpg,data/processed/wang/mountains/841.jpg,mountains,125.90127563476562,81.1260149816552,-22.43785348473375,138.43881225585938,78.31651564698666,-45.32016213501038,147.5833536783854,74.28767023410705,-57.51093721130456
842,842.jpg,data/processed/wang/mountains/842.jpg,mountains,67.3775126139323,50.26516551764289,44.104052356785544,72.75567626953125,50.90272148692452,44.71687954456051,94.2824198404948,64.20901216356879,55.137752206515046
843,843.jpg,data/processed/wang/mountains/843.jpg,mountains,110.85720825195312,69.84953941622857,38.239285891467986,113.1320292154948,76.35694793569958,26.170550200211444,125.34290568033855,80.80224644980898,-31.77485304547112
844,844.jpg,data/processed/wang/mountains/844.jpg,mountains,53.85197957356771,63.72025187657709,70.4872055124807,85.64566040039062,57.706262210002656,61.339557024477756,108.79843139648438,52.26146682104827,42.642587469996116
845,845.jpg,data/processed/wang/mountains/845.jpg,mountains,75.1163330078125,46.46833358712539,42.99180489871061,78.65437825520833,47.431604785454915,40.622682177068896,76.9533182779948,62.062834434677406,57.724276792962684
846,846.jpg,data/processed/wang/mountains/846.jpg,mountains,80.38906860351562,38.00804003511904,23.445129629138293,112.61525472005208,38.022782595404855,-39.10614390932309,149.23023478190103,48.67125155267395,-46.70826703447561
847,847.jpg,data/processed/wang/mountains/847.jpg,mountains,141.46532185872397,68.70154822193297,-59.86449219375193,151.1524658203125,61.925308918950826,-46.416747935246306,154.29399617513022,56.09360040679611,-40.42769620418639
848,848.jpg,data/processed/wang/mountains/848.jpg,mountains,58.88726806640625,50.77612421092756,63.25296400635601,63.135904947916664,51.20609406820085,63.61781438068628,114.91644287109375,54.66922812889179,30.575184485659186
849,849.jpg,data/processed/wang/mountains/849.jpg,mountains,121.95572916666667,65.28370759188141,-39.97010216470214,137.66275024414062,70.10121496919659,-52.219596313178045,155.3111572265625,59.225478736528444,-53.2560372380665
850,850.jpg,data/processed/wang/mountains/850.jpg,mountains,91.0259297688802,62.08844747868238,53.27636402333356,106.75433349609375,56.918630703650045,46.030959019619004,117.15090942382812,64.6652909693232,48.332736061991255
851,851.jpg,data/processed/wang/mountains/851.jpg,mountains,91.22476196289062,65.12972635385378,56.424825300459425,93.34116617838542,71.80165330042117,65.3527441560859,93.31840006510417,74.14334890266765,70.05901847476775
852,852.jpg,data/processed/wang/mountains/852.jpg,mountains,109.41677856445312,70.53691293846066,-21.86500041724496,115.75115966796875,73.42704621876283,-33.723750137486476,142.73602294921875,82.22510141934364,-61.80942712357468
853,853.jpg,data/processed/wang/mountains/853.jpg,mountains,61.480936686197914,49.516486022888486,50.5093747284953,73.23171997070312,49.87039830300235,40.9535628382572,73.36647542317708,54.2241685119263,47.43755000038034
854,854.jpg,data/processed/wang/mountains/854.jpg,mountains,83.86417643229167,70.99212534643013,57.32444689197186,96.95797729492188,61.95418384940418,49.02169837017519,115.18137613932292,55.637483791919315,35.2779974935788
855,855.jpg,data/processed/wang/mountains/855.jpg,mountains,114.11106363932292,65.86301466310627,-11.506191903446243,114.48157755533855,67.06823873809375,33.86552584703833,121.7354736328125,67.31202601765783,23.767872270397255
856,856.jpg,data/processed/wang/mountains/856.jpg,mountains,66.0287373860677,42.74509880026648,48.294274006652344,67.67010498046875,49.578141568886245,44.08230513060057,87.72203572591145,66.90759187633198,49.694727511198025
857,857.jpg,data/processed/wang/mountains/857.jpg,mountains,88.8748779296875,69.8475040208136,44.31743435492001,99.4810282389323,71.42544293666357,-20.725817832748096,120.73996988932292,75.43998540031417,-44.70490357774557
858,858.jpg,data/processed/wang/mountains/858.jpg,mountains,105.4004414876302,52.53418770182552,25.42345886652415,127.63975016276042,56.699436251974745,-21.88534782893385,139.7115681966146,55.52310440280229,-32.804234379340016
859,859.jpg,data/processed/wang/mountains/859.jpg,mountains,99.61544799804688,56.87417132708449,39.701760432334744,122.83104451497395,63.91125333937141,-19.133277670698234,142.38711547851562,72.23946340359967,-46.13660775159181
860,860.jpg,data/processed/wang/mountains/860.jpg,mountains,101.45728556315105,56.72386651212131,11.759284783501725,108.0648905436198,56.7263217605118,-20.79729607898453,110.55718994140625,68.32445436021057,17.35793922202569
861,861.jpg,data/processed/wang/mountains/861.jpg,mountains,88.17201741536458,60.361247805764975,59.56940128351053,95.48529052734375,55.26268895142391,36.235900762949086,108.89776611328125,64.08372016987256,-37.48036086037416
862,862.jpg,data/processed/wang/mountains/862.jpg,mountains,105.42274983723958,50.35321157944324,27.894784716079982,115.26658121744792,52.811698901851436,19.46088861199557,103.82217407226562,66.38116165364201,47.572135212709156
863,863.jpg,data/processed/wang/mountains/863.jpg,mountains,78.8572285970052,45.92147506987077,45.86629578024057,85.66282145182292,50.16301833630448,43.76058371114131,96.9511210123698,62.54417954618668,40.92578729929826
864,864.jpg,data/processed/wang/mountains/864.jpg,mountains,103.63417561848958,59.89694979345487,43.41801447024504,115.489990234375,59.35000228906604,-21.22595027717118,111.56137084960938,71.15550100862258,27.68885048184566
865,865.jpg,data/processed/wang/mountains/865.jpg,mountains,104.73396809895833,54.056128893404754,53.88699977545555,110.93519083658855,53.43096558839158,53.59484282881871,99.2286885579427,59.314053823033554,57.63760076197391
866,866.jpg,data/processed/wang/mountains/866.jpg,mountains,142.06438191731772,61.93107921440398,-28.599471945366883,144.55680338541666,64.61839817033042,-33.18763988110551,145.3304443359375,72.11291874123103,-43.291174181242205
867,867.jpg,data/processed/wang/mountains/867.jpg,mountains,140.3646240234375,52.64135028290964,26.037689617680925,143.0401611328125,53.842539480009,28.197026710827934,133.66323852539062,57.312312258248255,24.276224916845184
868,868.jpg,data/processed/wang/mountains/868.jpg,mountains,99.48919677734375,68.84607711154248,48.60845247617044,99.26968383789062,67.17622690460256,44.01429686672933,104.15151977539062,71.32383941358256,-24.878280332757058
869,869.jpg,data/processed/wang/mountains/869.jpg,mountains,106.36503092447917,68.43268860547884,57.1718155002678,102.98597208658855,72.36230017578224,60.88930054349986,111.820068359375,70.790978263094,55.3136037563397
870,870.jpg,data/processed/wang/mountains/870.jpg,mountains,76.67092895507812,46.4432687515508,41.73021817930814,78.00069173177083,44.9747401743832,39.930666999728956,110.86196899414062,48.23063669676304,36.766836409531436
871,871.jpg,data/processed/wang/mountains/871.jpg,mountains,86.41993204752605,53.858896942642595,49.344413624531605,107.0164286295573,47.22070119616557,28.002653167335623,141.11367797851562,61.75745660019852,-48.712888182707346
872,872.jpg,data/processed/wang/mountains/872.jpg,mountains,119.15450032552083,66.75539796024292,47.701444787162586,117.46654256184895,59.23967720241601,52.02782826143502,121.65224202473958,61.757622544268415,47.31853586077804
873,873.jpg,data/processed/wang/mountains/873.jpg,mountains,99.30929565429688,61.59949158839612,36.54863771781728,109.06930541992188,64.16003997977273,17.80315839836105,123.35543823242188,71.2485334016697,-44.39618501409444
874,874.jpg,data/processed/wang/mountains/874.jpg,mountains,113.9763895670573,55.08669279919893,-38.88349584028802,129.78402709960938,55.485727639394746,-43.29354863675443,102.53452555338542,64.41091474680373,56.90137161666409
875,875.jpg,data/processed/wang/mountains/875.jpg,mountains,82.76247151692708,40.22938046845836,44.59266220149313,103.23401896158855,40.138800748640065,31.284345470628615,135.72295125325522,55.36934310480089,-21.130198955485824
876,876.jpg,data/processed/wang/mountains/876.jpg,mountains,85.82479858398438,46.34782459387138,42.78704438346864,100.4198710123698,49.34930671573012,-16.57029183195386,130.32071940104166,54.988329982944485,-47.61218388049619
877,877.jpg,data/processed/wang/mountains/877.jpg,mountains,122.4181620279948,60.62141812582994,14.94435538715421,124.4274190266927,63.35923324252306,-19.327158674725837,132.65644327799478,67.9608768831836,-44.214479086873496
878,878.jpg,data/processed/wang/mountains/878.jpg,mountains,103.28702799479167,52.449823261332824,38.763933710280526,132.37317911783853,45.99468089037402,-16.66061986310458,162.83633422851562,46.14115431626076,-43.82462249765187
879,879.jpg,data/processed/wang/mountains/879.jpg,mountains,129.92974853515625,72.26561675417913,29.537547308344745,140.40674845377603,61.936856769716755,-24.417634696361816,158.56857299804688,56.945293542119046,-50.541094530633046
880,880.jpg,data/processed/wang/mountains/880.jpg,mountains,82.58308919270833,51.616398728218435,46.76305356938926,103.08108520507812,55.82737252248566,32.05685140932128,128.9797566731771,70.76550034861076,-47.90211530302183
881,881.jpg,data/processed/wang/mountains/881.jpg,mountains,98.90835571289062,61.29069729208954,42.47563469530923,109.92789713541667,54.65020351481569,35.893478530101234,131.04195149739584,52.97452926314016,-32.23221743634052
882,882.jpg,data/processed/wang/mountains/882.jpg,mountains,104.93853759765625,41.88048547377324,37.27655882107412,108.4915262858073,38.47291979126588,27.17504768843328,112.73178100585938,58.26832293432122,21.57799258229882
883,883.jpg,data/processed/wang/mountains/883.jpg,mountains,93.22482299804688,48.644042606810764,31.460519363155584,92.35177612304688,47.236429110231725,31.182402851752364,85.94863891601562,47.7040762489566,43.54301626656667
884,884.jpg,data/processed/wang/mountains/884.jpg,mountains,100.21164957682292,63.20750094449263,47.99129926844907,108.47113037109375,69.36284513599216,47.963840820636236,129.454345703125,70.25816600782312,-22.05758143612723
885,885.jpg,data/processed/wang/mountains/885.jpg,mountains,119.92262776692708,78.90973406001928,-29.425756417039985,128.37809244791666,72.58713145616393,-32.96987624397467,141.0670369466146,68.27317051402676,-55.75909921855799
886,886.jpg,data/processed/wang/mountains/886.jpg,mountains,122.37917073567708,40.36709284747729,-33.26852417863889,106.11558024088542,49.69116625065107,-23.064907706145586,119.791748046875,74.73466959924554,23.24574589599846
887,887.jpg,data/processed/wang/mountains/887.jpg,mountains,102.4867451985677,65.6943083853206,40.71892995859112,96.85160319010417,65.01309770032914,47.43529638590255,85.81791178385417,65.4716970719547,58.10758249903881
888,888.jpg,data/processed/wang/mountains/888.jpg,mountains,115.90799967447917,35.21130815253105,-25.389039595056225,83.15976969401042,29.37549289278999,15.411751971685016,77.04677327473958,42.370765249257005,47.198144289297105
889,889.jpg,data/processed/wang/mountains/889.jpg,mountains,98.32216389973958,48.79044348831324,36.37269343750842,112.14998372395833,50.625223708672344,-20.76556142550386,120.80303955078125,58.31448488024541,-29.455142319686495
890,890.jpg,data/processed/wang/mountains/890.jpg,mountains,92.6433817545573,72.92575066886711,60.36235390209974,97.65909830729167,71.05864301043981,57.77233796774284,105.1024881998698,72.1482581853051,54.24517770502548
891,891.jpg,data/processed/wang/mountains/891.jpg,mountains,90.2355448404948,48.83654145788345,31.476663122332617,93.20546468098958,51.94937114653145,36.09143166485359,103.15786743164062,68.97407693868726,39.10993689037785
892,892.jpg,data/processed/wang/mountains/892.jpg,mountains,55.784576416015625,40.23007827162796,53.4094160902017,58.9859619140625,39.35324824787283,51.444028671192676,65.95142618815105,43.651375427371576,47.23694707605404
893,893.jpg,data/processed/wang/mountains/893.jpg,mountains,71.1321512858073,59.60806234071758,58.28756185593402,81.07143147786458,66.20987910967024,56.32321985519908,91.83591715494792,67.55705320438277,52.760085865996224
894,894.jpg,data/processed/wang/mountains/894.jpg,mountains,51.809661865234375,44.25180660181018,41.24295324637346,88.73560587565105,47.293161651129864,29.224090978726853,116.2257080078125,56.212666827435264,26.730354339734298
895,895.jpg,data/processed/wang/mountains/895.jpg,mountains,98.82086181640625,49.53931398118087,26.944086263331325,111.95939127604167,50.42591866907672,-32.29476846152242,116.21287027994792,56.23793413311269,-11.392660874959098
896,896.jpg,data/processed/wang/mountains/896.jpg,mountains,99.05630493164062,61.22659816748662,40.944795968877074,92.26840209960938,61.77823422455048,37.72929034805808,95.4030253092448,70.1667396531939,45.766094372896234
897,897.jpg,data/processed/wang/mountains/897.jpg,mountains,122.87257893880208,41.755135399523475,22.78836094600816,120.24024454752605,38.35608241031178,-17.539447247062967,133.6594034830729,35.990604184328745,-38.65333820506422
898,898.jpg,data/processed/wang/mountains/898.jpg,mountains,81.40496826171875,52.300925055030795,56.195249860858965,89.50218709309895,49.9781331914264,48.420829078909605,92.19386800130208,61.2519115135091,56.51390839502454
899,899.jpg,data/processed/wang/mountains/899.jpg,mountains,117.94324747721355,50.67554406589498,7.928519262551114,135.7723388671875,53.834049903707864,-31.24332473086746,146.9697062174479,64.81921503275491,-47.29141790895529
900,900.jpg,data/processed/wang/food/900.jpg,food,129.9405517578125,69.93239813915822,-37.977391183743364,104.70998128255208,61.42752291734314,41.32881508318613,80.8638916015625,59.5565259720927,50.31959545004733
901,901.jpg,data/processed/wang/food/901.jpg,food,99.47524007161458,69.35828731148055,35.608249762198895,108.01766967773438,61.93521673867569,-35.22224386812172,90.51699829101562,69.26511829268588,55.26080626596118
902,902.jpg,data/processed/wang/food/902.jpg,food,93.3140157063802,71.30982015495923,29.315338721818826,78.65027872721355,67.17921126896931,52.50130826224439,58.105997721354164,60.841490832084055,63.56252639115388
903,903.jpg,data/processed/wang/food/903.jpg,food,113.85821533203125,81.64924133442291,-37.804071479667414,105.14842732747395,79.55281122072795,32.953181235036205,98.30406697591145,79.97527377016006,52.03014752982982
904,904.jpg,data/processed/wang/food/904.jpg,food,92.99102783203125,81.23799503700047,72.91994874845008,95.95961507161458,78.67299253849765,70.30310354813992,91.2892354329427,78.96361680431126,69.22274765685819
905,905.jpg,data/processed/wang/food/905.jpg,food,125.6041259765625,66.48883361886529,2.6047812270504274,87.76857503255208,66.75344707009258,45.755693505786844,64.3069559733073,61.08268417035699,61.17634371358946
906,906.jpg,data/processed/wang/food/906.jpg,food,126.78182983398438,64.84667224091548,-43.105961992954974,84.6954345703125,64.17426474851364,49.195447872960614,56.56666056315104,50.96736359104132,54.09892395452138
907,907.jpg,data/processed/wang/food/907.jpg,food,128.4240926106771,77.00019668481723,-44.13015465617565,87.71788533528645,58.25251060513168,44.772396487749006,58.38025919596354,47.21265331116451,56.52677006079695
908,908.jpg,data/processed/wang/food/908.jpg,food,125.433349609375,68.04698362943998,-34.876964523156815,56.68561808268229,52.001567428327604,49.9425329281962,43.79792277018229,30.165537338192955,38.73281793741606
909,909.jpg,data/processed/wang/food/909.jpg,food,134.7552286783854,66.69912135580823,-49.32540835575469,103.95559692382812,63.631000682444466,-32.28468606747568,81.01578776041667,67.37125183870587,62.24131231183452
910,910.jpg,data/processed/wang/food/910.jpg,food,115.2143046061198,67.76212248281699,41.85961286701904,116.5139668782552,62.75273532237965,31.10875037654757,88.54225667317708,69.45849705521381,58.25147583340144
911,911.jpg,data/processed/wang/food/911.jpg,food,110.98909505208333,79.00227322490096,39.115963989917574,120.53736368815105,69.25125130217539,24.924883343198225,103.90123494466145,76.23146494500226,52.56787322822288
912,912.jpg,data/processed/wang/food/912.jpg,food,154.64100138346353,60.12488491540196,-61.65787567109617,107.7078857421875,57.70023654926479,32.35402582850186,91.1681620279948,64.77076237992326,46.038102803865456
913,913.jpg,data/processed/wang/food/913.jpg,food,175.46988932291666,58.32935163055901,-66.39434851652204,159.515869140625,66.06795935041181,-68.60369049297151,144.8221232096354,71.27246736398871,-70.43232194723495
914,914.jpg,data/processed/wang/food/914.jpg,food,143.15312703450522,59.600106618453,-36.51772088643348,98.45350138346355,56.32666880186382,34.89393256381746,67.58021036783855,52.25382312774982,48.20476241586729
915,915.jpg,data/processed/wang/food/915.jpg,food,123.10463460286458,50.99462380873256,-35.778615684059254,105.06472778320312,54.99736979694265,-22.48940211846355,95.52923583984375,53.589255723719276,26.96007838235152
916,916.jpg,data/processed/wang/food/916.jpg,food,101.9840596516927,72.38315892652095,63.41834523670392,85.46023559570312,60.80029982115986,57.1075006085524,71.41373697916667,45.388163804112466,44.2666835310921
917,917.jpg,data/processed/wang/food/917.jpg,food,119.31240844726562,49.35444161601216,17.661139415090677,85.73191324869792,50.313670328989566,35.79676398007668,75.28163655598958,49.07259576851121,43.36602928809246
918,918.jpg,data/processed/wang/food/918.jpg,food,78.86712646484375,72.81474385219228,60.75688678356348,69.92679850260417,65.30377025942273,57.95387113265156,55.938822428385414,63.171063413143834,64.63081178326236
919,919.jpg,data/processed/wang/food/919.jpg,food,134.97085571289062,60.75302216989079,-43.930381225967096,115.94112141927083,62.468104427360586,-29.162051250041227,89.5670674641927,67.12056348211829,50.924165671580774
920,920.jpg,data/processed/wang/food/920.jpg,food,140.99164835611978,65.50043688472037,-52.486722011053445,113.86765543619792,63.93521528319397,28.207978109794116,77.12015787760417,61.1798932370637,55.16847921502348
921,921.jpg,data/processed/wang/food/921.jpg,food,107.296142578125,67.55483557453017,34.434079884652135,56.201202392578125,55.01187647520427,57.80471462845942,57.01677449544271,50.76792526894365,55.948621434332324
922,922.jpg,data/processed/wang/food/922.jpg,food,118.37162272135417,66.92585423736203,17.79938322154697,92.3822021484375,63.654695399377424,42.51899816656906,62.970133463541664,53.11617787423964,49.95499535277797
923,923.jpg,data/processed/wang/food/923.jpg,food,104.94041951497395,68.45658891448711,35.5279475711546,75.49013264973958,68.87473905325253,63.36027734066077,66.03643798828125,64.06747801091643,65.52479240019758
924,924.jpg,data/processed/wang/food/924.jpg,food,81.0892333984375,65.8336163023685,57.323401095287345,71.8994852701823,56.40242764399503,54.3732384996857,52.628143310546875,56.87505345860843,61.570046888072035
925,925.jpg,data/processed/wang/food/925.jpg,food,92.65196736653645,74.68224529323753,53.56045355067248,58.576863606770836,61.72432243588865,65.13532757596545,47.0858154296875,51.05243655586041,59.68598902657175
926,926.jpg,data/processed/wang/food/926.jpg,food,136.4518839518229,66.4331024455129,-51.2102630899564,129.08426920572916,64.2814194790176,-30.492331580289168,102.62967936197917,72.51386325560554,46.95384785104946
927,927.jpg,data/processed/wang/food/927.jpg,food,142.7528076171875,65.34371849289926,-52.87402729457733,133.34599812825522,65.87382581100165,-43.28652784640967,108.9597880045573,75.08048524583455,40.01897310307915
928,928.jpg,data/processed/wang/food/928.jpg,food,73.10647583007812,77.40011338793158,68.8198781565242,54.355570475260414,55.55184937561653,59.64176772744863,34.767415364583336,42.36039227759945,51.33274460232163
929,929.jpg,data/processed/wang/food/929.jpg,food,86.31011962890625,81.80218151345377,66.19081323915226,75.18452962239583,69.91695881755959,64.59213826767672,53.529388427734375,42.31378079893125,53.797041110909205
930,930.jpg,data/processed/wang/food/930.jpg,food,115.26631673177083,71.57600626417423,43.03523977041195,91.52703857421875,60.84666959698296,46.74483895707985,58.87354532877604,47.588524819738424,51.080680509336254
931,931.jpg,data/processed/wang/food/931.jpg,food,114.36433919270833,74.48463604631935,-36.31089390390868,80.49515787760417,68.61896705222448,56.20185203493243,54.39753214518229,62.01989556829543,68.28930321388262
932,932.jpg,data/processed/wang/food/932.jpg,food,157.55020141601562,49.61217165837712,-45.30030906132322,107.5088602701823,53.941957742761936,-28.535932987431835,83.16163126627605,48.27271858205068,36.408980685753875
933,933.jpg,data/processed/wang/food/933.jpg,food,135.74531046549478,59.747584622189336,-41.99187843546128,110.35532633463542,64.60850356273923,-21.467069480174935,76.18626912434895,64.68482298598357,56.24871164346165
934,934.jpg,data/processed/wang/food/934.jpg,food,132.04808553059897,67.72344170126345,-47.62617263607311,88.92093912760417,65.14447441325302,46.06877734185639,57.964508056640625,53.65929782439856,58.04666843371807
935,935.jpg,data/processed/wang/food/935.jpg,food,95.13453165690105,63.55847357816901,47.679099471478324,59.856953938802086,49.14814364413186,48.00497206819476,43.64556884765625,33.197816810645,37.27156121883972
936,936.jpg,data/processed/wang/food/936.jpg,food,129.9654744466146,64.89811780305645,-42.382152717538396,102.75833129882812,61.715971363864625,37.72806041010655,67.52395629882812,55.345482675876035,53.5406360355105
937,937.jpg,data/processed/wang/food/937.jpg,food,134.5717569986979,71.01723717473905,-43.523122331199964,79.46299235026042,68.75926335602561,54.98415993257535,57.619852701822914,54.47761396887096,56.14587482570877
938,938.jpg,data/processed/wang/food/938.jpg,food,158.41144816080728,52.30949080550192,-47.38277934888739,117.37127685546875,57.49827923727714,19.112853995976284,87.49951171875,59.33867189570573,47.525678063199365
939,939.jpg,data/processed/wang/food/939.jpg,food,125.81546020507812,66.39230776307153,-38.30002612306804,91.02902221679688,63.40366617183341,37.499575409000826,55.834004720052086,52.69123961984962,54.67823186777274
940,940.jpg,data/processed/wang/food/940.jpg,food,108.11492919921875,68.9382520825589,21.81508647416345,70.83941650390625,59.55872539536697,48.01419104440701,54.520284016927086,49.297092242496085,51.78625955768709
941,941.jpg,data/processed/wang/food/941.jpg,food,154.49205525716147,52.124573366430184,-45.5498063675432,98.52909342447917,63.270694110010325,32.11094369174531,77.55470784505208,53.63685438054184,52.21719344274381
942,942.jpg,data/processed/wang/food/942.jpg,food,142.00849405924478,54.857885419015915,-42.31548025193587,84.7133280436198,58.33519257676898,32.6959589390258,62.42872111002604,42.76188658589502,39.4297606842252
943,943.jpg,data/processed/wang/food/943.jpg,food,81.98704020182292,61.85876962935776,47.383422633860576,40.548807779947914,45.8809503278803,48.81046652645798,35.53374226888021,33.827029800414714,39.454208953872964
944,944.jpg,data/processed/wang/food/944.jpg,food,139.00712076822916,67.04963910234189,-50.33014024708163,100.39341227213542,63.07239979663887,25.188489789043626,80.39434814453125,64.95355182475845,47.83599651325143
945,945.jpg,data/processed/wang/food/945.jpg,food,120.0187479654948,68.9509238780797,-18.700982254778864,107.0291035970052,63.171063546520095,18.766739972715,92.85960896809895,64.21463780865366,44.93746187571881
946,946.jpg,data/processed/wang/food/946.jpg,food,127.2551981608073,77.76383202102815,-45.950481657053864,88.97154744466145,70.0488546308737,49.16614364843954,68.00513712565105,63.092576437770425,56.12734607640959
947,947.jpg,data/processed/wang/food/947.jpg,food,158.54865519205728,50.31319524322066,-47.14543742591012,134.07730102539062,65.63810397362683,-54.702311801019306,116.25168863932292,75.33343582729373,-33.492390811288104
948,948.jpg,data/processed/wang/food/948.jpg,food,82.49593098958333,66.2425881802202,54.16859349402176,51.126546223958336,47.52765348632818,53.25319511235556,47.25750732421875,36.34192550644138,43.698576564232916
949,949.jpg,data/processed/wang/food/949.jpg,food,85.30209350585938,74.50430918469473,59.30159965331573,67.77346801757812,61.487483240810356,60.12714900472264,47.04621378580729,50.94534954484352,59.562560170980845
950,950.jpg,data/processed/wang/food/950.jpg,food,87.54931640625,74.99097065561455,52.28641486138581,54.133392333984375,51.991915130681015,50.467450859583266,41.32286580403646,40.65945148296876,47.13878380102655
951,951.jpg,data/processed/wang/food/951.jpg,food,84.3993631998698,74.18488004580341,58.74713448951766,44.681437174479164,53.31218419868755,62.216204218312285,37.402099609375,40.564039775432114,52.189485209296336
952,952.jpg,data/processed/wang/food/952.jpg,food,66.13233439127605,65.5620261049576,58.15380078896775,36.26587931315104,39.68454684104696,44.00667102786746,25.291900634765625,27.137640034938702,34.039276457561236
953,953.jpg,data/processed/wang/food/953.jpg,food,76.7069091796875,75.54714399804027,68.99815461315276,43.43828328450521,52.4454945900821,62.039240516830176,30.261271158854168,35.35883493215175,45.682567738101355
954,954.jpg,data/processed/wang/food/954.jpg,food,93.93105061848958,82.51780928683465,59.957089605197226,61.532368977864586,62.254690542697105,61.03154200407299,44.34113566080729,51.58372343908962,58.259752776661706
955,955.jpg,data/processed/wang/food/955.jpg,food,112.66079711914062,83.66040069987137,-32.98899913395624,81.00369262695312,72.22085744969249,55.41567352503304,51.38751220703125,55.36238849944627,55.45158779855825
956,956.jpg,data/processed/wang/food/956.jpg,food,97.5069580078125,76.22470091585225,50.022201593567274,87.83191935221355,66.35819828605574,44.609094800418575,62.03105672200521,54.07881217131971,54.70172978501394
957,957.jpg,data/processed/wang/food/957.jpg,food,158.06024169921875,52.86379597582956,-47.01744956346696,116.3645731608073,58.66516230381047,-32.25985884639633,92.19674682617188,64.35736128505475,48.47083337155397
958,958.jpg,data/processed/wang/food/958.jpg,food,97.44696044921875,73.7142924412447,42.659286188498456,56.142679850260414,65.20297965610581,65.98675040232564,45.844757080078125,59.99509374588785,66.67968591660804
959,959.jpg,data/processed/wang/food/959.jpg,food,82.6273701985677,82.32632576248783,68.96631971192573,59.174519856770836,63.57853923469797,62.571766814596884,38.30743408203125,41.63393799975252,48.67314369566208
960,960.jpg,data/processed/wang/food/960.jpg,food,121.95762125651042,66.37639765972301,-41.567969513367096,96.95220947265625,67.49181442399204,42.167232130272176,80.1478983561198,68.4170459637343,60.98115761721667
961,961.jpg,data/processed/wang/food/961.jpg,food,174.23457845052084,68.81753745162841,-74.87931977963255,155.0466512044271,70.10564886326083,-66.0268218975605,139.21769205729166,78.18819198175979,-66.29215450825052
962,962.jpg,data/processed/wang/food/962.jpg,food,138.4609171549479,65.99158014428868,-51.88000517983464,105.68799845377605,67.47848111976971,26.29876883066744,75.90920003255208,65.41648883663481,59.32170638871125
963,963.jpg,data/processed/wang/food/963.jpg,food,84.30426025390625,74.65707051345517,59.01529867013473,58.022003173828125,61.62318644980052,65.8734344740968,34.91143798828125,50.087626562527554,64.86058598807631
964,964.jpg,data/processed/wang/food/964.jpg,food,78.51720174153645,57.54137782028563,46.905446158199,44.692413330078125,45.31199964947592,49.94413596746782,32.0142822265625,32.961672008127714,40.89421806263852
965,965.jpg,data/processed/wang/food/965.jpg,food,88.73328653971355,71.86269695142659,52.875599115425004,78.20726521809895,67.11151453370444,52.67882788551749,65.83609008789062,62.36425149799077,59.99293839606218
966,966.jpg,data/processed/wang/food/966.jpg,food,98.70301310221355,71.25039536876318,50.4174518211515,87.14515177408855,55.746723513662246,44.2060638764096,50.31298828125,48.95595787156307,56.19793844983562
967,967.jpg,data/processed/wang/food/967.jpg,food,145.70166015625,66.44413183360503,-60.52538303395228,102.32992553710938,62.09350135573426,-23.505866659618434,65.095947265625,52.080707520924015,55.11972314315534
968,968.jpg,data/processed/wang/food/968.jpg,food,83.91317749023438,74.7389200371091,74.1401018724312,110.69821166992188,47.79495629823897,34.28485319414925,92.66524251302083,46.40085873309245,40.20724770721295
969,969.jpg,data/processed/wang/food/969.jpg,food,89.95882161458333,89.96324397903402,67.43554370746676,86.70897420247395,77.72744885411227,68.12913092028455,64.03526814778645,77.55927126486084,79.36136037677238
970,970.jpg,data/processed/wang/food/970.jpg,food,65.23751831054688,69.67322563080816,68.97595366696123,49.225799560546875,57.126646538923204,63.8280680486006,32.811625162760414,46.763208021461224,59.87027799228303
971,971.jpg,data/processed/wang/food/971.jpg,food,105.0363057454427,57.86587726489323,12.214067975900015,60.01433308919271,45.69934733371219,41.562143791652666,52.70653279622396,40.737256358643805,43.66693970471175
972,972.jpg,data/processed/wang/food/972.jpg,food,168.6553751627604,41.955023622434744,-45.90924832126341,145.71432495117188,59.67014912543158,-57.51939259855817,134.89673868815103,63.94491024442235,-51.560843589434995
973,973.jpg,data/processed/wang/food/973.jpg,food,151.67774454752603,55.48459668277587,-54.099421530562964,64.86087036132812,72.66902456329487,69.45034642332706,58.65302530924479,56.84463421796751,63.74526121366654
974,974.jpg,data/processed/wang/food/974.jpg,food,131.02119954427084,65.93757743227009,-42.84905701098417,109.99984741210938,58.13977912937961,34.79567887028493,78.28701782226562,61.81022071904257,52.38118452043851
975,975.jpg,data/processed/wang/food/975.jpg,food,111.05203247070312,65.89655287560167,32.443811909907865,73.02939860026042,52.807540586109035,39.59087127520268,62.685404459635414,43.88813048444215,38.02780403951944
976,976.jpg,data/processed/wang/food/976.jpg,food,119.4818827311198,66.87288710315987,-35.17200222857233,82.88282267252605,61.14812401721608,52.08039825483638,66.3042704264323,62.12852086056815,61.9179066377012
977,977.jpg,data/processed/wang/food/977.jpg,food,151.88309733072916,60.32231125624967,-49.97924448741631,97.92653401692708,66.99388735609662,33.766339971131224,77.60110473632812,55.847880074554986,51.068471432778075
978,978.jpg,data/processed/wang/food/978.jpg,food,96.40334065755208,66.41725747793859,45.066244910100664,63.543548583984375,53.3100659385852,53.16919259221639,60.950337727864586,49.411908256400444,53.23703905412107
979,979.jpg,data/processed/wang/food/979.jpg,food,93.36208089192708,70.1722242286036,38.73820971707721,56.988789876302086,53.196409731155256,47.09526576705911,46.638834635416664,40.97499366248424,39.76670083441319
980,980.jpg,data/processed/wang/food/980.jpg,food,127.20169067382812,59.14359787901447,-43.60897635144997,96.29832967122395,55.5569609160448,37.81295636149107,60.001546223958336,48.719601249897714,47.11598910131967
981,981.jpg,data/processed/wang/food/981.jpg,food,92.54315185546875,73.2415597854927,54.56879979252116,73.04453531901042,60.31636387804426,54.428697248201004,44.866414388020836,45.22657349356579,50.944667745330605
982,982.jpg,data/processed/wang/food/982.jpg,food,75.29086303710938,73.25757326961595,70.97485885488244,56.919881184895836,65.674897091611,71.41480616110306,52.08576456705729,48.43820584151954,56.11868995119906
983,983.jpg,data/processed/wang/food/983.jpg,food,63.71924845377604,66.83362388678903,62.00358891377563,40.7457275390625,50.77651322114506,59.49642636339898,34.39246622721354,42.28888200008529,52.55388876810274
984,984.jpg,data/processed/wang/food/984.jpg,food,150.85294596354166,57.64357924750358,-54.99816760830677,101.66309611002605,52.63526460770343,-34.45790936414379,71.14161173502605,44.6688095591864,39.69060816194353
985,985.jpg,data/processed/wang/food/985.jpg,food,145.0521443684896,61.24444452809315,-50.76935136227668,112.04923502604167,60.520496581022144,-34.54741481787072,80.10170491536458,47.69283486797892,41.902916293437826
986,986.jpg,data/processed/wang/food/986.jpg,food,172.35391235351562,56.71866947481486,-61.870707783583725,145.01053873697916,68.9794420277786,-57.103122783764604,115.28494262695312,78.93813425224869,34.69507822387881
987,987.jpg,data/processed/wang/food/987.jpg,food,131.9052530924479,50.79514929246002,-42.430908568256434,91.91663614908855,44.9303941008629,-29.733905630322262,78.0601298014323,40.340741476822394,-8.000670522334074
988,988.jpg,data/processed/wang/food/988.jpg,food,119.83927408854167,64.02529761148071,-23.607890420754494,85.03587849934895,60.00990607451804,41.07689540434365,62.35484822591146,45.92960830178554,42.11449250143829
989,989.jpg,data/processed/wang/food/989.jpg,food,139.35181681315103,64.74345291524826,-48.585300194526624,100.7284444173177,58.978702802575256,35.74056363405596,69.35540771484375,53.49355467623364,46.12710185047378
990,990.jpg,data/processed/wang/food/990.jpg,food,110.6411844889323,62.28528715235262,-26.917930547210382,83.17868041992188,57.845151646394584,39.56312053992353,65.52667236328125,52.776238597735826,49.70467943364022
991,991.jpg,data/processed/wang/food/991.jpg,food,145.83724975585938,70.8181042499395,-62.5003461666046,134.34933471679688,64.88219528106819,-46.40254629061513,103.00107828776042,67.7615255716371,40.74487017528295
992,992.jpg,data/processed/wang/food/992.jpg,food,147.89148966471353,66.84942221630357,-57.71899506666149,127.72964477539062,66.53196905995331,-39.958408712310444,91.62366739908855,68.53340396818803,53.44871916939003
993,993.jpg,data/processed/wang/food/993.jpg,food,143.15985107421875,75.21880761866792,-59.2021347162251,133.81523640950522,74.78851089360721,-48.85434364082339,115.12399291992188,83.21336055795913,-25.138883078230094
994,994.jpg,data/processed/wang/food/994.jpg,food,117.45016479492188,71.06702421316679,25.034930772853578,60.01910400390625,73.66706252802801,75.96768704481556,46.508951822916664,48.24097334445415,58.25023321568998
995,995.jpg,data/processed/wang/food/995.jpg,food,171.28438313802084,64.6488042682976,-62.36217932482164,166.491455078125,69.8768598421887,-66.53347926513678,167.03662109375,72.50237262669174,-69.9040100690335
996,996.jpg,data/processed/wang/food/996.jpg,food,165.57689412434897,52.12537730980442,-53.53784211760455,109.14715576171875,76.65337209529814,-38.262373904768964,96.73631795247395,66.26415419885718,44.51809290036272
997,997.jpg,data/processed/wang/food/997.jpg,food,177.12970987955728,55.15279448989336,-60.8270309439969,166.35901896158853,66.68674340717472,-62.3475747696297,148.36133829752603,71.79298663175804,-56.93629126709152
998,998.jpg,data/processed/wang/food/998.jpg,food,82.91063435872395,69.7013536890324,58.30357327269976,59.31981404622396,63.493193203305424,63.670640685663415,55.883219401041664,58.56608490633936,63.031161308973054
999,999.jpg,data/processed/wang/food/999.jpg,food,123.8857930501302,61.21678477962578,-43.60933288876882,103.29443359375,68.50948621970565,17.872308544859138,102.2247314453125,59.13552973297545,29.956090523536712
