image_id,filename,filepath,category,h_mean,h_std,h_skew,s_mean,s_std,s_skew,v_mean,v_std,v_skew
0,0.jpg,data/processed/wang/africa/0.jpg,africa,88.83679276694905,93.9182771581198,105.23873682798137,0.40125919877242683,0.2123964409580799,0.17182223022647947,0.4612731247253616,0.21034619167146845,0.1457167918310224
1,1.jpg,data/processed/wang/africa/1.jpg,africa,111.11123182110077,128.81736064460202,122.66042883739189,0.36901833284234914,0.17825741483528898,0.09806861186357421,0.45563299749816605,0.23677766153506263,0.1282689256955495
2,2.jpg,data/processed/wang/africa/2.jpg,africa,79.0652316009285,117.01518479685927,139.94269348717398,0.36127745117462,0.2031511179794975,0.15738694370953188,0.4365455874396389,0.26028149486130514,0.1854604913664859
3,3.jpg,data/processed/wang/africa/3.jpg,africa,82.17557173589314,116.88436739424925,139.28709397536772,0.24277424794518274,0.1536450960213754,0.13957092517931768,0.5074159831923263,0.2370115531274012,-0.13048368206395883
4,4.jpg,data/processed/wang/africa/4.jpg,africa,93.59745293459127,65.14624253723227,90.42922766271008,0.2845482032594191,0.21073237848545662,0.20210023963561355,0.4064953054168304,0.2842428596084007,0.24044760303938587
5,5.jpg,data/processed/wang/africa/5.jpg,africa,78.35118282292449,117.73505027403364,139.69751745195464,0.3874963590542298,0.2056380808016879,0.13111294308385635,0.5148232174352833,0.23653675658763926,0.08031967589914907
6,6.jpg,data/processed/wang/africa/6.jpg,africa,138.9188230796723,151.67088825351527,120.36479041803497,0.4441659856170948,0.21183342111482736,0.14333753083783218,0.36879712190123354,0.21389208468869142,0.19380331667350337
7,7.jpg,data/processed/wang/africa/7.jpg,africa,159.09532080811914,140.52767392470128,102.92378343185203,0.3598810348787633,0.26141149415721454,0.19048216477851618,0.43323345230055565,0.26696074657976415,0.20681939318366416
8,8.jpg,data/processed/wang/africa/8.jpg,africa,93.01225939032156,121.84990453337493,136.34607765816023,0.37903756275973893,0.2283533642589455,0.1735525285080899,0.4051277605099983,0.21182345103599629,0.18942511300348797
9,9.jpg,data/processed/wang/africa/9.jpg,africa,102.04836954207288,98.17362662894193,106.80286569669741,0.2860638550930048,0.1908800557159125,0.19720686586654784,0.3991232967330471,0.23055926266596502,0.1843844617902754
10,10.jpg,data/processed/wang/africa/10.jpg,africa,76.99854866257829,101.5284445611644,123.37914691869346,0.3651763999656339,0.25124738191014895,0.16296675050815812,0.569106848569452,0.2307724142970975,-0.15442478974232693
11,11.jpg,data/processed/wang/africa/11.jpg,africa,73.07020703884216,80.1722953349568,102.96908737281328,0.3870200437203171,0.21578860681756337,0.03636894904855642,0.5085181258047887,0.2245865883436884,0.11387062417195315
12,12.jpg,data/processed/wang/africa/12.jpg,africa,97.1202500061845,120.47169089893809,132.26364128498943,0.4432041867920968,0.256280642839281,0.025011179171727224,0.4296864724983986,0.2552366173902265,0.1769433276980496
13,13.jpg,data/processed/wang/africa/13.jpg,africa,108.11493120336763,117.41888819942199,120.88343928088909,0.4125219775904725,0.2445238528753647,0.1350365586803613,0.3924581781594488,0.23876669613281573,0.19404974780449918
14,14.jpg,data/processed/wang/africa/14.jpg,africa,69.5855153635639,34.51600854766137,54.65605672712696,0.25915367735544237,0.17349341155050316,0.14099162199403822,0.5066999967111011,0.2342763651998369,-0.1221885713414852
15,15.jpg,data/processed/wang/africa/15.jpg,africa,96.62252443183722,114.16404692524674,122.57682889259443,0.46359015620444666,0.2673221503279774,-0.09980120172913393,0.4922281996968678,0.2814617311113126,0.1352966520984648
16,16.jpg,data/processed/wang/africa/16.jpg,africa,217.4254548562567,160.2524662728688,-125.27999280774196,0.45736823472733096,0.21351977993429308,0.12395350352697342,0.3710707813874781,0.20047697553591076,0.1574835706174817
17,17.jpg,data/processed/wang/africa/17.jpg,africa,153.92831965180935,148.8868618126263,101.38287795065803,0.4039950186228509,0.20732548109230062,0.08913100994366616,0.36239178017979157,0.25320692511041837,0.23017684535126234
18,18.jpg,data/processed/wang/africa/18.jpg,africa,110.04793602677212,138.38515350576006,135.1468817106838,0.43801422973796394,0.2629292121569782,0.18061745941942883,0.37819485924361135,0.29244466820231824,0.23748271511476818
19,19.jpg,data/processed/wang/africa/19.jpg,africa,75.67397512290002,96.75672319850439,122.0045204807289,0.32322882833564864,0.17513809054401616,0.15641108942333237,0.46403422715733217,0.22734618180661026,0.1544935132420553
20,20.jpg,data/processed/wang/africa/20.jpg,africa,156.849946113102,152.26664001475544,100.87364039885719,0.289205562634739,0.19056065964327787,0.14861981859301998,0.41294329311699585,0.2380990369024509,0.14135941009897607
21,21.jpg,data/processed/wang/africa/21.jpg,africa,143.4540239598482,164.6722584079832,124.18518851964157,0.3738358774963994,0.18158900696921387,0.11649949401594253,0.5040632772304056,0.2599370705418346,-0.1269317940103874
22,22.jpg,data/processed/wang/africa/22.jpg,africa,76.6200911619914,104.818946909118,123.40228884225249,0.2762475918884964,0.17638476814327544,0.15492760048865656,0.4649991811628193,0.24168539323441102,0.12230568802975764
23,23.jpg,data/processed/wang/africa/23.jpg,africa,65.40271527108173,95.24626471285889,122.74181230762696,0.23754163774968143,0.16236784044057556,0.1444780435731757,0.4818021189536476,0.27247973446746193,0.12183505402962104
24,24.jpg,data/processed/wang/africa/24.jpg,africa,119.24154280644022,149.8977901209214,134.6728397745105,0.27132198468668395,0.16274222166456517,0.1298564587948478,0.37620994117818896,0.2858321012854107,0.1948865084435471
25,25.jpg,data/processed/wang/africa/25.jpg,africa,130.30900393637117,141.92753856392878,126.71464254311093,0.3138056691441496,0.1827954379324619,0.16144790754683916,0.49799486734187326,0.22892651898341623,0.09845163267529114
26,26.jpg,data/processed/wang/africa/26.jpg,africa,120.18755756821368,135.18607588744158,125.54148147420614,0.37258201477726516,0.21248385029112438,0.134312130426477,0.4879834650283404,0.261382271490921,0.0840384843039785
27,27.jpg,data/processed/wang/africa/27.jpg,africa,78.27390027944057,114.46849117197502,133.77929620413613,0.2760153048733211,0.15577495776233466,0.09935290977346199,0.42884809756433623,0.23796110105722554,0.14046756981174016
28,28.jpg,data/processed/wang/africa/28.jpg,africa,58.351829631554814,56.58934635486276,82.10983269230708,0.30150036871274705,0.17562059766875388,0.11844699813661291,0.47581584624493206,0.2720663237865217,0.12971116689905532
29,29.jpg,data/processed/wang/africa/29.jpg,africa,106.5256096187283,118.6592359715971,122.89497674748931,0.26678733672808147,0.17766292917980064,0.17212111739327596,0.3729346261831002,0.2580199437634798,0.21752748150092954
30,30.jpg,data/processed/wang/africa/30.jpg,africa,108.63123347539234,74.24990115987146,69.7081916524976,0.27490358125171116,0.1772892572761427,0.19777599024971754,0.34840842734623817,0.1862837603713028,0.1768927806087071
31,31.jpg,data/processed/wang/africa/31.jpg,africa,64.64986100635481,46.96976440913948,76.20681036034219,0.33647687247011504,0.20283638813030344,0.19295969417126282,0.43658763402856,0.2517055522078435,0.17427999511467138
32,32.jpg,data/processed/wang/africa/32.jpg,africa,88.98922445277792,118.08625748291794,128.08359609049785,0.3244495345149308,0.1660822683848544,0.11242507566416365,0.3562273100090086,0.24842505495052317,0.21277881801866952
33,33.jpg,data/processed/wang/africa/33.jpg,africa,77.8896015251424,52.24530575476008,66.14877711698276,0.25905105905764003,0.1399193774351833,0.16972172252473916,0.49239614804928067,0.20256556826074448,0.09298359302498913
34,34.jpg,data/processed/wang/africa/34.jpg,africa,82.49167797766859,57.652055700559146,85.24277200901464,0.3699538507787092,0.1829714761260756,0.11903871189986037,0.6116796685690579,0.227597492992657,-0.1979025308036869
35,35.jpg,data/processed/wang/africa/35.jpg,africa,131.24704525991334,114.75432370735594,88.7900540032941,0.3879567652941489,0.27352466829182376,0.21619954740303066,0.4216767057404998,0.2619737270513254,0.1441820004308193
36,36.jpg,data/processed/wang/africa/36.jpg,africa,83.45371637701403,122.52456385291552,137.59095121515887,0.5724747574136492,0.22171539107656874,-0.18546760000582796,0.4532951113441565,0.23554753286886435,0.15206821891927447
37,37.jpg,data/processed/wang/africa/37.jpg,africa,107.52106671413094,138.78517680295806,139.95922805739414,0.48542702788482,0.24575396978446135,-0.11006778638049053,0.4602290642262072,0.25506966284491733,0.1222266605490182
38,38.jpg,data/processed/wang/africa/38.jpg,africa,133.15947244165787,146.24572501950246,121.51640565632901,0.3060049722829869,0.1957969109560902,0.16505181223672016,0.3410944204185474,0.24791748509441397,0.21547002988310993
39,39.jpg,data/processed/wang/africa/39.jpg,africa,134.2441379414619,127.8059245229178,112.51173289403556,0.269507018911933,0.22170871707212525,0.20160421027138936,0.5197082607046184,0.3136513009150955,-0.1586584794727276
40,40.jpg,data/processed/wang/africa/40.jpg,africa,123.9650462205697,132.6597103804017,123.43263388368038,0.27563182372740397,0.22510339286760359,0.22130105546013532,0.3981274256406948,0.28123007108868614,0.22936088323028025
41,41.jpg,data/processed/wang/africa/41.jpg,africa,106.39421364060217,128.00256145116373,134.14258644605633,0.26009713114374716,0.19147180971329864,0.16897341716714798,0.45470366489322106,0.3006587495614796,0.18314667645041943
42,42.jpg,data/processed/wang/africa/42.jpg,africa,183.17611105711512,148.81541514673782,-79.11195168019202,0.27984503806380684,0.17452985630346693,0.14436830545424587,0.342947296848763,0.23619619837912204,0.19464358334263826
43,43.jpg,data/processed/wang/africa/43.jpg,africa,90.92261124241122,105.62651492102464,116.77115725903371,0.2525282692423237,0.19977337526381947,0.18482886214313457,0.5287158132166118,0.30058179130557666,-0.13747709267376756
44,44.jpg,data/processed/wang/africa/44.jpg,africa,91.10175167276368,103.94868303972117,121.19528478203267,0.30874978261932523,0.22839343919489977,0.1666798960807963,0.39027311720122765,0.3211022149610319,0.2471890695880039
45,45.jpg,data/processed/wang/africa/45.jpg,africa,93.45734300977044,109.74966155010333,126.02948614300604,0.35156792009259635,0.22291341364837236,0.18136162069567086,0.27772157638319567,0.2220648954923583,0.2259157728874021
46,46.jpg,data/processed/wang/africa/46.jpg,africa,119.78352158192683,130.8520057718735,121.41779843819015,0.32627320795024656,0.2115580658885865,0.16938455295885915,0.2502798501529071,0.21622539458346332,0.23580704582685233
47,47.jpg,data/processed/wang/africa/47.jpg,africa,68.13156338967231,100.952232159081,130.22744932678762,0.38468344435231455,0.2111791851159008,0.16439531016027048,0.5351944380803815,0.2462955759393811,-0.07134554614496949
48,48.jpg,data/processed/wang/africa/48.jpg,africa,90.33850180097609,86.16666286320726,106.50067965879364,0.3835281193515338,0.22080739340884253,0.17254476081758274,0.3467705311380674,0.22276555342783783,0.19790183120945748
49,49.jpg,data/processed/wang/africa/49.jpg,africa,138.6192060263687,140.9630693329037,110.01093064818225,0.3206666500456758,0.20083437179644417,0.18003298983472116,0.40948395546966765,0.24075296262366275,0.20160212546359757
50,50.jpg,data/processed/wang/africa/50.jpg,africa,132.85269736002556,154.13208716297777,134.76702437783308,0.5744710964908298,0.24070828008168865,-0.18508335936841913,0.5736496581440728,0.2529397879237195,-0.1460088879296123
51,51.jpg,data/processed/wang/africa/51.jpg,africa,58.94967858388554,51.38977855198276,81.22783435949071,0.3035269401935352,0.18753940351872636,0.18561580108313064,0.36675455808947294,0.24379075625452962,0.20937618401208458
52,52.jpg,data/processed/wang/africa/52.jpg,africa,112.81602476025243,126.13974423201027,129.77653950434646,0.2955295977109624,0.16760831892179404,0.18646859593404547,0.5238555821825202,0.24456302517966552,-0.07659986479947437
53,53.jpg,data/processed/wang/africa/53.jpg,africa,74.02392116168873,66.40890593763206,88.39263501362169,0.36532707178841406,0.18609119426933385,0.11305461460240765,0.5017076401419539,0.21741867603610351,0.06338341342427342
54,54.jpg,data/processed/wang/africa/54.jpg,africa,85.96440502473736,122.15236027012149,141.66368334903916,0.4738772626553782,0.2628524437302737,-0.13732062696690342,0.518711354510098,0.27114561894852623,0.05615699761038463
55,55.jpg,data/processed/wang/africa/55.jpg,africa,157.34630107882853,140.7691862956562,94.67903412007098,0.28841979495824904,0.2310115879939704,0.2334111653108893,0.39021483673948393,0.2668435072509971,0.2099163780792241
56,56.jpg,data/processed/wang/africa/56.jpg,africa,89.21820410664834,120.23573878031549,132.2620313908696,0.4591938642489879,0.22189826257392276,0.12166864677942119,0.43761513895407234,0.24270475016543946,0.18580007929437775
57,57.jpg,data/processed/wang/africa/57.jpg,africa,104.29182364088472,136.51098384909136,140.55672781907344,0.4365168099446066,0.2739662361836446,-0.05676683143935014,0.36592280465663407,0.2644781718380001,0.19989719442246576
58,58.jpg,data/processed/wang/africa/58.jpg,africa,92.99587400812561,117.81097699554434,134.16203046423738,0.4536826516511023,0.2477485790994529,0.16260059642131033,0.4346880850966812,0.2285646142083605,0.1502119093892195
59,59.jpg,data/processed/wang/africa/59.jpg,africa,117.40236908365569,149.98098372020456,139.69821684311998,0.40539349689216425,0.20552184475315388,0.12849835713132723,0.42927091454422356,0.26073274842625677,0.19826520340641074
60,60.jpg,data/processed/wang/africa/60.jpg,africa,100.48747507221712,111.08614450388373,119.24812021216063,0.4038716588478432,0.22752350215998243,0.17160889498724524,0.4330360260726233,0.24237990556934264,0.18745026553980473
61,61.jpg,data/processed/wang/africa/61.jpg,africa,69.22466043015629,95.00614495282899,124.36858924763513,0.3950521602758765,0.2155047245404625,0.18933247682176654,0.4796217294567195,0.22467002305462047,0.10776529079998326
62,62.jpg,data/processed/wang/africa/62.jpg,africa,168.35480537100133,139.80424578512896,88.01209557636619,0.32915726167670795,0.2306931671888009,0.18730149086660053,0.3819019277418458,0.24362381772548916,0.22847624224010366
63,63.jpg,data/processed/wang/africa/63.jpg,africa,86.9689770839638,56.76038911985204,66.7312736910961,0.39684023024080756,0.3000143851069551,0.2476032010100745,0.4948818725691619,0.30194548484222666,-0.14527684951415723
64,64.jpg,data/processed/wang/africa/64.jpg,africa,134.99628572810252,155.3608373046147,127.00712285120629,0.29242235892228524,0.16684761639002005,0.1470139748084546,0.4493723444540194,0.2763358974114519,0.1880987990121284
65,65.jpg,data/processed/wang/africa/65.jpg,africa,166.68893861141018,130.87467028635314,-40.40294665957491,0.4473051357785683,0.2872194260892439,0.14821839548810345,0.3015965340714075,0.28032969402547037,0.28480115999467226
66,66.jpg,data/processed/wang/africa/66.jpg,africa,64.74691122956695,109.92001395234723,136.27523605239227,0.4069643627274786,0.17213485690262195,0.07530385302859975,0.40590605951956604,0.2670773369118977,0.11699329864751946
67,67.jpg,data/processed/wang/africa/67.jpg,africa,108.6984724999905,132.27799840667572,129.057981669527,0.4151037713477403,0.21608721796891683,0.12072144063814205,0.41314415096085594,0.2216527858608925,0.1343538692408247
68,68.jpg,data/processed/wang/africa/68.jpg,africa,93.06512940001691,92.6826928847433,100.36639971914352,0.3630513149819308,0.23155665504172274,0.1843652010737999,0.43594201798706916,0.2610357523698199,0.1473764652812826
69,69.jpg,data/processed/wang/africa/69.jpg,africa,131.87408488491897,150.09474042776466,133.89888879233558,0.6390999157960758,0.24977086587412498,-0.2257675327749058,0.37127985618069675,0.2517839524251476,0.21413879116290424
70,70.jpg,data/processed/wang/africa/70.jpg,africa,118.82955772035227,85.8914285242672,78.01219455753434,0.2556224075577613,0.12966637570850773,0.16030690097289274,0.42521913862548405,0.18605582837414045,0.15116784110965253
71,71.jpg,data/processed/wang/africa/71.jpg,africa,98.86533422567543,119.24844627786713,128.42965948434633,0.27872488729373873,0.14030811823010947,0.10066974529065213,0.5224672934365865,0.2178160323654485,-0.13348649097656398
72,72.jpg,data/processed/wang/africa/72.jpg,africa,94.37923700340555,131.75918581093373,138.67757525160744,0.36606997952309445,0.1775842443871169,0.11651045057381271,0.45637778554896613,0.2611496460311408,0.10372057890397939
73,73.jpg,data/processed/wang/africa/73.jpg,africa,129.97291159388988,60.4177224101654,-44.57137228117659,0.19767581352869948,0.14860935385176885,0.19831695073568678,0.7243920917131798,0.22892948861538126,-0.26408407414366336
74,74.jpg,data/processed/wang/africa/74.jpg,africa,162.78881484724238,117.86704962483107,85.83692875145114,0.287361861415197,0.1486126376602998,0.12232395189253717,0.3613983052148768,0.20666125686410686,0.13804508087032324
75,75.jpg,data/processed/wang/africa/75.jpg,africa,162.92014109953257,159.2957989677704,94.47794814387771,0.261385976108528,0.16368717461364393,0.15746259664020007,0.4506717568386212,0.23626868816572238,0.14610306177325472
76,76.jpg,data/processed/wang/africa/76.jpg,africa,151.00320218904622,135.06411941146553,105.24073573570467,0.47141424412185035,0.24986287154006703,0.05945899748284575,0.4442443537955967,0.28163640610713864,0.2030660498639777
77,77.jpg,data/processed/wang/africa/77.jpg,africa,82.23266242346897,111.05227643292996,129.88599396662636,0.29731296101904076,0.15330671769085613,0.13995635028444275,0.48329125823808755,0.24369263866495128,0.11610501635888454
78,78.jpg,data/processed/wang/africa/78.jpg,africa,122.25634059094803,132.55584639151562,126.13639249536556,0.4638859798384658,0.29493994194461565,0.1530026074093781,0.3585079908960959,0.21455854507543518,0.1804882527882959
79,79.jpg,data/processed/wang/africa/79.jpg,africa,158.7910164237037,60.767581928145425,-66.12303325267757,0.11633465390049953,0.11394486199128608,0.15262204351624553,0.7718287751559197,0.17976657355321904,-0.243705157581147
80,80.jpg,data/processed/wang/africa/80.jpg,africa,97.11681085376767,107.71853723281727,121.46505405063232,0.4477091842614887,0.2603855443673454,0.14313278732125784,0.4861606278496377,0.2556034174037189,0.14223755703544305
81,81.jpg,data/processed/wang/africa/81.jpg,africa,112.7278271676693,124.06375480149576,124.68413171263583,0.3749152730027087,0.25718443405882013,0.16831470703723891,0.35231599310435513,0.2584190347894466,0.22821871096843488
82,82.jpg,data/processed/wang/africa/82.jpg,africa,81.71046471217475,120.79157992985598,138.46642623536587,0.4119182281130615,0.19252674031500522,0.11158973364285957,0.3716265196917637,0.25303223437004235,0.21663682686460606
83,83.jpg,data/processed/wang/africa/83.jpg,africa,109.7639026147023,138.3391035432121,137.3500393083997,0.28380563176826473,0.1928608283169194,0.1645605418599696,0.3379747261129656,0.24995096178706247,0.22480206064982178
84,84.jpg,data/processed/wang/africa/84.jpg,africa,70.29737047999151,93.76199256826028,122.92218561091735,0.3418882447288259,0.19719984926658882,0.1593225451554618,0.38016278536404496,0.2593751988781434,0.21022361822590377
85,85.jpg,data/processed/wang/africa/85.jpg,africa,74.2560468902778,85.84610128494879,109.52660200054802,0.3768035526220406,0.21722576410518352,0.149238325700574,0.33993132178692537,0.23873900835505507,0.22406101059681902
86,86.jpg,data/processed/wang/africa/86.jpg,africa,75.20650018112003,85.42195071113085,99.03889924822208,0.30924929155681485,0.16930240232504862,0.12064516340100948,0.5773351461844527,0.23198966745916544,-0.18230066130448105
87,87.jpg,data/processed/wang/africa/87.jpg,africa,65.03873970477132,89.56865786992216,120.70400822038843,0.4707783629891746,0.24991364972145658,0.15274094026578128,0.3725137638023786,0.23540893663178153,0.20118282889447922
88,88.jpg,data/processed/wang/africa/88.jpg,africa,119.16771652103186,92.66683304238124,80.65161352496307,0.4637393715032374,0.20248956427756587,0.14566273359756388,0.46522696679420505,0.20268538283278975,-0.07208135316755009
89,89.jpg,data/processed/wang/africa/89.jpg,africa,64.24971151826564,41.89621898837651,68.77904983209189,0.32844664309345717,0.20892408152779285,0.20796362008767982,0.32436771562772054,0.22547469556879732,0.22337952034022449
90,90.jpg,data/processed/wang/africa/90.jpg,africa,81.49507702390353,33.40439423545107,45.929934900842525,0.35741610270525825,0.22434007736430273,0.1829659904493716,0.4000796742355561,0.26511523583404367,0.18816606004794534
91,91.jpg,data/processed/wang/africa/91.jpg,africa,123.25021248062028,118.18892357914933,109.15050815134609,0.2491706590464086,0.1795360313917575,0.1877520818060034,0.4158605333369915,0.26048698003919973,0.18109565978292194
92,92.jpg,data/processed/wang/africa/92.jpg,africa,98.84975567717386,103.82282575513388,110.43588392928497,0.17426419455343498,0.1298257829394752,0.13319339912410022,0.4263741789051731,0.20632136461516443,0.16241984222771
93,93.jpg,data/processed/wang/africa/93.jpg,africa,99.04386282891817,84.60933804218502,87.38832839443558,0.1696684012741135,0.1393269915568842,0.16212990903282823,0.4224081694694159,0.2697869981002394,0.18844597725216114
94,94.jpg,data/processed/wang/africa/94.jpg,africa,83.48183038019427,93.07807683286737,108.09202987654251,0.3660571308206973,0.21348422585449825,0.14280635737177866,0.48574347523117467,0.22619889715026703,0.14358695548758074
95,95.jpg,data/processed/wang/africa/95.jpg,africa,160.31556296565273,115.51961518067387,21.69728730300443,0.24541162224012206,0.19711066056814272,0.19395316366989512,0.43609292834297264,0.3158936302584485,0.18482120361843896
96,96.jpg,data/processed/wang/africa/96.jpg,africa,57.78949315332526,65.33580898025217,86.1274167467162,0.29344465392663704,0.19359664575949215,0.17257160482371386,0.5274378265763554,0.2460369272896842,0.10803787729741174
97,97.jpg,data/processed/wang/africa/97.jpg,africa,74.86508662108827,115.65124288418575,139.47937009393445,0.30561221740142247,0.17265130533004625,0.1163867902578223,0.46498909008701617,0.19304750765855833,0.06135248071584866
98,98.jpg,data/processed/wang/africa/98.jpg,africa,84.93875762584018,98.43266295268663,121.44237137288539,0.21943579953223016,0.12259212543749605,0.1541390213881349,0.4600731258574437,0.18441537317142925,0.1292194671324567
99,99.jpg,data/processed/wang/africa/99.jpg,africa,78.7723449820187,102.82088607070634,124.14833871063473,0.27540735713390063,0.1628448171395887,0.1399795712637389,0.37405719536334914,0.23405715704812755,0.1955145612535377
100,100.jpg,data/processed/wang/beach/100.jpg,beach,192.61597609390083,126.88549125107362,-87.03456383661577,0.3652768479905954,0.28222455502566024,0.2556653486390714,0.49977246594490055,0.24120482114316272,0.0742444250079003
101,101.jpg,data/processed/wang/beach/101.jpg,beach,140.14597561141514,70.58686683562004,22.132725935745068,0.3120634039565573,0.3073556278527259,0.28345202054042495,0.7300587109846598,0.1491969819423136,-0.1929578704419891
102,102.jpg,data/processed/wang/beach/102.jpg,beach,150.89336343443452,59.87188616973928,-50.366391651071915,0.3357123960437131,0.2554926894797428,0.23333663771536378,0.5860585920960185,0.12816570014021061,-0.12736901548989998
103,103.jpg,data/processed/wang/beach/103.jpg,beach,107.40701579990491,96.77431366499985,78.10449683882906,0.4182558218920178,0.2998315942070834,0.27648038948707243,0.5251409935670684,0.1692095985262292,-0.07118271247219728
104,104.jpg,data/processed/wang/beach/104.jpg,beach,185.48064679245363,66.80708523181173,-72.87542098728228,0.2675801761050612,0.2723889548657628,0.28505068844185966,0.6425808542155664,0.15570149255409865,-0.16957199034181505
105,105.jpg,data/processed/wang/beach/105.jpg,beach,173.91262824504884,135.6928808700035,-48.478076494011916,0.6224695529196916,0.19979341746584192,-0.11968177804471758,0.4521671990980091,0.22544166030934176,-0.0917130669311972
106,106.jpg,data/processed/wang/beach/106.jpg,beach,120.78382352160527,97.23107379437636,70.24261665797715,0.4057237854273505,0.2996948475754855,0.2574905059007215,0.6708142784207496,0.18903291918042547,-0.2200039222417306
107,107.jpg,data/processed/wang/beach/107.jpg,beach,127.53246169557617,80.88889030830038,54.978073266201434,0.3683471283341646,0.2669191004807219,0.21913726966130936,0.5708925482798245,0.2113781875538252,-0.21018146014518826
108,108.jpg,data/processed/wang/beach/108.jpg,beach,71.77164673277366,63.913807581005344,89.18531560357337,0.3029265293303638,0.14656724162311904,0.16278940796211164,0.5336984851181134,0.152854413327596,-0.14596714016808515
109,109.jpg,data/processed/wang/beach/109.jpg,beach,128.0119586970674,113.38817795666056,97.3652446237574,0.3549096414977176,0.2900206434453378,0.28105801830202026,0.3711838764088545,0.25787151791529606,0.13609498241495058
110,110.jpg,data/processed/wang/beach/110.jpg,beach,119.81248500128943,104.36939332729008,81.77708169185436,0.4807663519729222,0.3009003613604818,0.203736914599633,0.3978068527743517,0.18117599471248724,0.12960525201285855
111,111.jpg,data/processed/wang/beach/111.jpg,beach,170.15811828538062,78.03208025384812,-70.13283364323429,0.6330001152086785,0.2751320218313942,-0.20784485597559976,0.5022137955888107,0.21590508142600442,-0.16455205712467968
112,112.jpg,data/processed/wang/beach/112.jpg,beach,146.345272345911,111.95202318327996,39.754912048213384,0.5205771012590787,0.31076033392861124,0.20387961325545073,0.5780719565833863,0.22171607554289724,-0.18254735842598283
113,113.jpg,data/processed/wang/beach/113.jpg,beach,196.7813446753013,62.39664721907744,-79.05686763929604,0.3234426505450756,0.18174149376988397,0.1855646590028311,0.5016518738143484,0.18228688849010585,-0.16231461204655584
114,114.jpg,data/processed/wang/beach/114.jpg,beach,139.13851691734575,92.01468261884575,70.12895889403137,0.3918672232688607,0.2857838218322969,0.2506920074037215,0.3795591343288578,0.25252674837098654,0.21753510922142144
115,115.jpg,data/processed/wang/beach/115.jpg,beach,135.57241609626877,53.09393782148914,-44.18042311070138,0.3672210913565645,0.2938374121112247,0.24094329139681794,0.47340986735539065,0.23059037230734847,-0.1267269465382879
116,116.jpg,data/processed/wang/beach/116.jpg,beach,150.11502647152278,128.9464842194869,44.29947648694612,0.4052321132400228,0.23864806699025634,0.21977596906939223,0.43631557091771356,0.1872389987559187,0.1440638529203252
117,117.jpg,data/processed/wang/beach/117.jpg,beach,137.2687718997404,85.08117991831978,-54.01211371304149,0.21325066189953645,0.1674353042024146,0.2124683026308125,0.6347233934927962,0.20727290969224235,-0.21658355332826723
118,118.jpg,data/processed/wang/beach/118.jpg,beach,175.6141999163665,102.69554168542606,-87.91615398961866,0.21674326858473592,0.136627552181982,0.16116304106722168,0.5414047061453857,0.21135440795856578,-0.09968841480051349
119,119.jpg,data/processed/wang/beach/119.jpg,beach,128.6118889782956,75.46296950026144,-27.188672496117352,0.4181738300591462,0.263223917361063,0.22426742562924307,0.5432096321680197,0.2546100411484848,-0.2240880676685315
120,120.jpg,data/processed/wang/beach/120.jpg,beach,155.41087425460623,88.86902814742308,-65.34026045258501,0.2139026409508631,0.17926780234970002,0.2108282059084535,0.5350443258676213,0.1768031214523126,-0.14687759472606715
121,121.jpg,data/processed/wang/beach/121.jpg,beach,195.37263641785344,115.48918239544165,-106.9501440865416,0.2509406441822364,0.15920274147866675,0.10873922680613546,0.39742304831726,0.20047991746611094,0.18804131543680513
122,122.jpg,data/processed/wang/beach/122.jpg,beach,178.23776166057178,50.27437300786617,-54.180487425886426,0.4608297613779844,0.2620176777143361,-0.15004545971478037,0.5216193419439037,0.22282553580502196,-0.14936807436451024
123,123.jpg,data/processed/wang/beach/123.jpg,beach,68.23344353915915,72.87716270141217,92.5876678885409,0.23913295095348985,0.1839164769057505,0.2299594407123868,0.6570824888570996,0.11656039914373438,-0.1322543665249739
124,124.jpg,data/processed/wang/beach/124.jpg,beach,115.73905780801518,105.41988356063558,97.71338464092224,0.23027809907576588,0.23312220158682476,0.2544121445752576,0.5081014501358491,0.22702496952267448,0.11735432417581582
125,125.jpg,data/processed/wang/beach/125.jpg,beach,163.23855929739815,66.96077577322377,-49.82657428853705,0.3004726162733012,0.26423601546153175,0.25464818087544006,0.5013473717617009,0.15944700935197695,0.13258792893037885
126,126.jpg,data/processed/wang/beach/126.jpg,beach,165.28998649053878,67.21228115399715,-69.7002088100338,0.554127395935609,0.17070266758008684,-0.14888691756809527,0.745992117806812,0.12199993037434063,-0.12917480230777967
127,127.jpg,data/processed/wang/beach/127.jpg,beach,182.31582129925542,67.12406113847615,-77.34868022553044,0.31375787692795143,0.15844125637475087,-0.07504935771095239,0.5957690068434166,0.12924006768861426,-0.15811871389907714
128,128.jpg,data/processed/wang/beach/128.jpg,beach,110.4508198715824,75.60629684294038,63.89594018860595,0.251551275533141,0.2358642762530402,0.26737130761787625,0.49873423230148245,0.23593594079304114,-0.2022883753885208
129,129.jpg,data/processed/wang/beach/129.jpg,beach,153.31261955276446,96.95711642360686,-41.89989013300428,0.2040813911616226,0.1657576477660014,0.18488159436828888,0.4153420134615544,0.18525796367597455,0.1660007951894626
130,130.jpg,data/processed/wang/beach/130.jpg,beach,133.3059296556312,91.27146246148823,45.6098178323886,0.280474682048047,0.2280138381927946,0.20723848641253517,0.6228472699803737,0.17413840009032766,-0.17266858140176158
131,131.jpg,data/processed/wang/beach/131.jpg,beach,100.4117439238956,100.35044120220483,86.99625877993644,0.1979230837607607,0.09987926669513476,0.13282013181552046,0.6410434447670639,0.19844896514303403,-0.23322721749065484
132,132.jpg,data/processed/wang/beach/132.jpg,beach,149.30670096623362,96.68099678410852,-52.445644337429364,0.4732885103994799,0.23995603076718686,0.1330383191484572,0.5395754897008942,0.18504176664555316,-0.11396427342619778
133,133.jpg,data/processed/wang/beach/133.jpg,beach,165.58286671323003,71.08207707765582,-54.770775546167826,0.5847308001659238,0.24558133778801078,-0.17439954662770646,0.47620049127376757,0.2255229901074089,-0.10821982195409818
134,134.jpg,data/processed/wang/beach/134.jpg,beach,161.86325879336314,70.05662982192173,-62.93943745183003,0.31199864597249416,0.19066856245290476,0.1911838307072288,0.49771845631431216,0.1812551919594201,-0.13215674602599725
135,135.jpg,data/processed/wang/beach/135.jpg,beach,199.0237189045923,39.51882986865758,-52.28916072909267,0.5527810413023341,0.27219817588930356,-0.1046239553855532,0.44790231782405004,0.16663314853969213,0.03782792325825432
136,136.jpg,data/processed/wang/beach/136.jpg,beach,130.67148486860484,69.63197514790102,19.574625036104507,0.4319672865013236,0.23868956898860627,0.1894186643620326,0.5393098062295536,0.16199377676328808,-0.14707170588189927
137,137.jpg,data/processed/wang/beach/137.jpg,beach,95.9489428333527,77.56874669248577,75.11175516526718,0.25558669268581485,0.20876161764201037,0.2123848733180131,0.5257531453660533,0.15634922909484508,-0.16981951609058238
138,138.jpg,data/processed/wang/beach/138.jpg,beach,183.8585192389534,56.70408967552674,-65.99602582573891,0.45775538991833287,0.2162292025147408,0.1764545813517434,0.6752015107281816,0.16907008012710606,-0.18293284874802057
139,139.jpg,data/processed/wang/beach/139.jpg,beach,79.8889789259362,63.505361691384174,73.91102778279082,0.19913236441536242,0.1052626221386907,0.1544930526181415,0.5967479589135157,0.19480718183764867,-0.20702440379457107
140,140.jpg,data/processed/wang/beach/140.jpg,beach,195.46851542986315,64.07266792673755,-51.80085955373193,0.30629140959662965,0.24215920681678826,0.24082983065249378,0.49224746953495924,0.24750913933556645,-0.16891022025556376
141,141.jpg,data/processed/wang/beach/141.jpg,beach,153.3053481879882,92.6423272400825,-68.63205276053283,0.5544859909746265,0.26480648359971776,-0.19669639435695413,0.412527575760123,0.17904364732974837,0.12992972972915812
142,142.jpg,data/processed/wang/beach/142.jpg,beach,160.99230867607184,83.10593054142934,-11.083708159039688,0.6343292174547249,0.26143464386508464,-0.19064289335405468,0.4490465872695637,0.18727653919458456,-0.06429415820040334
143,143.jpg,data/processed/wang/beach/143.jpg,beach,188.03954204762945,62.5197628296284,-72.348805093034,0.5632301379594745,0.2330411107401207,0.10939099958407841,0.4781027915690288,0.17281326282566067,0.11489319330914644
144,144.jpg,data/processed/wang/beach/144.jpg,beach,97.47179335813296,56.93194519497777,62.59457211147647,0.22112774684666192,0.17961610559729455,0.20528719316336255,0.5378818996722193,0.23956392807971627,-0.11487899284154603
145,145.jpg,data/processed/wang/beach/145.jpg,beach,197.10237805839037,90.80831354606809,-90.96259737813534,0.10527645637492355,0.11353222679794246,0.1554648349052511,0.4666855903399683,0.18454801822684155,-0.16520628879259036
146,146.jpg,data/processed/wang/beach/146.jpg,beach,134.66183644290263,80.50202274106833,-47.757089533494224,0.4499599149401187,0.25209933744359936,0.18226921538261065,0.5319852687330476,0.14527722191537978,-0.09278442476676131
147,147.jpg,data/processed/wang/beach/147.jpg,beach,97.2011033942478,80.59068207577991,73.77394777227599,0.4494382286923913,0.24637776965929967,0.20078851892980196,0.43974710255164,0.18976634962766617,0.06737054295970554
148,148.jpg,data/processed/wang/beach/148.jpg,beach,145.26663129131097,75.59218701779726,-26.6339618111001,0.37768567222581356,0.346391763651724,0.30098287784579225,0.5679565596505824,0.14029385489074786,-0.07044376676003766
149,149.jpg,data/processed/wang/beach/149.jpg,beach,152.593324157527,71.62434881474563,-45.82705039966595,0.31270885204905124,0.20211399732750385,0.18927079254024887,0.5350248247307453,0.126630429461297,-0.1348537665064554
150,150.jpg,data/processed/wang/beach/150.jpg,beach,170.8750258018772,89.37416611210212,-63.51598578251674,0.2531798915129002,0.2514164709576336,0.279009895816941,0.5169408228500316,0.16659608641227142,-0.14668222812321663
151,151.jpg,data/processed/wang/beach/151.jpg,beach,136.21862022136824,69.61609298629723,-41.02445284446334,0.3714017767368887,0.15196652447009507,0.13302508779993064,0.37555072209349305,0.15297624490597575,0.08202162476376722
152,152.jpg,data/processed/wang/beach/152.jpg,beach,182.57754963831272,54.98246548490316,-59.118088944798544,0.13412009542093037,0.20025341122485343,0.2828736995539933,0.6061324176563971,0.1210096318726006,-0.15339704720182545
153,153.jpg,data/processed/wang/beach/153.jpg,beach,81.17957582191836,32.86239466772611,39.803519522347834,0.30205466416256854,0.22131715243832353,0.2519201905445108,0.3998878344843367,0.21770308076136807,0.07953496002113765
154,154.jpg,data/processed/wang/beach/154.jpg,beach,176.1698221067733,65.39059106967335,-54.151264222892145,0.3491429276514661,0.2472862722178128,0.19737640990049893,0.5463516299699668,0.17532113778865716,-0.1577279223196002
155,155.jpg,data/processed/wang/beach/155.jpg,beach,113.42530640232629,116.65217829911312,87.32019485831407,0.25126359068954685,0.13644212686468216,0.14463284933884224,0.45302192843992845,0.13694205909001442,0.13047845557896748
156,156.jpg,data/processed/wang/beach/156.jpg,beach,167.69600810180236,93.7425482783652,-79.11803253409744,0.44659618960504116,0.22828154004582493,-0.16077374333813998,0.5180623151316629,0.140169823026501,-0.1381940757132562
157,157.jpg,data/processed/wang/beach/157.jpg,beach,192.21337921951272,34.42841067299572,-47.914769065323256,0.4993601951064477,0.2617732314854421,-0.14962977717354708,0.5715247642880096,0.12335275137796535,-0.07991407203175024
158,158.jpg,data/processed/wang/beach/158.jpg,beach,159.92383769826483,80.20290570069164,-73.94124761263598,0.3082771033388762,0.2019056725879628,0.22177217802693303,0.48134571962549444,0.16155967552909148,-0.1499127372055758
159,159.jpg,data/processed/wang/beach/159.jpg,beach,151.43624422632152,93.54810367361567,-65.9394229971872,0.33233708497139486,0.18487134439051037,0.15289341806309187,0.6416642068871662,0.16574750875274752,-0.16608229365323907
160,160.jpg,data/processed/wang/beach/160.jpg,beach,67.52575352112278,58.51088958088707,83.49491608425936,0.2680255721578438,0.20359557674046452,0.22163488378469048,0.4159461429752535,0.2624467160363303,0.14316812530385745
161,161.jpg,data/processed/wang/beach/161.jpg,beach,201.0471445540364,56.010125853918616,-66.95839805821043,0.40446692153737257,0.1893347209608259,0.14808399448460655,0.5717585339811819,0.10099787597243928,-0.072902697239948
162,162.jpg,data/processed/wang/beach/162.jpg,beach,153.00839362151478,78.11192764395518,-64.84647405364731,0.4920620889432901,0.3035206770789027,0.17838493921651866,0.5654602196194768,0.19991603786608145,-0.17626393765090678
163,163.jpg,data/processed/wang/beach/163.jpg,beach,172.42914723845024,42.283645960073976,-46.05811046839652,0.25023844638724313,0.1453904488129107,0.14376986202937006,0.6267005059267916,0.1198287048382111,-0.11828811325119663
164,164.jpg,data/processed/wang/beach/164.jpg,beach,125.33427115255593,114.516708786786,74.2405713268083,0.25493291661310497,0.1754608551457815,0.16513364425339516,0.3919473617609128,0.1751149548014845,0.1385144216485923
165,165.jpg,data/processed/wang/beach/165.jpg,beach,151.4004111719496,111.7735314252989,-49.07694483187116,0.3765900975313343,0.18738082370166043,0.1437850711210431,0.4825721240465886,0.1620235788560058,-0.10255010925089031
166,166.jpg,data/processed/wang/beach/166.jpg,beach,152.80727615536307,100.35884084923241,-40.00085667926129,0.30187542463747263,0.19441243771608566,0.16902325692725073,0.4920914136661925,0.20198963806523573,-0.16614740762258212
167,167.jpg,data/processed/wang/beach/167.jpg,beach,145.86889688023317,47.328515170316734,-43.63079939613348,0.3959312419099585,0.21215575241717752,0.20603650375252947,0.347906784477568,0.21272510692586838,0.1304332453345017
168,168.jpg,data/processed/wang/beach/168.jpg,beach,136.64373559433685,87.63056731980825,-49.77066294769324,0.3126484535556055,0.23369077082251313,0.17197107796528016,0.4347432983678298,0.21784954549675117,-0.13277426177071713
169,169.jpg,data/processed/wang/beach/169.jpg,beach,154.71941583924067,76.61512502775655,-37.6000729254711,0.3167835776980989,0.25033368147135027,0.1688862540723896,0.4651619046814612,0.20567206883867825,-0.13538884778761467
170,170.jpg,data/processed/wang/beach/170.jpg,beach,139.7231577799539,54.40315631265805,-25.533302395258634,0.30741283242562645,0.1967343257477927,0.22333600475349824,0.4224877163827235,0.20861044048295233,0.1328074222406348
171,171.jpg,data/processed/wang/beach/171.jpg,beach,124.67226296559117,68.49424235602844,33.903641392229105,0.41454835300624876,0.26124931949053615,0.2169204695023606,0.3726580550055445,0.18994673379943888,0.1300319352138189
172,172.jpg,data/processed/wang/beach/172.jpg,beach,138.45346967574974,97.67178747822459,79.80447521732509,0.5639978176048809,0.202672960890539,-0.08631635898418785,0.45664769680699635,0.17429094420550473,0.14470378906178832
173,173.jpg,data/processed/wang/beach/173.jpg,beach,171.42599808433442,65.5627780687496,-66.57552987210266,0.3814320105950249,0.2250343443926792,-0.08690689715832003,0.5207027426710104,0.14550071622483104,0.100962542033661
174,174.jpg,data/processed/wang/beach/174.jpg,beach,95.33063798997621,100.67698275542112,104.65708396548851,0.30762236718811664,0.1687996149908405,0.10494836353450257,0.4444925656864787,0.17288716048545097,0.11081837199185128
175,175.jpg,data/processed/wang/beach/175.jpg,beach,136.02267201687573,67.03975997559778,-31.683242182623466,0.3616826532026873,0.2549375368860047,0.20665406799435085,0.4345687689546243,0.21266292953198307,0.05683035298980067
176,176.jpg,data/processed/wang/beach/176.jpg,beach,159.26725129617384,84.83807531216385,-70.97269501143082,0.33653637412992526,0.14635324470793945,-0.08099297169557415,0.5589880206546667,0.2020911075513767,-0.18527284523289372
177,177.jpg,data/processed/wang/beach/177.jpg,beach,152.0392608631082,86.04120227834116,-60.388613113657556,0.39328602362374454,0.22602864866243944,0.08006257928659813,0.5721270545096407,0.19772168857082872,-0.19183087100664825
178,178.jpg,data/processed/wang/beach/178.jpg,beach,140.51269817634602,75.74251276263676,-48.16978257109706,0.413309554694204,0.28703154065494896,0.19811566790746415,0.4187370845504101,0.20081215546150016,0.17132506038542739
179,179.jpg,data/processed/wang/beach/179.jpg,beach,175.6978746059749,62.76428453236715,-51.7941598682592,0.44758455136966785,0.31309362001739044,-0.11719378691140868,0.4898540167939605,0.18935394242687342,-0.1621381394522245
180,180.jpg,data/processed/wang/beach/180.jpg,beach,171.35768404063856,62.69495599002304,-64.32904188312321,0.48988727358987677,0.23585394156222209,-0.17594857027369698,0.6031584488718996,0.1561325151422378,-0.15704866279668794
181,181.jpg,data/processed/wang/beach/181.jpg,beach,139.09023532328806,87.89560663085933,47.36175070327019,0.4436648782439742,0.206238131660242,-0.12744210435452435,0.41359190165311094,0.19361441573643412,-0.04453550915840876
182,182.jpg,data/processed/wang/beach/182.jpg,beach,109.72752515337864,49.89569324608635,44.22879741099409,0.42027646683933995,0.28834396718948485,0.23693472242409164,0.2797352189390523,0.21110092662386004,0.17081744917984562
183,183.jpg,data/processed/wang/beach/183.jpg,beach,159.70280660863742,57.323345633655585,-57.25706048681893,0.5046413751907058,0.20022199767931287,-0.1127267750624058,0.4212133990608133,0.1515576716071178,0.12045922420103622
184,184.jpg,data/processed/wang/beach/184.jpg,beach,167.81495342675467,82.95521349913659,-76.19232713162488,0.39115696278804535,0.18480798668856077,0.1166499980604088,0.5894033148479281,0.17799515994871712,-0.1686652205182551
185,185.jpg,data/processed/wang/beach/185.jpg,beach,125.35046818089661,75.56838203100627,25.18144189029225,0.3457077673884612,0.14364130634528946,0.07591633798461053,0.5813676141279274,0.18608399395370503,-0.1373782861145117
186,186.jpg,data/processed/wang/beach/186.jpg,beach,165.90559953105307,72.8301482272983,-55.72962062632279,0.4424749373517898,0.13694473058348397,0.03574513485520531,0.44648530588934915,0.12083537107884423,-0.1139663170915656
187,187.jpg,data/processed/wang/beach/187.jpg,beach,133.06741601004614,69.10428332047111,31.34978457473855,0.4180904205532651,0.2973298553951036,0.2540734306312895,0.40696416352923376,0.16839780168838128,0.09178562654190414
188,188.jpg,data/processed/wang/beach/188.jpg,beach,117.78052363481645,72.07513871615872,51.10747078928201,0.25723355006203974,0.24235313397158104,0.26587836265044734,0.39749641259418905,0.19664946593970328,0.11990999731900714
189,189.jpg,data/processed/wang/beach/189.jpg,beach,119.51028808095755,96.91762580329957,69.45918485431466,0.4437110589160416,0.25877270942280595,0.17625943199957111,0.30267857301567364,0.21346077668294677,0.18387768050177927
190,190.jpg,data/processed/wang/beach/190.jpg,beach,66.57191024915544,90.54907308334398,120.08287063734707,0.4052813300003872,0.21833070523816117,0.15150510596991523,0.4795581017931075,0.2063038268787947,0.07239294723769764
191,191.jpg,data/processed/wang/beach/191.jpg,beach,148.28894799173455,109.15527060392603,-45.133091068882024,0.35772807010424873,0.18364603448449204,0.16545472972269146,0.5823523614726204,0.1397625649493911,-0.16199306694028964
192,192.jpg,data/processed/wang/beach/192.jpg,beach,184.23299015429802,60.28195265990794,-72.42017855056935,0.3564550942585072,0.15232749084081157,0.06803230282219312,0.6200287227466532,0.17688283793941367,-0.20350403451202043
193,193.jpg,data/processed/wang/beach/193.jpg,beach,110.63322750547195,96.15214006532302,95.02485403922262,0.2980703096895259,0.22737532289920967,0.205824857117832,0.5275105530804135,0.23046626312734453,-0.18678382631685655
194,194.jpg,data/processed/wang/beach/194.jpg,beach,170.38462879259168,77.89226763371876,-66.59024533933845,0.404456254985746,0.24146979864029788,-0.08998591429524791,0.6108424951724913,0.13194672371991117,-0.13347422354397892
195,195.jpg,data/processed/wang/beach/195.jpg,beach,203.72485666145198,104.06900013654345,-101.8549173901898,0.3045722243645912,0.16482472080258995,0.1525561073162056,0.5766382324760903,0.16962683815394522,-0.1974323917024111
196,196.jpg,data/processed/wang/beach/196.jpg,beach,116.45979234094072,84.14026463553446,59.760823347054,0.27852515070005285,0.2509371744639943,0.24685010551946654,0.4152091725776141,0.2446852037095608,0.16398485679637956
197,197.jpg,data/processed/wang/beach/197.jpg,beach,139.715564337767,62.78046191529473,-43.50669072838875,0.2683673970111613,0.23553496901670795,0.2649642471620597,0.4257058262692747,0.17108087918043055,-0.1682919976709738
198,198.jpg,data/processed/wang/beach/198.jpg,beach,158.79135476437054,53.82735703738138,-52.44245957682047,0.258849887998565,0.19639052752146927,0.21866010277379447,0.536496448890181,0.1931776081979397,-0.2118902335559312
199,199.jpg,data/processed/wang/beach/199.jpg,beach,126.66301668847639,104.63926030406795,89.19704595349819,0.36239527973691565,0.2202562379179964,0.2121864922969137,0.5333191842685588,0.18561069162283378,0.11886951266049693
200,200.jpg,data/processed/wang/buildings/200.jpg,buildings,103.77418785291229,77.59164381635375,66.14232163734701,0.414914729997065,0.20727356224233373,0.21131321594067493,0.3633415752800981,0.19530267821809788,-0.13058643680648724
201,201.jpg,data/processed/wang/buildings/201.jpg,buildings,100.2323582697815,74.77885771079913,60.036186109780516,0.18900255457181933,0.18231017968792007,0.23982454109165702,0.35347203185711845,0.28495141652464234,0.17973942473623064
202,202.jpg,data/processed/wang/buildings/202.jpg,buildings,151.5307121741595,85.40853602319496,-55.010158631991224,0.3388861664217207,0.18809672032350516,0.14287850493342558,0.6108792280733818,0.26708934979633026,-0.24535827941819716
203,203.jpg,data/processed/wang/buildings/203.jpg,buildings,85.86993368001276,83.67101576616612,88.361896725171,0.374484388782965,0.2094962272252231,0.22685113826472655,0.4559470686458364,0.28371176878193183,-0.13916281751590748
204,204.jpg,data/processed/wang/buildings/204.jpg,buildings,86.29295026178563,88.53866485784035,88.33044647908591,0.3536855393565285,0.22161994889467923,0.20994083082895848,0.5347513171513896,0.23215545981195715,-0.19642090236394982
205,205.jpg,data/processed/wang/buildings/205.jpg,buildings,146.80338165008774,91.43258718847015,-60.0242052273519,0.42084442684429746,0.27764147634980435,-0.14585422185983862,0.5587131639199328,0.21467194880037652,-0.2215218720334237
206,206.jpg,data/processed/wang/buildings/206.jpg,buildings,61.45483364560156,65.51759680206021,86.87824223155818,0.31863996703612923,0.2617368610929762,0.25915508425479783,0.3837277980855447,0.24659453170540044,-0.07684089342156715
207,207.jpg,data/processed/wang/buildings/207.jpg,buildings,72.54897935756162,74.82574436430863,88.77279044229896,0.20856754590640492,0.19050695681452862,0.23099310674728288,0.48760045723661466,0.3222635950101278,-0.1651900937334879
208,208.jpg,data/processed/wang/buildings/208.jpg,buildings,70.51661989928834,74.69032453251481,100.3696600424945,0.28663152220755705,0.20731088871627673,0.23092925411339102,0.3583705220195886,0.27345543564773156,0.19702363135655376
209,209.jpg,data/processed/wang/buildings/209.jpg,buildings,142.2732241190315,95.4647872741148,44.63440948158092,0.20844082450377735,0.16866154654074836,0.18159224715532868,0.462362419853586,0.29552241836033877,0.21136197342044216
210,210.jpg,data/processed/wang/buildings/210.jpg,buildings,89.84820423473381,76.24609132896782,78.59181372812205,0.26777166380882517,0.20368812653184784,0.23114649583399952,0.44115709191000957,0.2925873369293392,0.18879877818827212
211,211.jpg,data/processed/wang/buildings/211.jpg,buildings,84.2928980922079,95.06223566248333,99.02447144241756,0.29414253979225197,0.2934645319930673,0.3007474110827752,0.4680987686476404,0.2877838557837084,-0.1319635109370175
212,212.jpg,data/processed/wang/buildings/212.jpg,buildings,76.77693023235042,73.32488643351097,91.7610055044308,0.3357103114503654,0.22310609245464888,0.22744977101477648,0.39649818705502565,0.2625848671073911,0.17674394968809254
213,213.jpg,data/processed/wang/buildings/213.jpg,buildings,166.74642501989,77.92080463779581,-77.16421974070668,0.5884073976068009,0.32083995656243497,-0.26933545687837407,0.4018806095260885,0.16605783838309313,0.11214016388010069
214,214.jpg,data/processed/wang/buildings/214.jpg,buildings,169.91778056488934,84.5040566074091,-78.13186729052265,0.47393878509557413,0.2701161746539953,-0.2134992390959366,0.5146397958342467,0.23267384976042418,-0.21301045545655883
215,215.jpg,data/processed/wang/buildings/215.jpg,buildings,153.01577929528625,88.55093293920629,-55.70446920011176,0.46018727741647086,0.22985859850659132,-0.021346996217849787,0.5066859160300415,0.2787033405587888,-0.2360238072060314
216,216.jpg,data/processed/wang/buildings/216.jpg,buildings,85.67820074125,93.24355987987771,102.86600475299569,0.2781329306547775,0.2873379059058504,0.3025412453164532,0.4678012107249903,0.3096967173691437,0.08428656821355958
217,217.jpg,data/processed/wang/buildings/217.jpg,buildings,82.46541355503359,84.30977789102411,93.93970627535296,0.3317970201421853,0.19199520034099346,0.21651667659296664,0.464405184596733,0.300598633335325,-0.10968770742136219
218,218.jpg,data/processed/wang/buildings/218.jpg,buildings,110.41496856070323,100.31880162440676,90.1104595505878,0.446057184150258,0.2724830971174876,0.1898852115768144,0.513952169123769,0.2868599396631386,-0.21066917298699556
219,219.jpg,data/processed/wang/buildings/219.jpg,buildings,106.2615365129459,91.7614313589662,75.54292417957069,0.30978390613207313,0.17091836507694957,0.1814469057943795,0.5524194768216404,0.27937440573594224,-0.23189363896824303
220,220.jpg,data/processed/wang/buildings/220.jpg,buildings,186.350201655919,83.37824764680825,-92.4609109695582,0.5354652824128247,0.26374718322307783,-0.23643753915509155,0.5991598037133391,0.17414787546637484,-0.14606800539925463
221,221.jpg,data/processed/wang/buildings/221.jpg,buildings,75.71911279926037,48.846459322175804,65.11907334113022,0.16359599802268576,0.19311262527448703,0.27721125391236867,0.5012014873622898,0.25437109243164896,-0.1906904494438666
222,222.jpg,data/processed/wang/buildings/222.jpg,buildings,74.62619896658725,87.52237789276022,97.90615749786825,0.32395626702524777,0.20054438094604551,0.1934755592146995,0.4943710944316943,0.24249531077984307,-0.13743463319243265
223,223.jpg,data/processed/wang/buildings/223.jpg,buildings,115.43381251694761,79.05715842638713,74.4979800094774,0.32489617393173376,0.2535763103053996,0.21392001816563438,0.35561029396595717,0.3134617271898117,0.2727725053061679
224,224.jpg,data/processed/wang/buildings/224.jpg,buildings,172.78142576475148,79.55497200428684,-79.50713905796746,0.5368891489861483,0.22743395406980815,-0.19055929029642346,0.5625838670738071,0.2538939854387886,-0.23816178977444105
225,225.jpg,data/processed/wang/buildings/225.jpg,buildings,120.88135708100405,81.53415987585848,62.658762153058056,0.25591269399165145,0.1741430804186251,0.1860916060204018,0.3950371325201682,0.2528058313081329,0.21493424936011932
226,226.jpg,data/processed/wang/buildings/226.jpg,buildings,99.20169607962998,88.33078885794073,80.99949147938226,0.2506063492510293,0.1904017963648617,0.23282522070028766,0.5176492230775077,0.2765572230645516,-0.1219679155010393
227,227.jpg,data/processed/wang/buildings/227.jpg,buildings,146.99595991840275,103.753487988819,-20.075063235233664,0.49479007657297797,0.22842238469737858,0.11669692344592886,0.4096807863448693,0.25802474110644424,-0.16272768154191178
228,228.jpg,data/processed/wang/buildings/228.jpg,buildings,137.64529293949576,108.22032281921248,58.70605062277393,0.4033953202716513,0.22628094693302356,0.18049894738857264,0.38738647636046625,0.2928786758787237,0.13515940395432446
229,229.jpg,data/processed/wang/buildings/229.jpg,buildings,97.75736940705247,95.11776317258875,87.19618210834079,0.41037150816958956,0.2267688612840128,0.14309561407634658,0.500120247742179,0.2744723800360689,-0.21228223167121782
230,230.jpg,data/processed/wang/buildings/230.jpg,buildings,91.89357217282304,95.43321665524954,95.87937562948399,0.37730041571942746,0.21490770795512595,0.19536801717568547,0.48266379244079377,0.2883066638231789,-0.1706302014990736
231,231.jpg,data/processed/wang/buildings/231.jpg,buildings,50.20846862611264,75.07708918448351,107.77751422143882,0.43056851667901697,0.21746478618706375,0.17784536415276386,0.4345792586552146,0.25165087420574916,0.1617264646685203
232,232.jpg,data/processed/wang/buildings/232.jpg,buildings,164.69487492957947,73.35535541875072,-68.22988500960417,0.22296281148601338,0.1888618811456129,0.19944785513968877,0.4397207328462069,0.24622784096346834,-0.07762886175090553
233,233.jpg,data/processed/wang/buildings/233.jpg,buildings,87.72392755705611,79.90744015608568,94.51836698738819,0.21000760735632676,0.17977108777783965,0.21212610452098363,0.33563947368921276,0.23012236424608642,0.1940176877569894
234,234.jpg,data/processed/wang/buildings/234.jpg,buildings,29.127607560022323,68.00592021660782,106.06289427586455,0.5325885600694468,0.32212144814018745,-0.2919319267925593,0.2649463209878083,0.20965500476250062,0.08053198340114215
235,235.jpg,data/processed/wang/buildings/235.jpg,buildings,125.95059683686122,72.199140031927,31.745970771384876,0.45531881624570286,0.2012318233100409,0.19848894500048178,0.44960503766712634,0.21653579364735914,-0.11509311232189201
236,236.jpg,data/processed/wang/buildings/236.jpg,buildings,66.26131454944455,77.08537594460255,108.35822692207896,0.4358189291589743,0.17282765746960985,0.14269665817467192,0.37645212831621677,0.18844459165046007,0.13519349709921835
237,237.jpg,data/processed/wang/buildings/237.jpg,buildings,77.19045043901133,90.88126305996983,115.59541763795534,0.16677452910489401,0.16879922574513473,0.21250345727679737,0.4790491158940758,0.2550593224285617,-0.14659469226454563
238,238.jpg,data/processed/wang/buildings/238.jpg,buildings,68.0425051324928,88.68551814062204,107.72578823418367,0.40520670547599974,0.24246963654862197,0.16041328608908456,0.4760153507794674,0.23856857694902486,-0.15800464284032573
239,239.jpg,data/processed/wang/buildings/239.jpg,buildings,134.37351914141254,94.85739118370925,-44.05819742313776,0.41015096518034017,0.2183002693683834,0.05009315130224973,0.5703824458414649,0.22681392963271543,-0.22888987478516126
240,240.jpg,data/processed/wang/buildings/240.jpg,buildings,72.03078154487473,77.00946283311787,92.53554717829691,0.29409043715931676,0.1783658501699658,0.1945186937781616,0.40623301493464226,0.26735392425779514,0.18805123967441267
241,241.jpg,data/processed/wang/buildings/241.jpg,buildings,131.2066497187346,94.11143338837192,16.204905355896575,0.3908453004929508,0.22791395448757262,0.1423362115107195,0.5406948242964944,0.24879030703967445,-0.2119879226425934
242,242.jpg,data/processed/wang/buildings/242.jpg,buildings,153.25079185095092,90.63528000039638,-73.06462113999623,0.4692428907838841,0.23589388957213364,-0.18027836219375376,0.5857525366187654,0.18566299846831433,-0.20463873387929551
243,243.jpg,data/processed/wang/buildings/243.jpg,buildings,100.25278586805264,88.64155049225167,79.65479226366114,0.35834206263857976,0.2776407515060845,0.2185759673286449,0.4664851312736005,0.2368520008249219,-0.1765070197989648
244,244.jpg,data/processed/wang/buildings/244.jpg,buildings,115.08242410771102,90.14301054069277,70.21614947197247,0.40372062717336615,0.26720402059628134,0.1466132203718348,0.4509113539750018,0.22593940569559817,-0.1742476721161292
245,245.jpg,data/processed/wang/buildings/245.jpg,buildings,92.86890514460053,101.19773347420573,114.24654902965888,0.4621289275297424,0.25943116452664056,0.2178566789754208,0.14811142450251205,0.13896373587604402,0.19717327967687542
246,246.jpg,data/processed/wang/buildings/246.jpg,buildings,197.78450199499275,111.83374584713408,-101.68259197827595,0.18725848525888486,0.1435722876758831,0.17639714484626484,0.5218630045351963,0.22829599856027077,-0.10860074582922635
247,247.jpg,data/processed/wang/buildings/247.jpg,buildings,97.06324255296688,82.5915183918,97.57593636894913,0.3178347629906568,0.24289813013453104,0.2521755048213207,0.3507011150379024,0.24232608271010306,0.2173234115691795
248,248.jpg,data/processed/wang/buildings/248.jpg,buildings,135.25464770516797,98.44254387694139,-48.83140375065585,0.373938900220215,0.23493176205506175,-0.09085660191382258,0.5656238576137298,0.2368396098471709,-0.22984373218668602
249,249.jpg,data/processed/wang/buildings/249.jpg,buildings,46.525745676092505,71.91917445071404,110.28815110195991,0.6629281499255342,0.256254621418836,-0.2058238301718787,0.4055166715137517,0.19610968393710212,0.14247434286187788
250,250.jpg,data/processed/wang/buildings/250.jpg,buildings,125.77917835770859,97.23563684074696,89.45870188969556,0.255633441897686,0.20520520929683725,0.23761842566925528,0.26680270633166003,0.22818533970648522,0.21852741128805092
251,251.jpg,data/processed/wang/buildings/251.jpg,buildings,109.39075974005148,87.5757889773684,73.2232234427971,0.3397223032764411,0.25479940558196473,0.22839570591416536,0.42187253856874446,0.23069482305109315,0.0565500481376356
252,252.jpg,data/processed/wang/buildings/252.jpg,buildings,144.44870851818268,103.22200827027815,22.135263611115345,0.2930359177593118,0.19086785411853235,0.16699828946871198,0.5980943564735336,0.29651144077185587,-0.26409619594924816
253,253.jpg,data/processed/wang/buildings/253.jpg,buildings,177.2655084426818,110.52830442682267,-75.59012778729891,0.32048612705670126,0.23972562990272306,0.23732518456280113,0.5087440337146063,0.30361661009969365,-0.18655784202167353
254,254.jpg,data/processed/wang/buildings/254.jpg,buildings,64.89244662886388,54.57986329813209,69.18656665780289,0.22461288672299892,0.19109990610040173,0.22424235429465972,0.4204697231626966,0.28050764983744353,0.23336892260404618
255,255.jpg,data/processed/wang/buildings/255.jpg,buildings,43.74378911656337,33.16510621286032,62.730812902278075,0.3177443123922359,0.17178349645948462,0.21139611010980514,0.45773416467118483,0.21516957634342604,-0.12192778333262486
256,256.jpg,data/processed/wang/buildings/256.jpg,buildings,115.91883082836527,114.98560513252956,94.4700879895939,0.09392693833964927,0.11150172613845931,0.16708487837448727,0.5155507689570792,0.28480800279214963,0.16187871562377998
257,257.jpg,data/processed/wang/buildings/257.jpg,buildings,143.53575426438815,132.72520259361792,76.21523705730742,0.2899201095818095,0.2189617477721562,0.20379038675817898,0.3693745222512774,0.2308869706834094,0.20363383160624904
258,258.jpg,data/processed/wang/buildings/258.jpg,buildings,159.01928243516886,90.88254190939954,-63.851713232484656,0.18931650943260556,0.1591223099333706,0.20426550443274488,0.5989613741945211,0.2901182569261725,-0.2466367520603089
259,259.jpg,data/processed/wang/buildings/259.jpg,buildings,91.34052925719759,105.30336158302589,109.99034862244869,0.31011332274148157,0.2571979458374762,0.2622422896307388,0.43441326782510714,0.2268342019479098,-0.044720614145249624
260,260.jpg,data/processed/wang/buildings/260.jpg,buildings,64.09747246740517,51.02221308601108,74.03326289078007,0.32575399042645853,0.20453434329154277,0.2245417832626671,0.3132597958626633,0.2041915651545743,0.1894750134897134
261,261.jpg,data/processed/wang/buildings/261.jpg,buildings,106.609188397609,105.61187601196717,97.00261878858959,0.3207810412154591,0.22106348190822808,0.24460748391477977,0.41246853485165974,0.2764133290647294,0.13384059051600755
262,262.jpg,data/processed/wang/buildings/262.jpg,buildings,83.93062963414438,89.29671828070859,106.01470050888359,0.22343814784050173,0.22518378418622512,0.27040949950087123,0.3920920058667434,0.29287053920156647,0.22422527345958226
263,263.jpg,data/processed/wang/buildings/263.jpg,buildings,135.38752696024798,91.19199907217762,-10.980762532045432,0.389222346421235,0.27115347500657005,0.11599135050843692,0.4268181811497224,0.2158363743688918,-0.048568545785379544
264,264.jpg,data/processed/wang/buildings/264.jpg,buildings,179.64980743495107,75.82138663875037,-81.33701009671205,0.5100072905638532,0.20769561622697796,-0.17618471810797315,0.5353240497149964,0.21045180454506304,-0.16779992255448153
265,265.jpg,data/processed/wang/buildings/265.jpg,buildings,96.12415839303928,94.85932377013074,96.90443270052648,0.2026959084055875,0.22336639654750712,0.25713278870338807,0.40598240966106874,0.30744957847780646,0.24342374181482632
266,266.jpg,data/processed/wang/buildings/266.jpg,buildings,61.576895438708256,59.677117713609334,84.52318158413773,0.14400484968597502,0.12940753384192716,0.18680520092723518,0.4586978013148837,0.23169279971439583,-0.13406712914729552
267,267.jpg,data/processed/wang/buildings/267.jpg,buildings,45.78330773483564,64.03146494083099,97.82636808963719,0.23220522406980612,0.14737268716302693,0.1761631032309955,0.47307325696605557,0.20731796356886104,-0.10296195502929763
268,268.jpg,data/processed/wang/buildings/268.jpg,buildings,45.97304697874279,62.18930444753048,101.57612513055133,0.5005553798005641,0.2337875943021416,0.07597415725152057,0.30176922970537134,0.18993466078573762,0.19343511870176872
269,269.jpg,data/processed/wang/buildings/269.jpg,buildings,66.27245551487431,90.7054619944823,115.67488437218663,0.3230757961738486,0.2287999400240175,0.2331426802566644,0.34317121154609254,0.26333050147658776,0.22645644614268962
270,270.jpg,data/processed/wang/buildings/270.jpg,buildings,137.94179257395444,86.16473213640279,-38.45901603910184,0.3508594808049092,0.21753416008342544,0.1893677515735901,0.5887902488789413,0.2470414228945833,-0.25229955046514446
271,271.jpg,data/processed/wang/buildings/271.jpg,buildings,131.32126975944993,92.50479258965848,-38.79127776292988,0.24208001330732523,0.13382807651687695,0.16425069907678297,0.5926896773935653,0.22518876821832548,-0.19713549289667776
272,272.jpg,data/processed/wang/buildings/272.jpg,buildings,120.78806392981885,95.20269451936565,62.42132013221345,0.31854774739745534,0.2263480537578825,0.15047828738103058,0.5336310616600078,0.268498127465781,-0.24097524211228716
273,273.jpg,data/processed/wang/buildings/273.jpg,buildings,71.46507644122418,75.50314032142789,94.88526667235796,0.35483239320334786,0.29012971550202665,0.26242356409537343,0.20202952392713294,0.22291298998639297,0.24721640788660137
274,274.jpg,data/processed/wang/buildings/274.jpg,buildings,132.2001826013584,112.0347553323689,71.88579115958939,0.2510459126104081,0.1961001493005505,0.2160921204831141,0.2168505358010767,0.2534090437783651,0.2705279515670247
275,275.jpg,data/processed/wang/buildings/275.jpg,buildings,112.44792151006307,87.78799699865226,72.51948155505809,0.3771446357384131,0.28815231897304416,0.25055032328909066,0.446078680998293,0.23816931758582444,-0.13308277575919442
276,276.jpg,data/processed/wang/buildings/276.jpg,buildings,144.38050611772874,104.39632093395946,73.22535920532994,0.2912527000120046,0.22927355677793126,0.2285130834285206,0.2820876626553523,0.3130672101606118,0.31702983079128044
277,277.jpg,data/processed/wang/buildings/277.jpg,buildings,105.56261358668296,123.40333730428316,118.05580180129814,0.18427362292359817,0.15882617890132994,0.19808570743705148,0.4269313561234564,0.203491350329905,-0.09163142598077068
278,278.jpg,data/processed/wang/buildings/278.jpg,buildings,151.1834494336969,90.23894900597534,-67.49470887710312,0.35391732709041906,0.1968563311853535,0.11003941404661652,0.5312258361746984,0.2856634326316812,-0.22530278834282644
279,279.jpg,data/processed/wang/buildings/279.jpg,buildings,123.26659561403358,91.98936584302605,60.850438434346216,0.35891425358541557,0.18969010365390798,0.15976518700709985,0.4691671637720323,0.2745062590015527,-0.10098414708341226
280,280.jpg,data/processed/wang/buildings/280.jpg,buildings,144.13612222845163,77.25999849682758,-34.18879001639017,0.3572850583162032,0.23465057811152704,0.14569176512352455,0.5288543224528345,0.26394718916167664,-0.21624712720149214
281,281.jpg,data/processed/wang/buildings/281.jpg,buildings,141.44818685896462,81.08062698881294,-21.74531438143292,0.3887349381262766,0.21056904457225678,0.18238158503032098,0.47591849068781755,0.2824803432487072,-0.18453198475508975
282,282.jpg,data/processed/wang/buildings/282.jpg,buildings,71.87599290699775,44.25620249271294,60.09865489038893,0.2631163810928759,0.23571522606084386,0.2372008307660196,0.42751102910733607,0.20423652837231168,0.1404726556670862
283,283.jpg,data/processed/wang/buildings/283.jpg,buildings,70.508176184263,62.01744628192507,70.59858692033364,0.29016898110113704,0.22878326417925454,0.2052185663083601,0.47218955983092786,0.2911138369237811,0.10703649998310538
284,284.jpg,data/processed/wang/buildings/284.jpg,buildings,76.77721332369644,62.109425931220756,70.73570853642345,0.34492466438703673,0.17916999085907198,0.20081774867624988,0.5037676750182195,0.2760915639883833,-0.14885136502964358
285,285.jpg,data/processed/wang/buildings/285.jpg,buildings,89.5154260608712,77.98022010509746,77.63035558211817,0.31513550875619484,0.15623923799429487,0.17401192561704507,0.5749101357517645,0.24065795114718588,-0.21657699179686904
286,286.jpg,data/processed/wang/buildings/286.jpg,buildings,101.49835367906537,82.36373310810224,72.1175925725847,0.37110214170362116,0.1721328209046925,0.178586709562332,0.6157037997285689,0.2444833791299412,-0.2425540054981165
287,287.jpg,data/processed/wang/buildings/287.jpg,buildings,100.67770998789881,72.57186492202773,62.77964412189137,0.2846467412898524,0.17831123165334808,0.19786938670551055,0.4915368674213501,0.27889798045577,0.0954218968035917
288,288.jpg,data/processed/wang/buildings/288.jpg,buildings,113.37541585598956,76.57139200696403,61.69351337315692,0.32782480300699035,0.17968208083209936,0.15201351730590523,0.5816425917023859,0.25134755475551,-0.20569314090056845
289,289.jpg,data/processed/wang/buildings/289.jpg,buildings,123.81712035543266,83.05208614860071,50.09924879958078,0.3810899363622866,0.2231072166682373,0.13114193276687564,0.5629374322559736,0.23723015949301235,-0.22646826901971778
290,290.jpg,data/processed/wang/buildings/290.jpg,buildings,93.17196573521505,82.78853886946658,82.92159724759568,0.2610687740535127,0.17476822336170525,0.20733140021397634,0.4329848043388533,0.2729338164925819,0.1696030359844402
291,291.jpg,data/processed/wang/buildings/291.jpg,buildings,53.464814055262345,60.29946120867548,83.88331683950422,0.2562879838909187,0.18926646816568674,0.2072441921453674,0.48330251117429174,0.2010623385423551,-0.15034010240009993
292,292.jpg,data/processed/wang/buildings/292.jpg,buildings,95.21103084867354,88.86827025976356,76.37756697911271,0.1398078632535847,0.1138859138686038,0.1561287560476619,0.5642899359755044,0.28874825360154754,-0.22033063006990428
293,293.jpg,data/processed/wang/buildings/293.jpg,buildings,154.10494231535026,93.35482168178996,-62.644735557337604,0.3371772846511855,0.2038762838870618,0.05119798387828345,0.5911739297684212,0.23674414262139326,-0.21239860864223586
294,294.jpg,data/processed/wang/buildings/294.jpg,buildings,141.50200216768522,84.18493914993151,-44.87987770826837,0.25657797299937596,0.1419911226475437,0.12972768226504566,0.5716364947948781,0.2797889184295746,-0.2364799669936526
295,295.jpg,data/processed/wang/buildings/295.jpg,buildings,194.54058927612883,63.518532291221334,-49.67425624838896,0.24571044067496928,0.1783225895906605,0.22693739359829462,0.23663099275422894,0.19397045793670228,0.17918223705491115
296,296.jpg,data/processed/wang/buildings/296.jpg,buildings,160.77587565114086,86.54889767545558,-47.06996102247976,0.24736224273234106,0.16748833734542373,0.18428469108096984,0.4607234102218456,0.21048163033964937,-0.02981848838919926
297,297.jpg,data/processed/wang/buildings/297.jpg,buildings,100.36440728336795,91.99299978036485,93.99558355638877,0.30989077431014306,0.23421504896834575,0.213082813583165,0.38221851390828004,0.2981885989531253,0.13317477832665803
298,298.jpg,data/processed/wang/buildings/298.jpg,buildings,133.34092847796273,81.88915100112253,19.392863900209758,0.3805122216053671,0.19720315034612262,0.10370438008810687,0.6149805526628379,0.25027053726262666,-0.24364544043506725
299,299.jpg,data/processed/wang/buildings/299.jpg,buildings,142.05166880434263,70.86268846687531,-46.921770641360744,0.294632904501204,0.15012238576631684,0.15730697123402615,0.5790885285906787,0.28059266421774154,-0.24803551354141318
300,300.jpg,data/processed/wang/buses/300.jpg,buses,209.09365680869146,118.76407669126554,-99.30526846144959,0.434754647259183,0.34989201696060934,0.2763302761427705,0.33880133340277513,0.24089588179197824,0.20707285233325026
301,301.jpg,data/processed/wang/buses/301.jpg,buses,194.04395475065485,89.21036118340658,-76.23251874332348,0.5599679419094059,0.3241385587646364,-0.2218707662909803,0.45285051158595974,0.3029657979553874,-0.09486750411235728
302,302.jpg,data/processed/wang/buses/302.jpg,buses,187.97300807650421,123.97218505042575,-60.577576043435556,0.43155955160437526,0.3665248637605919,0.26262604663969014,0.41346101348519443,0.27697120661759167,0.1632569459202356
303,303.jpg,data/processed/wang/buses/303.jpg,buses,180.7196530689313,126.82321056634308,-76.80715643585819,0.4636722189175657,0.3203266564767705,0.19959071844138457,0.32708314201336464,0.240131446777183,0.16051909357576272
304,304.jpg,data/processed/wang/buses/304.jpg,buses,181.13326721135581,99.05369358006388,-75.3500283308126,0.4149137827551404,0.2888035315821411,0.22145270227353225,0.41369454696222857,0.27038688448717896,-0.14891086470627937
305,305.jpg,data/processed/wang/buses/305.jpg,buses,229.08984426711686,128.03998634655258,-118.87737478074126,0.30700543910981537,0.27282282887908954,0.2673063946115126,0.41304589582746115,0.2511626674289174,0.1745356329451172
306,306.jpg,data/processed/wang/buses/306.jpg,buses,230.54906077173078,107.31167941080514,-87.53136331646937,0.43621648252093337,0.3676165044533625,0.2851413161469084,0.5424334470510056,0.27171330352583356,-0.1938249360076102
307,307.jpg,data/processed/wang/buses/307.jpg,buses,198.27693065723784,86.16058618322361,18.78166603629637,0.37999445239643137,0.3119406743404525,0.28054177455636353,0.4021482476506198,0.25803526617601935,0.17785344095275052
308,308.jpg,data/processed/wang/buses/308.jpg,buses,210.994051632961,78.29195309431223,-52.12199261339231,0.38393841908022824,0.31359905507293107,0.26037713932908135,0.47882647607702705,0.28378118625845317,-0.09113903369145326
309,309.jpg,data/processed/wang/buses/309.jpg,buses,250.9053691798775,68.72826454037241,-74.18767962994342,0.34889495130073556,0.26645178602519853,0.2370502989647864,0.4740027039101354,0.26567859290873885,0.07731749449000544
310,310.jpg,data/processed/wang/buses/310.jpg,buses,226.03992249173248,94.43027092444581,-79.72471816418062,0.473628049011874,0.3102772295342781,0.16430426086417893,0.48412041729860295,0.309605623497775,-0.16415032078376415
311,311.jpg,data/processed/wang/buses/311.jpg,buses,115.93115518684529,92.53350433744565,65.55474429059575,0.47915509401791684,0.2734912125199436,0.1799417890156495,0.5237067435565214,0.28741139601296806,-0.20006415281647427
312,312.jpg,data/processed/wang/buses/312.jpg,buses,211.10233228316065,105.65451773122192,-99.84597976048042,0.4864936895982339,0.320959776437054,0.21588966710082874,0.4875961892548541,0.2888549424861585,-0.07384116448352947
313,313.jpg,data/processed/wang/buses/313.jpg,buses,217.70365336564404,103.95445509046726,-85.92400895552169,0.4475003428763766,0.3232185993899592,0.25253079146641244,0.5383971069426726,0.2949676806497659,-0.20573069330918844
314,314.jpg,data/processed/wang/buses/314.jpg,buses,194.6742963722742,129.73190672647846,-102.84977671854658,0.36942673347421834,0.2584196683811212,0.23466398678751071,0.4081027241595052,0.2736223426435713,0.23053699177401268
315,315.jpg,data/processed/wang/buses/315.jpg,buses,209.49511494886124,98.11353554483449,-90.79138084439306,0.3506512920818305,0.3276804922198347,0.31461318972309116,0.3896951206420359,0.2767164403565445,0.21632796648638286
316,316.jpg,data/processed/wang/buses/316.jpg,buses,227.81336312761232,103.20754180048746,-82.83002726662255,0.49770757261794074,0.3579968261234973,0.21188095386179706,0.5416613322534923,0.2946369144634027,-0.2324126742341954
317,317.jpg,data/processed/wang/buses/317.jpg,buses,227.79269777606928,115.81026671103987,-89.58208922624583,0.5040850372548391,0.34854025678674055,0.2158602082741039,0.37749754362450477,0.2736741643491209,0.17692350520963523
318,318.jpg,data/processed/wang/buses/318.jpg,buses,210.54682700612102,114.846582530271,-98.7442894528248,0.44008119447424104,0.3286741490287731,0.25143582481297544,0.41954147090073474,0.2446862282230118,0.1748238909800674
319,319.jpg,data/processed/wang/buses/319.jpg,buses,175.0396364972615,120.81665214052126,-65.6646754448862,0.34103394811239696,0.2387321637827174,0.23129505734658606,0.4196339023400289,0.23283881433296202,0.19553387839644898
320,320.jpg,data/processed/wang/buses/320.jpg,buses,260.26137318696846,99.75291205113841,-101.86272865385907,0.4931988371367595,0.37889935973286964,0.21074143504932813,0.5345613084752756,0.28543095592501566,-0.21797816716526613
321,321.jpg,data/processed/wang/buses/321.jpg,buses,195.5159305909183,135.5806802768081,-97.01900290011918,0.3794012615807058,0.2931016659246988,0.2160182698595024,0.43546925527189256,0.27604940307602244,0.15722585743031603
322,322.jpg,data/processed/wang/buses/322.jpg,buses,184.37447646009727,107.33995635138949,-67.66066435273432,0.5180716175222481,0.3358149185370526,0.1333674973684865,0.3444425762698084,0.283827205484907,0.25044231421505514
323,323.jpg,data/processed/wang/buses/323.jpg,buses,220.62419279123546,72.78651608431586,-82.00915266408518,0.3216985538001751,0.31927844437126673,0.3047530356556598,0.4401747052185196,0.28008645463945914,0.18141822473961108
324,324.jpg,data/processed/wang/buses/324.jpg,buses,151.44652263376247,116.44988483699633,78.08758012753677,0.3911038664371442,0.27610552631666174,0.22874872708125663,0.4135249598462896,0.29557136199087125,0.16581976478085853
325,325.jpg,data/processed/wang/buses/325.jpg,buses,216.9616146890039,100.98991355910829,-90.50221179771535,0.31886852830906304,0.26850024060841104,0.2528848372465231,0.4640057816785088,0.3116659483050006,0.14185504749087235
326,326.jpg,data/processed/wang/buses/326.jpg,buses,100.86854041744421,85.71678140842486,76.79470856446217,0.4900324546106655,0.31968800933461106,0.10522605590832065,0.43872877151451917,0.28942937436318517,0.08844225413836981
327,327.jpg,data/processed/wang/buses/327.jpg,buses,169.14562387171796,132.18612151562778,68.09689689785314,0.44697411737543763,0.37344049645793775,0.2561032272465402,0.3799620478482619,0.2963912384889669,0.16152875068148742
328,328.jpg,data/processed/wang/buses/328.jpg,buses,200.68397278281464,98.7970182041194,-85.55357993727034,0.4395817318496711,0.28842791312241817,0.2040365606728574,0.46223293280617855,0.26277682836059263,-0.14026265821477718
329,329.jpg,data/processed/wang/buses/329.jpg,buses,112.73157047869547,89.9060390258988,74.6756999652135,0.4602284172179054,0.2773288793512582,0.2036184742926504,0.3608173912362294,0.3062143439182719,0.26329037953325973
330,330.jpg,data/processed/wang/buses/330.jpg,buses,181.1453722055212,127.49010820534104,26.778690613821446,0.49177120630711596,0.3592440927354432,0.17471629777770809,0.4826472763847723,0.2877939852332769,-0.16551278447074447
331,331.jpg,data/processed/wang/buses/331.jpg,buses,228.1851317745086,85.31387020005779,-57.74156712973472,0.36436262832783467,0.3348993226199509,0.3222971981933252,0.4846525424037935,0.2530902698673381,-0.13047438770073744
332,332.jpg,data/processed/wang/buses/332.jpg,buses,202.02135404238985,139.48303844737558,-76.85927846270366,0.4859046576150566,0.3790743873693842,0.26802680521717603,0.5771731435375548,0.24477030180983175,-0.20757139345033743
333,333.jpg,data/processed/wang/buses/333.jpg,buses,160.49048981005853,98.18933405908761,-63.00450399221573,0.4486038996367607,0.3381975446968051,0.2346936591234975,0.49120815667833045,0.27482924218747684,-0.18995264929555167
334,334.jpg,data/processed/wang/buses/334.jpg,buses,246.97784890538878,87.05208115150315,-63.42349099429273,0.38801079975006775,0.3498784997124302,0.30257989395420026,0.5604548158123824,0.2598856732556728,-0.19596712016287074
335,335.jpg,data/processed/wang/buses/335.jpg,buses,190.37295093711387,103.70751532723011,-55.15293300473501,0.3664645994776758,0.3257721357012005,0.28172543696402363,0.495920945905245,0.3151066722004937,-0.18526952340580566
336,336.jpg,data/processed/wang/buses/336.jpg,buses,184.82823297924247,120.56713661041191,-80.16986684224489,0.27298184954793686,0.23430238399902142,0.2532255623668812,0.44408921377976657,0.26824690163868536,0.1435774948225319
337,337.jpg,data/processed/wang/buses/337.jpg,buses,183.84826311873744,115.32961226580227,-72.07414104314068,0.26891761389493735,0.22533976318985183,0.24977025692319044,0.4860014163467146,0.283767694724778,-0.09459425842921214
338,338.jpg,data/processed/wang/buses/338.jpg,buses,204.0155450845899,89.10031378092364,-85.24517095100627,0.40939213811950975,0.24360825513932327,0.20025062006456412,0.5718231511505488,0.2624150848405048,-0.21018267536990304
339,339.jpg,data/processed/wang/buses/339.jpg,buses,193.15624040177136,122.70751637607555,-86.71231704133238,0.27159433034762986,0.22632424319853323,0.2417961868131379,0.31891153033260383,0.2714043117058163,0.26242171525516156
340,340.jpg,data/processed/wang/buses/340.jpg,buses,184.6712208835967,95.1312055236948,-73.68665787005585,0.4079633500948745,0.34205212283265624,0.26866498218283297,0.42994764631565846,0.2897125328808831,0.12993617480258285
341,341.jpg,data/processed/wang/buses/341.jpg,buses,212.35745133932537,108.30288339575173,-100.46081811900703,0.39270191471835386,0.2997215448400814,0.2828109270570712,0.40164991119093923,0.3021818755560486,0.22032288766203706
342,342.jpg,data/processed/wang/buses/342.jpg,buses,105.77857091351446,112.39496102177552,113.10394897826785,0.3297427741825345,0.2725555355609317,0.2377255563614031,0.4418988879596242,0.2907362808391836,0.187943088190314
343,343.jpg,data/processed/wang/buses/343.jpg,buses,168.3669705337094,118.66641886420214,-51.59948416350164,0.423167263542003,0.3107659849411953,0.20746097699390925,0.5794085844431294,0.26347332163073317,-0.21508241393680294
344,344.jpg,data/processed/wang/buses/344.jpg,buses,247.18142019823395,89.38084009164876,-73.78924037102715,0.7076213407148183,0.31221497815952287,-0.29173139500400846,0.43840732053395,0.26982410321846173,-0.11821992294298772
345,345.jpg,data/processed/wang/buses/345.jpg,buses,149.01374592089087,121.01760325908852,77.16111333499065,0.39185975813529694,0.27868244211027576,0.2714518925858612,0.40880115861468386,0.30501332499908956,0.1571372680923555
346,346.jpg,data/processed/wang/buses/346.jpg,buses,225.15886819118927,125.61550433238304,-115.02134887291145,0.38276012657653763,0.35665131397145083,0.3195749164390991,0.4697792310670745,0.25422284218551,0.046349075526858866
347,347.jpg,data/processed/wang/buses/347.jpg,buses,107.70026379227208,120.11086372323005,116.54222695658092,0.39373122480336065,0.2627365603887095,0.24963713356652334,0.5343551850168685,0.2353792226046164,-0.16865952399030854
348,348.jpg,data/processed/wang/buses/348.jpg,buses,114.82926091165427,99.1697926092738,84.85304614430532,0.4186374137409909,0.29894338413028043,0.23151095935319554,0.4142727806795629,0.2846537822877887,0.19643327358128407
349,349.jpg,data/processed/wang/buses/349.jpg,buses,197.6778104177089,136.00973124304718,-93.08749135204818,0.2966761601364283,0.2988980442929035,0.298253076737756,0.4174040441926792,0.22545600371097657,0.15038375857285405
350,350.jpg,data/processed/wang/buses/350.jpg,buses,130.61147019222213,100.73989239835241,72.21577314006979,0.4262812099709474,0.2899277667602841,0.19177726096520115,0.39826665092969904,0.2768563510687491,0.2003424306922173
351,351.jpg,data/processed/wang/buses/351.jpg,buses,189.01178045599377,105.44309233860929,-83.81199723254645,0.38233103818430436,0.32306264471781615,0.28214318019368434,0.37409349641022516,0.3149510089637378,0.23854584025954872
352,352.jpg,data/processed/wang/buses/352.jpg,buses,195.75755278340694,107.72328426620865,-46.52683175699519,0.40674115171342845,0.2960172575463756,0.2697684165897414,0.47069699098403817,0.2960822653099718,0.09750608844667928
353,353.jpg,data/processed/wang/buses/353.jpg,buses,148.8243397342691,101.70531746884198,71.01494184426159,0.2725603663120732,0.18820327368413767,0.22136698034715563,0.4252616626531136,0.2538291842338693,0.19815919638914675
354,354.jpg,data/processed/wang/buses/354.jpg,buses,193.25700579375493,125.20271813534121,-79.7956030406707,0.413376683108756,0.26556840633499357,0.19020349567280648,0.5422094101739342,0.3014260845077611,-0.2153347772949204
355,355.jpg,data/processed/wang/buses/355.jpg,buses,185.1167349706199,99.44370201233937,-58.993531374695834,0.3229212586557632,0.31695909466512084,0.32266820636992133,0.39387619018939785,0.24252953586386888,0.08656208014308064
356,356.jpg,data/processed/wang/buses/356.jpg,buses,139.05809320087064,125.72365389096265,89.96895278487114,0.3022816524726011,0.2479640937449091,0.26381834432725737,0.3651433487868682,0.305000711021009,0.2444730573076311
357,357.jpg,data/processed/wang/buses/357.jpg,buses,191.55741540685722,101.92865403170137,-69.11534381325308,0.37721632558798507,0.2943233627146049,0.29388631401912085,0.5994516903108339,0.27950802312333084,-0.21009369767887726
358,358.jpg,data/processed/wang/buses/358.jpg,buses,187.06103932080987,122.66210177799482,-65.22725134368594,0.43922683982156246,0.2515308636843967,0.1701854103905768,0.3401778565414399,0.26974491588497923,0.2189132724414133
359,359.jpg,data/processed/wang/buses/359.jpg,buses,194.3208760220538,121.61086088900585,-90.96050994401118,0.3348873239533721,0.25305649657070245,0.2396263483990976,0.4911048766876244,0.24762066154924356,-0.13671376686964368
360,360.jpg,data/processed/wang/buses/360.jpg,buses,134.93051854313703,96.37151833183552,94.89930713123118,0.4297132034450423,0.31020285707619466,0.2587440690088749,0.3325625037482685,0.2505565521421559,0.21458456516114957
361,361.jpg,data/processed/wang/buses/361.jpg,buses,218.18632011909054,91.7085917144705,-76.00872920288958,0.2599047045304796,0.31376104500102997,0.3533949590935365,0.5850613583154995,0.25320321701304965,-0.2023924277403818
362,362.jpg,data/processed/wang/buses/362.jpg,buses,170.061322773985,118.24840458042476,-70.98468170241551,0.28367002219427206,0.24298380105505174,0.23744145163587452,0.41233621105012713,0.3108313120228993,0.20021192542613464
363,363.jpg,data/processed/wang/buses/363.jpg,buses,170.72782655662922,99.37551678811425,-42.52059944930692,0.24242861813721106,0.19150569522871053,0.2243246937351696,0.4817580374617971,0.2751892188484297,-0.1253138018706705
364,364.jpg,data/processed/wang/buses/364.jpg,buses,229.76714354415313,93.99997066958882,-47.054656477999664,0.47556072460020954,0.32983657093750174,0.25771928896200735,0.5698151742572387,0.27866701553977125,-0.23278951055394703
365,365.jpg,data/processed/wang/buses/365.jpg,buses,146.15854554113926,115.86304953761169,83.25248863209013,0.277064937167457,0.2742351988733322,0.29981212115104255,0.48868680628190947,0.21917890175477658,-0.08774191205516199
366,366.jpg,data/processed/wang/buses/366.jpg,buses,114.11912045574597,120.58489495618879,113.18504495911509,0.41002479112876244,0.2778724893295209,0.23519959430040221,0.3348647250123946,0.26782526265910517,0.23264008522743795
367,367.jpg,data/processed/wang/buses/367.jpg,buses,171.82724159544887,108.14116915591472,53.60153715792188,0.3786572443502176,0.32341155361184826,0.2669385768446234,0.5015349840704459,0.3083583062940503,-0.17986316749559444
368,368.jpg,data/processed/wang/buses/368.jpg,buses,215.81809945550685,116.29581774831271,-80.91480371052847,0.5095237628508897,0.3202753298669741,0.23737812870972338,0.5415296886102823,0.24862267938433205,-0.17673200506955283
369,369.jpg,data/processed/wang/buses/369.jpg,buses,148.60249851407752,108.96552580466192,86.5241457010519,0.3507757665165343,0.2886523858019166,0.2759235764401267,0.36360083490270273,0.25793592321816566,0.2329162359379397
370,370.jpg,data/processed/wang/buses/370.jpg,buses,191.19428131058643,119.00202810528374,-94.4352840948768,0.41102875343245654,0.2602926743749657,0.21148833760345204,0.4951024776526225,0.28334861218780766,-0.13571860792281976
371,371.jpg,data/processed/wang/buses/371.jpg,buses,208.95756764478725,120.26553603158246,-95.18375856290999,0.5803487443023793,0.2661872061647575,-0.19840494310448026,0.4712568382728743,0.3156575546287383,0.03178881166985879
372,372.jpg,data/processed/wang/buses/372.jpg,buses,152.13262005216316,124.07241254312846,101.78999042313666,0.46357089585926775,0.3364082577261269,0.2652495490973008,0.46429859244289656,0.3071027868900827,-0.13369228262679725
373,373.jpg,data/processed/wang/buses/373.jpg,buses,225.89698117957596,64.43457945341707,-56.373971147953895,0.4383672471542657,0.33161490513411057,0.24653934559727675,0.49815180317727936,0.2495293977218303,-0.14833874042907472
374,374.jpg,data/processed/wang/buses/374.jpg,buses,184.57395105853598,152.01911319733134,-58.79011080813949,0.4678488703301961,0.31876813423352224,0.16399079919306886,0.5453627344297965,0.2753456822514547,-0.13633654092187925
375,375.jpg,data/processed/wang/buses/375.jpg,buses,148.54875938115129,110.9449189277215,59.13671962788007,0.4053903148555709,0.26338259711276557,0.24835115755627205,0.44146577842425455,0.28940905889526464,0.08631822343319365
376,376.jpg,data/processed/wang/buses/376.jpg,buses,247.32188321010804,120.61370943577161,-116.51735993091344,0.5611396575601285,0.3191318126008332,0.09521850143487559,0.5247203245706894,0.3091576157840734,-0.18191747137284872
377,377.jpg,data/processed/wang/buses/377.jpg,buses,237.49557887490332,121.41429790162896,-110.28792345282923,0.5365148838357356,0.3337636439233691,-0.10285481189723603,0.547029633935594,0.2753959876079399,-0.21957264918203098
378,378.jpg,data/processed/wang/buses/378.jpg,buses,149.98783797707256,108.87746489080224,74.6220392958216,0.3594159949676339,0.3052681551239506,0.2778711966829918,0.4986993261025816,0.26488394260920983,-0.15608160120583234
379,379.jpg,data/processed/wang/buses/379.jpg,buses,156.50264546337954,99.03603496990016,68.44814891863155,0.24117403660538628,0.2181154087591529,0.23691632965179277,0.45084209405188364,0.24320324230307208,0.14991500487255838
380,380.jpg,data/processed/wang/buses/380.jpg,buses,148.9257057902205,109.72301111312387,80.8684028057564,0.39273269046448905,0.31320291713524445,0.2749810382619797,0.5202585389888364,0.25003364928448124,-0.2079582616059492
381,381.jpg,data/processed/wang/buses/381.jpg,buses,214.54963951230124,114.25734732492627,-85.51013953858745,0.418891967724259,0.3301212641239482,0.26881441062107836,0.5380139830038738,0.27487552097205953,-0.18196741648567188
382,382.jpg,data/processed/wang/buses/382.jpg,buses,209.8014207804399,118.29877941986467,-66.98591398689155,0.5812703742306269,0.3173301831223852,-0.2204623878106276,0.5744621414981973,0.31484899847120285,-0.25531688668400127
383,383.jpg,data/processed/wang/buses/383.jpg,buses,136.44300938513334,96.75772997588062,71.02241093546365,0.30930850352922334,0.23323843717290693,0.24637917003718734,0.4775878206412614,0.2874952544655269,-0.07570049985544146
384,384.jpg,data/processed/wang/buses/384.jpg,buses,168.26964821588686,109.69821573969921,-65.25292446758047,0.3971771227820871,0.26286554511582755,0.2318616811858979,0.5238581737184234,0.279455439341649,-0.12068119323979427
385,385.jpg,data/processed/wang/buses/385.jpg,buses,259.36283389601914,101.3751055139617,-99.9054413490446,0.6511611067024697,0.32412769929144,-0.23829802786694848,0.535923548760645,0.28195385672574824,-0.2226176284952362
386,386.jpg,data/processed/wang/buses/386.jpg,buses,148.80666921494563,102.30371430067369,-33.505123888663505,0.3458761346420924,0.24818271455566995,0.24312031062837083,0.5136098513616645,0.3197727219512177,-0.21423196395345673
387,387.jpg,data/processed/wang/buses/387.jpg,buses,140.93467389759886,95.89581636890934,59.78456257006201,0.4920087757405677,0.2911292594480032,0.158828112295687,0.3813206177142708,0.27998660474671083,0.23521696520961993
388,388.jpg,data/processed/wang/buses/388.jpg,buses,211.50387771054133,98.91687576299373,-93.15215826331864,0.5234550938330642,0.30596999854339446,0.087361201549301,0.5016499939877027,0.2892368084839116,-0.18338013203213627
389,389.jpg,data/processed/wang/buses/389.jpg,buses,118.64954996413933,113.00395877675173,97.72350859633696,0.26892470800435336,0.2797661377257468,0.3005504750927471,0.4501457363796675,0.2654928039033925,0.1442698471318519
390,390.jpg,data/processed/wang/buses/390.jpg,buses,91.101663525859,112.39437329298055,117.3924678212825,0.3918400020228698,0.2575264319519717,0.1792165494734786,0.404957301366494,0.27955606420328066,0.21575617755486193
391,391.jpg,data/processed/wang/buses/391.jpg,buses,164.99694317159597,96.56976363578018,71.46912158407463,0.39371267757770073,0.2874949982749392,0.24424500123783416,0.46141829113346944,0.29069910409392813,0.17868824338785738
392,392.jpg,data/processed/wang/buses/392.jpg,buses,166.06089265919763,134.61251421366455,72.43034648425359,0.5313384011178215,0.3388919358453651,0.1543147997061091,0.4850817800601182,0.2878865097309773,-0.13459617348394715
393,393.jpg,data/processed/wang/buses/393.jpg,buses,106.94754772739088,86.16894636208072,87.32410332727608,0.5259311871509927,0.2779589615791354,0.16060734984618674,0.4329495795268059,0.2961353452254923,0.14851867611394498
394,394.jpg,data/processed/wang/buses/394.jpg,buses,83.19089811313643,108.7096333881217,128.6160677153298,0.4165522268282397,0.23577245142464062,0.21662970684229854,0.44398270100085807,0.2742301869217243,0.12767031347979363
395,395.jpg,data/processed/wang/buses/395.jpg,buses,164.0402077631285,108.47615910435549,70.48179557831811,0.35019160746323524,0.28999701495637925,0.2629139938062322,0.42378971848159114,0.24848705684175018,0.09833744837191896
396,396.jpg,data/processed/wang/buses/396.jpg,buses,207.57676491583456,105.47726806124136,-53.066917999501186,0.4626629403772948,0.33753936521567995,0.23861650322493888,0.4081924040704905,0.27759059377482526,0.1631548301958985
397,397.jpg,data/processed/wang/buses/397.jpg,buses,152.60824241989334,116.13528516184444,90.57267248683436,0.45217229441331597,0.3097802916716403,0.2563006792347702,0.3851189596988623,0.2846285000729635,0.20774029605484992
398,398.jpg,data/processed/wang/buses/398.jpg,buses,158.85692390736494,96.17647975478981,-40.91096092964581,0.42422418335109074,0.3269898641652865,0.23022996973769128,0.39145404989019045,0.2953250211417483,0.18698328359808464
399,399.jpg,data/processed/wang/buses/399.jpg,buses,153.00820348468642,119.84076901243327,88.0374411708337,0.39600739153237896,0.30286216851637504,0.265385838136568,0.49010812700598666,0.27418665051372293,-0.1257539639564204
400,400.jpg,data/processed/wang/dinosaurs/400.jpg,dinosaurs,160.15600909939226,102.84060725670531,-70.73616736238128,0.09305585776249832,0.16479705592117158,0.23854335888713935,0.8316711491363028,0.19078438653602137,-0.26191837649515
401,401.jpg,data/processed/wang/dinosaurs/401.jpg,dinosaurs,123.76764479726747,110.3358285097889,62.34542871201384,0.1336717198124641,0.22676053636097385,0.2877327483283586,0.818664917175397,0.1856639178948204,-0.2485604949257002
402,402.jpg,data/processed/wang/dinosaurs/402.jpg,dinosaurs,107.94504574043033,108.72088743094666,83.17886436663017,0.20874415993510334,0.26160897320769955,0.2732960944519681,0.8458451093050977,0.1317688004404163,-0.17826515534492168
403,403.jpg,data/processed/wang/dinosaurs/403.jpg,dinosaurs,134.63162420973336,89.53757917197275,-68.52461051772241,0.07420605841762533,0.16501000111681954,0.24647755059312076,0.8332462160547797,0.15773100324726608,-0.22351701757803993
404,404.jpg,data/processed/wang/dinosaurs/404.jpg,dinosaurs,111.18261245502315,92.28636349330351,39.02738601697394,0.08214465893716749,0.1399487642906906,0.18402909648057486,0.793779886387919,0.2195830514083979,-0.27894417895429985
405,405.jpg,data/processed/wang/dinosaurs/405.jpg,dinosaurs,120.26373161087879,100.93206217996556,72.06241196536104,0.09523619165504253,0.130151172937511,0.16666100590950203,0.7996869326248467,0.21694784007935602,-0.27325788385752003
406,406.jpg,data/processed/wang/dinosaurs/406.jpg,dinosaurs,64.22973179033943,88.5939152902545,100.5998457168701,0.15997830182778708,0.2537614086388172,0.30711166170332604,0.815362396512171,0.1919674486812818,-0.25271132086147463
407,407.jpg,data/processed/wang/dinosaurs/407.jpg,dinosaurs,77.83866744659099,104.34494756994758,106.03980962247564,0.1000568951805576,0.1897837703034645,0.2548834689487407,0.857445777746913,0.1215215481854808,-0.18683025931025565
408,408.jpg,data/processed/wang/dinosaurs/408.jpg,dinosaurs,81.8349203907225,96.33114499624652,102.30440659721603,0.1494007898470263,0.1951275413380839,0.23283192993384813,0.7051309501934023,0.2652278247468741,-0.26815001060786714
409,409.jpg,data/processed/wang/dinosaurs/409.jpg,dinosaurs,143.66562065805192,102.97996974522312,-59.56098780737908,0.07790731882891085,0.14713884997299606,0.21400159707282676,0.7972382654194519,0.23446916173279858,-0.29803400348785614
410,410.jpg,data/processed/wang/dinosaurs/410.jpg,dinosaurs,104.20296826159999,126.50119132980703,127.6947402262428,0.15493596658148098,0.28460914505130186,0.36450398155067637,0.768193789734165,0.23595023141802463,-0.2797621792949819
411,411.jpg,data/processed/wang/dinosaurs/411.jpg,dinosaurs,70.67027825472663,91.53548071617887,101.13352749352615,0.14090631998196082,0.17500932761270552,0.1797182900542152,0.7999832525264973,0.20729146235391566,-0.2662858665986115
412,412.jpg,data/processed/wang/dinosaurs/412.jpg,dinosaurs,168.04313463355962,73.22566069256852,-53.25135818769384,0.07428231714090809,0.11608915897416017,0.17436830863399602,0.7782223450228921,0.21508076269620754,-0.2631300242077357
413,413.jpg,data/processed/wang/dinosaurs/413.jpg,dinosaurs,109.01237564196526,104.99161162929538,80.57101960725879,0.10509775379516857,0.2010734183749049,0.2803305209969578,0.8692996425530263,0.1064918609404316,-0.1721122128236255
414,414.jpg,data/processed/wang/dinosaurs/414.jpg,dinosaurs,138.65921956668413,94.46006715158853,-32.25589121079642,0.08318723147184907,0.11960835715065539,0.1610235913462474,0.7789751906035036,0.24727182647799825,-0.30398101774934816
415,415.jpg,data/processed/wang/dinosaurs/415.jpg,dinosaurs,108.89280957163525,69.33466875469877,44.86012313915283,0.08159837063997107,0.12258738968330701,0.17886984088824995,0.8098740996563739,0.18844960375016326,-0.2589221055356904
416,416.jpg,data/processed/wang/dinosaurs/416.jpg,dinosaurs,154.3240452054791,69.09029707483347,-58.216617767181205,0.09984765679263319,0.16020889612881745,0.2376611252658704,0.8367798715265309,0.186673663287137,-0.26923702450594433
417,417.jpg,data/processed/wang/dinosaurs/417.jpg,dinosaurs,51.16608484450504,82.40404744343999,101.62600060089078,0.08701856209807109,0.16616967655064513,0.22528259268108955,0.8112542520706209,0.18695910411616265,-0.2505099165450558
418,418.jpg,data/processed/wang/dinosaurs/418.jpg,dinosaurs,134.01278154705264,108.66076776973458,50.68091719047316,0.1245441268403719,0.20626489718951668,0.26599484132982876,0.821175735889824,0.18033276385207095,-0.23626264896491328
419,419.jpg,data/processed/wang/dinosaurs/419.jpg,dinosaurs,99.78790498917199,99.42286584443355,84.41615768010736,0.09956854035687002,0.1898195064746788,0.2599459504234719,0.795715618471533,0.21722299710315998,-0.2762551986255735
420,420.jpg,data/processed/wang/dinosaurs/420.jpg,dinosaurs,183.97408210726766,90.80262735720284,-83.27270099263012,0.0857837556483787,0.17904213337012587,0.250797181371336,0.85329690223053,0.15328658291977343,-0.22010028889502276
421,421.jpg,data/processed/wang/dinosaurs/421.jpg,dinosaurs,134.53268047338497,105.01299813835053,28.88969903119808,0.1283935602410935,0.20860975664789172,0.273846940029119,0.8470126356857198,0.14032961273179567,-0.20688276986633491
422,422.jpg,data/processed/wang/dinosaurs/422.jpg,dinosaurs,152.01142457339301,107.42391001406469,41.36310032541023,0.11333211540150501,0.16026289639439045,0.19895617259345869,0.7257932256602307,0.2537749820186866,-0.2675626490476666
423,423.jpg,data/processed/wang/dinosaurs/423.jpg,dinosaurs,92.27511318024092,95.0679801942304,87.45374530766418,0.08435378874459805,0.14406764566278438,0.20849064792249328,0.852580677142214,0.13759806713703207,-0.21474531550805048
424,424.jpg,data/processed/wang/dinosaurs/424.jpg,dinosaurs,113.054204078641,82.08781728312405,44.32260025621544,0.13840400988844218,0.20902570752522698,0.24864032637852113,0.7804356478025909,0.20115466319063255,-0.24847624080231964
425,425.jpg,data/processed/wang/dinosaurs/425.jpg,dinosaurs,175.31971715299733,72.23913382951008,-56.69979884364521,0.04999945928519386,0.08197568754179785,0.11794653088728078,0.794648981242986,0.1621832213430954,-0.2271140496666857
426,426.jpg,data/processed/wang/dinosaurs/426.jpg,dinosaurs,130.42110339353712,109.89813724657117,58.29644637606239,0.1657767908054666,0.20825479890723894,0.23480019197614624,0.7483645049611122,0.24263786209133775,-0.26366018692496984
427,427.jpg,data/processed/wang/dinosaurs/427.jpg,dinosaurs,161.12749876750118,99.34186347332167,-63.995324342843624,0.09415137227352943,0.20394059837546186,0.2833527768156715,0.8448380680643481,0.16640063151969564,-0.2357138204132639
428,428.jpg,data/processed/wang/dinosaurs/428.jpg,dinosaurs,155.3706793128525,118.11076711685847,-76.20349521170593,0.08188824167189068,0.1282729482903,0.16627179082282328,0.7725708881292377,0.2279439873482444,-0.27201108023756876
429,429.jpg,data/processed/wang/dinosaurs/429.jpg,dinosaurs,176.45084973033713,89.12089279630811,-76.57163457746915,0.09143434263989055,0.16815049450290254,0.22324906951207107,0.8226168832310682,0.18404535192549457,-0.24002390854715827
430,430.jpg,data/processed/wang/dinosaurs/430.jpg,dinosaurs,156.29733253929135,96.61400051444276,-75.10034932509436,0.12103721646247341,0.2136813544001436,0.2727236999604814,0.8333170651022025,0.1494243135892905,-0.20654269032727834
431,431.jpg,data/processed/wang/dinosaurs/431.jpg,dinosaurs,93.67952684821405,98.26090793394512,81.1221410223248,0.06314244541752127,0.10130174923197685,0.12275034390361964,0.8432957137756413,0.16042323262432437,-0.2354464109295577
432,432.jpg,data/processed/wang/dinosaurs/432.jpg,dinosaurs,124.00338621081998,90.10830110193214,39.70348839211627,0.13295029546243123,0.22844433830396882,0.29515208388143843,0.8093845423497328,0.1720521538082557,-0.22610411629893723
433,433.jpg,data/processed/wang/dinosaurs/433.jpg,dinosaurs,50.07489372301643,74.9471733242059,90.46146257631915,0.13799942656567055,0.21698912611211718,0.25967977845899626,0.818760419363457,0.18212577264255259,-0.2503393639694148
434,434.jpg,data/processed/wang/dinosaurs/434.jpg,dinosaurs,99.79391758535591,73.626774834862,55.18996794675858,0.08177741047255438,0.14537321237188128,0.2122838380877578,0.840393871453538,0.15163406048034767,-0.22261919532053154
435,435.jpg,data/processed/wang/dinosaurs/435.jpg,dinosaurs,68.48706151116251,88.07132890395495,94.88436755219985,0.10694959187739528,0.20243785308555307,0.26706872929893155,0.8379022011982139,0.15004412769679618,-0.21042706408644646
436,436.jpg,data/processed/wang/dinosaurs/436.jpg,dinosaurs,88.291751374801,101.7193412046995,96.86089194627934,0.09415138418624262,0.15735999824088034,0.20852970620521505,0.7847593294741557,0.22057949037328292,-0.2709440775168331
437,437.jpg,data/processed/wang/dinosaurs/437.jpg,dinosaurs,71.83425326319411,93.49173018518191,103.35876457212609,0.11737167214816206,0.15783565309828743,0.17976051969250806,0.8167698357334151,0.17646127272059658,-0.2348375260086107
438,438.jpg,data/processed/wang/dinosaurs/438.jpg,dinosaurs,161.41408308691766,115.68491274794468,-45.51345770665467,0.1125430609680033,0.18387788370503041,0.23799640545825465,0.8119696798322025,0.18830096712353614,-0.24490802060700367
439,439.jpg,data/processed/wang/dinosaurs/439.jpg,dinosaurs,146.59093942081867,105.75571205974654,-58.38766538237619,0.08164803386082535,0.149840300210035,0.21467331730411762,0.8598289804432587,0.14217514027353473,-0.21548111544397394
440,440.jpg,data/processed/wang/dinosaurs/440.jpg,dinosaurs,101.21984429838388,110.78666765768043,94.55403255210103,0.07084810516944155,0.12433685146836793,0.18039442656858862,0.7630942427461397,0.232701029874541,-0.2671302158974576
441,441.jpg,data/processed/wang/dinosaurs/441.jpg,dinosaurs,156.7753911480686,95.5184966875035,-47.534131095623835,0.10271139423557447,0.150852226938863,0.19630093059865078,0.8099560779383287,0.1960850938350782,-0.25432513397332424
442,442.jpg,data/processed/wang/dinosaurs/442.jpg,dinosaurs,62.36513217860314,79.86409671343183,87.72767674733757,0.1150894219282937,0.2134471044825256,0.27679837279023844,0.8121295280899025,0.18730549747055872,-0.24461001644310773
443,443.jpg,data/processed/wang/dinosaurs/443.jpg,dinosaurs,55.59364548375743,74.41498188061098,89.80690448383551,0.146510302914578,0.2070999820486921,0.24372965185983383,0.7881527248749004,0.2084992995808401,-0.26009199393939997
444,444.jpg,data/processed/wang/dinosaurs/444.jpg,dinosaurs,158.26783456137431,101.0371633289065,-63.8638630078495,0.12761113885107042,0.19477681643481387,0.25080072536622877,0.8103400819968746,0.16447071844831299,-0.21809467149836428
445,445.jpg,data/processed/wang/dinosaurs/445.jpg,dinosaurs,81.81961338452432,68.27749468924134,63.472872672391944,0.10855903205638621,0.15115973129915503,0.19386270169669179,0.772292998575414,0.2277776855821188,-0.26492339541543675
446,446.jpg,data/processed/wang/dinosaurs/446.jpg,dinosaurs,61.92563876960594,84.28951357420335,94.99636482032597,0.12590143100509485,0.23239282448754095,0.30186368905333627,0.8260551579175134,0.16243108562421457,-0.2217614091263518
447,447.jpg,data/processed/wang/dinosaurs/447.jpg,dinosaurs,80.28082347541688,100.09730361986017,104.54802055327654,0.1353986683451751,0.22474773638427004,0.27494595814684647,0.8051774246373498,0.18542131000532786,-0.22663391357371687
448,448.jpg,data/processed/wang/dinosaurs/448.jpg,dinosaurs,131.62513340829537,117.25666949020312,-34.062188045224445,0.03903348671844261,0.09997615672946165,0.16521107827146547,0.803545112861992,0.2001518530314022,-0.2565751240111749
449,449.jpg,data/processed/wang/dinosaurs/449.jpg,dinosaurs,141.26931427799477,103.4650301076018,37.56023237298917,0.14480773198634722,0.19585878281019092,0.22648934548347727,0.7509136992444212,0.25585459588721576,-0.27891318651522734
450,450.jpg,data/processed/wang/dinosaurs/450.jpg,dinosaurs,112.16736089523329,87.9876881805267,60.831150563070906,0.1496459168094475,0.22855385185110594,0.2851624090842956,0.8342999698385114,0.16499038582373218,-0.2289184142538149
451,451.jpg,data/processed/wang/dinosaurs/451.jpg,dinosaurs,88.10162867093943,99.07772606545976,104.1673905120597,0.07788057412266387,0.12437938643021432,0.1809961443099153,0.8066507650438884,0.20171740619285786,-0.2744468622481645
452,452.jpg,data/processed/wang/dinosaurs/452.jpg,dinosaurs,119.11262959273881,106.66304142510793,69.19670239829048,0.1198436237768874,0.20664976979146193,0.2785988372468945,0.7806374619733182,0.2265126199323188,-0.28366320142337875
453,453.jpg,data/processed/wang/dinosaurs/453.jpg,dinosaurs,179.73957910786217,104.77856679952804,-90.72024000345117,0.07081556027758514,0.14811469309159625,0.2287676222658932,0.8319472034282475,0.19576016826015769,-0.2732352671595043
454,454.jpg,data/processed/wang/dinosaurs/454.jpg,dinosaurs,76.98656564234018,99.27954361750808,98.33564133298967,0.04708357409051208,0.10306920745586459,0.17607887564338312,0.8063676492386094,0.21849094429271082,-0.2964355525510115
455,455.jpg,data/processed/wang/dinosaurs/455.jpg,dinosaurs,69.65167807477094,85.37776085881147,95.7762522757879,0.23525919552396127,0.2986168547086014,0.3163480065807628,0.7240064113362621,0.2669848795064462,-0.28727293512509966
456,456.jpg,data/processed/wang/dinosaurs/456.jpg,dinosaurs,57.70286361206066,77.33978611793536,82.13591914518224,0.08536925902819803,0.20991995000882938,0.29935868874481475,0.8218210727826735,0.1887411039882451,-0.26405632407865
457,457.jpg,data/processed/wang/dinosaurs/457.jpg,dinosaurs,113.98055135690083,107.76114873563635,85.34721790108284,0.12957699401198397,0.21459716499517129,0.2732898948865017,0.8106599771628945,0.1873255806241682,-0.23400017942351792
458,458.jpg,data/processed/wang/dinosaurs/458.jpg,dinosaurs,139.52439488742553,107.19651357691835,42.713401438157824,0.1990282534074055,0.25735054802322876,0.27976559768956744,0.8041441755171471,0.18603385756780189,-0.23715293716017707
459,459.jpg,data/processed/wang/dinosaurs/459.jpg,dinosaurs,136.8839732212085,109.58287457900308,26.1930189261801,0.18560661721605243,0.23257745375428363,0.26124788173531444,0.8204349757967956,0.20749603488546792,-0.2765945121775305
460,460.jpg,data/processed/wang/dinosaurs/460.jpg,dinosaurs,161.50551645945112,105.54563721973274,-78.80477632115614,0.10660505304094652,0.21995076607121283,0.3026380678813982,0.8463422057414837,0.1598633955288059,-0.2261929901840331
461,461.jpg,data/processed/wang/dinosaurs/461.jpg,dinosaurs,62.88312315091025,75.57926196558046,84.47609054474523,0.16209149137936643,0.23407750596224924,0.27969105060135624,0.7831445711351108,0.21513688279271637,-0.27591182836781225
462,462.jpg,data/processed/wang/dinosaurs/462.jpg,dinosaurs,42.721283523653256,76.74528994356596,101.20144497158061,0.1849486568485664,0.23152570345586576,0.2464598703988774,0.8137858541369288,0.20622247373152577,-0.2802071908415611
463,463.jpg,data/processed/wang/dinosaurs/463.jpg,dinosaurs,147.6536851288547,106.16946262743224,-54.20294830364372,0.12123258205033949,0.1916823446680544,0.24446723478194288,0.848230625506981,0.158997755841038,-0.2407978603726198
464,464.jpg,data/processed/wang/dinosaurs/464.jpg,dinosaurs,123.94740274819863,120.82192110665375,72.05490761334453,0.10394548272608972,0.22385256943869505,0.30247575080351946,0.8274117332538159,0.18862763298604848,-0.26082492006045005
465,465.jpg,data/processed/wang/dinosaurs/465.jpg,dinosaurs,59.5658474232417,81.81576655019232,91.28365743675568,0.11471512776359798,0.22991002153980017,0.3025870808542397,0.8091577144371437,0.19726048700072568,-0.2716128821168633
466,466.jpg,data/processed/wang/dinosaurs/466.jpg,dinosaurs,79.09220696285047,74.3373060792589,69.27486054100999,0.11423690977427725,0.17362601763756996,0.2201039490856077,0.8138254679011302,0.18187876615561518,-0.25170480938463924
467,467.jpg,data/processed/wang/dinosaurs/467.jpg,dinosaurs,126.28455499646346,109.02672258639001,61.5834812285376,0.09872993697841063,0.18617206909840694,0.25683927558827824,0.828055554039319,0.19436515782265223,-0.26630212414853993
468,468.jpg,data/processed/wang/dinosaurs/468.jpg,dinosaurs,135.47818359972007,111.51203923286829,-47.086252256693996,0.09837133116233569,0.16434563554101037,0.22293251886129983,0.8083183410303955,0.20053463562789178,-0.258923193066891
469,469.jpg,data/processed/wang/dinosaurs/469.jpg,dinosaurs,74.80333462714407,105.9746937759585,109.0570163281485,0.05873278226705262,0.15388023734505324,0.2390948412716946,0.8548635512618526,0.144979297241559,-0.22482013231086218
470,470.jpg,data/processed/wang/dinosaurs/470.jpg,dinosaurs,130.4090047806185,103.38961576100824,51.5343615608127,0.11032826759259251,0.18902515567873462,0.2531952426950797,0.7887945913272271,0.20925414172794135,-0.2546830689204152
471,471.jpg,data/processed/wang/dinosaurs/471.jpg,dinosaurs,161.74744399044843,123.20672214418654,-77.20115459609181,0.11480469946874905,0.234057622593094,0.30965141583498573,0.7963260503904431,0.2019108277914964,-0.2547065681400396
472,472.jpg,data/processed/wang/dinosaurs/472.jpg,dinosaurs,165.95341538687475,105.63665966845033,-82.38703935770504,0.10416369577495743,0.18417833406323766,0.2498437863522378,0.8308350474824522,0.18333848094239164,-0.25319276628370313
473,473.jpg,data/processed/wang/dinosaurs/473.jpg,dinosaurs,99.0558503215046,108.38512763202208,86.37490331255991,0.04787822066452918,0.10991387302852139,0.16648229616607924,0.7996282112275139,0.21730405040915723,-0.28069606897437993
474,474.jpg,data/processed/wang/dinosaurs/474.jpg,dinosaurs,135.0198752207319,109.57887504073241,14.14260825896819,0.10398633056090982,0.19554215697413949,0.27116423401601886,0.8569971891819629,0.12325098641306882,-0.18143768465277632
475,475.jpg,data/processed/wang/dinosaurs/475.jpg,dinosaurs,104.13978304842688,110.80621315775527,93.87287695030656,0.19531645223965674,0.283838932516792,0.3243216526587364,0.7739787250854372,0.24703473461104095,-0.28942619817997656
476,476.jpg,data/processed/wang/dinosaurs/476.jpg,dinosaurs,168.19460026770926,102.10236484681649,-77.07633587240991,0.10317023495238213,0.15383968618653068,0.20834879961557615,0.8246282911325219,0.1804112662888158,-0.2456055241755828
477,477.jpg,data/processed/wang/dinosaurs/477.jpg,dinosaurs,154.8774318873208,111.48022403468252,-84.32020023678615,0.06191680509418044,0.11183470280402881,0.15448221963078856,0.8404899719671542,0.14774102297339486,-0.1981196462411354
478,478.jpg,data/processed/wang/dinosaurs/478.jpg,dinosaurs,122.45239744136659,110.83902970080109,52.65340208832708,0.10287764513025384,0.19513328914160816,0.2589102252150394,0.812959088334073,0.16597457796695225,-0.22837708797795048
479,479.jpg,data/processed/wang/dinosaurs/479.jpg,dinosaurs,110.6622569170413,81.95814500427821,52.948058221926004,0.1424962539736896,0.2233232686846122,0.2794318386097652,0.8255057614497332,0.17066796787163493,-0.22979677157403672
480,480.jpg,data/processed/wang/dinosaurs/480.jpg,dinosaurs,79.38263692693363,111.53928714144064,114.51672848263887,0.06762069341183974,0.147619317080725,0.22415407570665352,0.8120240922137517,0.20306696824105103,-0.267530118599547
481,481.jpg,data/processed/wang/dinosaurs/481.jpg,dinosaurs,183.78782699290363,94.25682346019035,-88.45730020525164,0.06484494105293,0.13419813646004697,0.21933769636632583,0.8382970937686499,0.1808449779590237,-0.24982720415536402
482,482.jpg,data/processed/wang/dinosaurs/482.jpg,dinosaurs,47.84573248933642,75.83436567754573,97.33083397198953,0.13480267266542492,0.21192617812629458,0.26441385024115616,0.7851756060247368,0.1976204101135033,-0.24885652453203416
483,483.jpg,data/processed/wang/dinosaurs/483.jpg,dinosaurs,158.08751656732298,109.3774355476096,-80.32526848406758,0.07919472605261528,0.13355510913139262,0.19407761093913942,0.8302179544595276,0.17648492397913995,-0.2374036549691162
484,484.jpg,data/processed/wang/dinosaurs/484.jpg,dinosaurs,154.3801609731854,108.07374866342106,-76.37395202027459,0.0976774796888833,0.16106481216377125,0.21524960779381536,0.8139443060510368,0.19943038742245392,-0.2551526591046578
485,485.jpg,data/processed/wang/dinosaurs/485.jpg,dinosaurs,71.93107184830903,76.97672372839976,82.36987632784496,0.1816798892840552,0.2398208010544342,0.2771101473919284,0.7669731271432075,0.22008151761362668,-0.2657020520069182
486,486.jpg,data/processed/wang/dinosaurs/486.jpg,dinosaurs,146.71720139595467,99.76860238819013,-25.113413070975334,0.1405890804264137,0.17668505657657343,0.21659039698385973,0.7719192070936316,0.25713690383237897,-0.30407807307354573
487,487.jpg,data/processed/wang/dinosaurs/487.jpg,dinosaurs,73.55463955977272,89.90576591458091,97.52371919516041,0.08800478161399876,0.12971547947099005,0.1880346659760108,0.8046754196282156,0.21288060849336773,-0.2740804976576978
488,488.jpg,data/processed/wang/dinosaurs/488.jpg,dinosaurs,164.645353378015,93.92230238292821,-61.6268905957826,0.13161239710720452,0.21710436741708947,0.278226126656542,0.8173861305933201,0.19609261767412786,-0.25248607048100724
489,489.jpg,data/processed/wang/dinosaurs/489.jpg,dinosaurs,68.80796166455063,97.75490771285176,108.35417382829337,0.09028769331006477,0.16572305387041217,0.23520621821266513,0.8154411830926591,0.20263360512091044,-0.26638038039144696
490,490.jpg,data/processed/wang/dinosaurs/490.jpg,dinosaurs,85.016772100115,99.88740759582511,96.93021665652017,0.10686777754488237,0.1599345595655267,0.19327643803238437,0.8110931273901846,0.18810465939519797,-0.2490676385581293
491,491.jpg,data/processed/wang/dinosaurs/491.jpg,dinosaurs,73.27308568399167,99.3380263968212,103.27654549032435,0.10237682552962231,0.19884899493387773,0.2704678783926293,0.823218419036086,0.17939029072747253,-0.2410956919680873
492,492.jpg,data/processed/wang/dinosaurs/492.jpg,dinosaurs,61.995376183980625,83.75557783372196,95.62448780075425,0.08900098317811,0.14710393941541902,0.20864335087045255,0.7802996142136939,0.22857627541434478,-0.28937188169647365
493,493.jpg,data/processed/wang/dinosaurs/493.jpg,dinosaurs,109.99124215201907,87.30972109568074,65.44483027334098,0.16287139494205385,0.21599985285438922,0.2556011795968467,0.8482067707554487,0.1283944936608706,-0.19945985384723203
494,494.jpg,data/processed/wang/dinosaurs/494.jpg,dinosaurs,61.77644760213176,77.46636081836904,81.74362673085635,0.09479402469434224,0.18226326474823867,0.25401592060778455,0.8375565745496042,0.15625267705781823,-0.22361104393402514
495,495.jpg,data/processed/wang/dinosaurs/495.jpg,dinosaurs,112.98855694803449,104.37138619707194,79.620669740311,0.12983752204783627,0.1835601319201825,0.21692899944166621,0.8176264813833617,0.19604332659927173,-0.2610433141954728
496,496.jpg,data/processed/wang/dinosaurs/496.jpg,dinosaurs,63.15967928476797,85.58709690064565,97.41803125524454,0.09169288967122687,0.15183912177485018,0.21778823712941026,0.8339024431664086,0.1754870831164798,-0.24901624735725125
497,497.jpg,data/processed/wang/dinosaurs/497.jpg,dinosaurs,139.10936437856313,91.67688586693008,-53.02293606186173,0.14388533491037,0.20715650926538287,0.25697345350634465,0.8294333940300476,0.15793027815283195,-0.2135217889926364
498,498.jpg,data/processed/wang/dinosaurs/498.jpg,dinosaurs,165.24170740370633,102.86111220021618,-81.20373547926405,0.08375476924263126,0.1398552453664868,0.19735381845881378,0.8364791638512846,0.17321347591523742,-0.2361687215301349
499,499.jpg,data/processed/wang/dinosaurs/499.jpg,dinosaurs,121.89840018312195,75.77448259545638,39.87684026149075,0.13921728439600164,0.23633566153312144,0.2989570710500714,0.8011501010935405,0.20604711412047147,-0.25724927559628175
500,500.jpg,data/processed/wang/elephants/500.jpg,elephants,100.1625278313295,60.522537392311236,56.28096327446605,0.3213699362067928,0.1481285061735688,0.18796628920212083,0.559552812072809,0.2541722413237243,-0.19558885231697243
501,501.jpg,data/processed/wang/elephants/501.jpg,elephants,85.33833878610069,66.0332600947334,79.35907732916604,0.4054611978780069,0.21363577328430067,0.16729528640937075,0.6038082871632658,0.242301681399756,-0.21873163231419823
502,502.jpg,data/processed/wang/elephants/502.jpg,elephants,128.73050352434075,67.40827183889343,30.637634588474633,0.46685993690058086,0.20753812642700542,0.1581189941265208,0.5572262534169615,0.27767012188691786,-0.17959411424736543
503,503.jpg,data/processed/wang/elephants/503.jpg,elephants,75.90920187271938,45.885508586462024,54.96738371199312,0.4768715188595631,0.17343331213279986,0.07318859338520296,0.5097071928504798,0.2638389907754337,0.09375628998108752
504,504.jpg,data/processed/wang/elephants/504.jpg,elephants,90.72182438584908,84.75145021671284,83.6528488219505,0.2790444306468771,0.15995229540833453,0.187152829227907,0.5507225792430006,0.22344352733050885,-0.10965637406878029
505,505.jpg,data/processed/wang/elephants/505.jpg,elephants,114.10162443332472,74.98958521817583,63.959096606987615,0.31054384132495255,0.258022482499822,0.1933346286994823,0.5464063552259404,0.2764964107397679,0.09159313844205783
506,506.jpg,data/processed/wang/elephants/506.jpg,elephants,62.60346719453082,68.40670420772123,88.49644716521286,0.24873309072961547,0.13261642281550287,0.15903840136105762,0.6124287234214402,0.23380619451512302,-0.1895444480354736
507,507.jpg,data/processed/wang/elephants/507.jpg,elephants,117.51865564738303,69.36029356558306,52.58079605891448,0.4212559414805052,0.2400008668163755,0.19321162817429213,0.6091231731570824,0.23271676815080344,-0.18652139979417903
508,508.jpg,data/processed/wang/elephants/508.jpg,elephants,93.65033548399272,78.57213176474833,78.01498119333701,0.43261215708775086,0.2721851532019485,-0.1282067060262359,0.644620740858926,0.23597639529730177,-0.2157091419652248
509,509.jpg,data/processed/wang/elephants/509.jpg,elephants,72.49414063761408,50.7274187755548,74.56224895895679,0.46648925062837066,0.1993126888951808,-0.13265370857241426,0.4718613311315873,0.1944774638723681,-0.16820655047217356
510,510.jpg,data/processed/wang/elephants/510.jpg,elephants,59.390076288438046,76.88108612548227,100.44418972265406,0.28926776655029585,0.14357917076243826,0.1813854132826998,0.6132087780055571,0.21944989959756656,-0.182113966367637
511,511.jpg,data/processed/wang/elephants/511.jpg,elephants,110.38272460993419,50.44003570285905,54.62649648884244,0.4373261436366249,0.25840085723588696,-0.15935110290889204,0.4148890364255446,0.220692167821503,0.21021617437344467
512,512.jpg,data/processed/wang/elephants/512.jpg,elephants,83.5334744240002,52.38376329183295,68.65671773222263,0.4637575996077601,0.1871315340345168,0.16077701916647902,0.48834221748217504,0.21321348320362923,0.09159776696056385
513,513.jpg,data/processed/wang/elephants/513.jpg,elephants,94.89863109536479,64.8400118222848,68.0251559564309,0.38038956076688163,0.13257294438286282,0.160947145380635,0.5695735501234035,0.1959130660983242,-0.15606458124242267
514,514.jpg,data/processed/wang/elephants/514.jpg,elephants,88.88141076057703,54.38058055870833,54.488938963066715,0.3905756110491249,0.16616265558572582,0.14496107575280703,0.5326503116514658,0.1684825721286968,-0.08520324824694
515,515.jpg,data/processed/wang/elephants/515.jpg,elephants,57.265666884622384,53.5275766667662,71.94594226976739,0.5179054907629942,0.23610048966281577,-0.1972377764405941,0.5534619426110652,0.2075670549355977,0.03713386105114436
516,516.jpg,data/processed/wang/elephants/516.jpg,elephants,114.1318894196326,120.75557873863103,122.34846980388153,0.32140762647195703,0.1945922220541211,0.18804404849580353,0.48536780870082435,0.26734931134713585,0.11510473876853342
517,517.jpg,data/processed/wang/elephants/517.jpg,elephants,100.61720170110372,98.36570968493227,98.42432872172142,0.24860020844635264,0.18687735123779178,0.21413028172686427,0.5932293762005022,0.28920039776744105,-0.24172757757938207
518,518.jpg,data/processed/wang/elephants/518.jpg,elephants,125.25459319618676,132.4876262677737,122.39500031946753,0.25280052605104214,0.14696107142511355,0.1764338024875094,0.5560116959864558,0.23495307950211236,-0.1692063248677889
519,519.jpg,data/processed/wang/elephants/519.jpg,elephants,67.6775593041566,84.74048400760468,107.60895938908482,0.3475270188104768,0.17247074131944068,0.16848042791101098,0.48426510910496273,0.23316675630480463,-0.07916842336434962
520,520.jpg,data/processed/wang/elephants/520.jpg,elephants,157.8801560129347,131.79371132714328,73.11235604007709,0.27213945441553733,0.15052163461119894,0.18028737392217087,0.4678892559004642,0.25872959253859446,0.11560969652387335
521,521.jpg,data/processed/wang/elephants/521.jpg,elephants,67.27367151876751,67.98512557073624,84.64339014056425,0.34614705203934665,0.1586089573439582,0.17667765026615498,0.6761378184601105,0.2227884070293523,-0.21459252400625176
522,522.jpg,data/processed/wang/elephants/522.jpg,elephants,88.65025500220145,82.14494726301263,95.42417081665897,0.3232781035967207,0.20914919253059058,-0.03859597545556982,0.5475797498987637,0.22613412320450546,-0.12258827433969456
523,523.jpg,data/processed/wang/elephants/523.jpg,elephants,124.02997087207405,91.1287079777715,62.2575716099786,0.33130159266726383,0.2250030842596263,0.18421065300971062,0.7218383110085019,0.20461077029276306,-0.24590457157436815
524,524.jpg,data/processed/wang/elephants/524.jpg,elephants,79.43215470738748,66.68149531522053,72.6903519738652,0.3439326472231983,0.1669114140154856,0.15772509608525487,0.534819690543704,0.2636835211530549,-0.1866607015556858
525,525.jpg,data/processed/wang/elephants/525.jpg,elephants,73.62577964967083,93.81043059970948,110.68430876536989,0.39911413694494513,0.18118415738453666,0.15758461672343094,0.5286652339412967,0.23215383803566708,-0.16436154712638423
526,526.jpg,data/processed/wang/elephants/526.jpg,elephants,104.08100379217164,76.27075687447568,64.12869265492033,0.3946910655833354,0.1893667421780375,0.13257387621097794,0.5831751319688484,0.2598714131416512,-0.2043214647454864
527,527.jpg,data/processed/wang/elephants/527.jpg,elephants,77.91878810514997,71.92008519038396,81.48853238515105,0.25777442355117347,0.12879868785183865,0.1653126119179501,0.5483456796521438,0.2506227262964677,-0.1668239627875322
528,528.jpg,data/processed/wang/elephants/528.jpg,elephants,144.74707387544913,129.31797212977352,102.32552995948755,0.3232089731010035,0.1876170892659398,0.21191814736607067,0.48190747470818945,0.26072434063880423,0.15263671817319985
529,529.jpg,data/processed/wang/elephants/529.jpg,elephants,78.43913639347618,89.81279218222338,97.65460272831089,0.321862712767692,0.12297215169642688,0.1556205279220056,0.6751900587113084,0.20334032540128577,-0.19346994484266833
530,530.jpg,data/processed/wang/elephants/530.jpg,elephants,65.63774269454613,81.5656138842947,88.78579223377295,0.2854865366058448,0.14686369574069277,0.10600009837882099,0.6699171794433548,0.2350929801122192,-0.2523669956592717
531,531.jpg,data/processed/wang/elephants/531.jpg,elephants,78.54594899958708,110.21432514727765,130.65553688375616,0.1715534647833389,0.1113412337912741,0.15386016659130686,0.6052993827611033,0.1818948176881679,-0.17089552430682714
532,532.jpg,data/processed/wang/elephants/532.jpg,elephants,148.25659729358813,131.37711133113768,64.23263611356015,0.29539315142140293,0.11471445562687924,0.15823342658839035,0.6183805315275018,0.1822301086640695,-0.1607336013185077
533,533.jpg,data/processed/wang/elephants/533.jpg,elephants,121.4287287742615,133.33487298511702,118.7819153344237,0.49516370043735,0.2749347917704685,-0.14900244780957084,0.5918473155178958,0.15890340564619299,-0.15686454359707092
534,534.jpg,data/processed/wang/elephants/534.jpg,elephants,129.1940166183631,124.2729095315263,106.54729048206246,0.2883589842662104,0.15446570244419985,0.17328450876116386,0.5321117639265415,0.25070181803547353,-0.14725623287186423
535,535.jpg,data/processed/wang/elephants/535.jpg,elephants,75.88760034370837,55.03131790390669,76.2540486978926,0.35746425963296247,0.1669723911489915,0.12363892149028391,0.48435402849878056,0.2051206101046576,0.1146169841388647
536,536.jpg,data/processed/wang/elephants/536.jpg,elephants,89.3144544576644,70.35010420940885,75.04424199841262,0.35544875807440235,0.1946548108090716,0.11259420562269074,0.5829887604001556,0.1541809184535371,-0.1282576313079124
537,537.jpg,data/processed/wang/elephants/537.jpg,elephants,82.97937353739083,104.84615124758284,116.45809124449599,0.39051681423888834,0.17665340204454516,0.15985352878388376,0.5313972155682288,0.2373830364147519,-0.1766954341639863
538,538.jpg,data/processed/wang/elephants/538.jpg,elephants,58.94265562731865,64.11542789493639,83.19809875593396,0.28412629883704693,0.15629224285113466,0.19068066436583228,0.6401788964842202,0.2306161663554503,-0.20207600068963563
539,539.jpg,data/processed/wang/elephants/539.jpg,elephants,95.63591032432305,72.29475481893589,69.63979031647821,0.3129481371775853,0.14079422312713805,0.1721182941882068,0.634111722125643,0.2383609936779079,-0.21674044719804103
540,540.jpg,data/processed/wang/elephants/540.jpg,elephants,114.25844349993713,107.25830919608985,81.9295222130916,0.32895525647752305,0.14688503724759996,0.167798825779508,0.6183009443270132,0.24425262130517986,-0.21417938661674032
541,541.jpg,data/processed/wang/elephants/541.jpg,elephants,117.68169888778964,85.92408886738477,98.24689196383187,0.42141630064134955,0.18266911977425732,0.06435032483678943,0.512086014274478,0.19123457243227512,-0.17614235404794526
542,542.jpg,data/processed/wang/elephants/542.jpg,elephants,78.69352860787149,76.15045053407727,87.30419291307717,0.28435336328069144,0.16225552910297125,0.18760677425391487,0.5346259738381699,0.23643317995734803,-0.13481746938790706
543,543.jpg,data/processed/wang/elephants/543.jpg,elephants,158.06760460502483,142.5371552783112,91.76735020321063,0.2270489953717553,0.14194577808903536,0.18177078387089948,0.5416954013664584,0.24380944830276066,-0.17288739352138727
544,544.jpg,data/processed/wang/elephants/544.jpg,elephants,66.65683681109779,83.82037482900745,102.40234808569929,0.33057801989447927,0.1526539387544534,0.17684246756202865,0.6386823787128009,0.21921415680446468,-0.18692190411637477
545,545.jpg,data/processed/wang/elephants/545.jpg,elephants,154.5069088727214,147.5647753445907,84.90516888322088,0.2916493237863828,0.14892317373084007,0.1849799788099577,0.47386387998128043,0.2154908040388328,0.11429009012317548
546,546.jpg,data/processed/wang/elephants/546.jpg,elephants,66.8567009170559,89.181309767172,112.10752926339282,0.28225331891441857,0.17338648488562322,0.19524819090533385,0.5551972148750792,0.25026585841324905,-0.17169500619868827
547,547.jpg,data/processed/wang/elephants/547.jpg,elephants,102.69039021881326,92.18368734630012,84.36918286860754,0.4113514787967934,0.20101045668786724,0.10804429059414536,0.5978966564325674,0.16409397993550262,-0.15751042774443688
548,548.jpg,data/processed/wang/elephants/548.jpg,elephants,82.32292983248772,86.30354378528278,81.84891364777792,0.2773505091441848,0.1526350503975943,0.12054527994392497,0.6723015004420745,0.22693396072595012,-0.24503751686506467
549,549.jpg,data/processed/wang/elephants/549.jpg,elephants,118.28694115847127,128.19364559001653,128.1269452015248,0.2528393268244618,0.15019675058895504,0.1791743804422512,0.5959573695175872,0.2600613386979251,-0.21524022084249217
550,550.jpg,data/processed/wang/elephants/550.jpg,elephants,101.81510875709257,92.17044499587391,99.878321101584,0.34835317526021,0.23151948550706755,-0.09670259916828736,0.5195472173622449,0.25037828827453806,0.1263340758926792
551,551.jpg,data/processed/wang/elephants/551.jpg,elephants,86.76846437634595,85.67618452498151,106.36820789117391,0.39352447140275143,0.22445618183247704,0.15257225868683175,0.42813051609017805,0.242811302995904,0.14669183575871664
552,552.jpg,data/processed/wang/elephants/552.jpg,elephants,105.53751905248161,108.73799938474899,93.0682033365374,0.3174983947626326,0.16138441128162467,0.17993280954432408,0.6054484963539816,0.24144001368875545,-0.19197122171392028
553,553.jpg,data/processed/wang/elephants/553.jpg,elephants,93.15423707775578,80.99548648955806,67.80157711998183,0.3511977465611456,0.14396425042214878,0.1392018333408871,0.7112404926137307,0.21541538618195957,-0.2500123071548729
554,554.jpg,data/processed/wang/elephants/554.jpg,elephants,125.95373713931379,112.90331463058152,111.42057188543995,0.37724105810228065,0.20365463248910035,-0.1155925309917574,0.49743521867171125,0.21275325853374047,0.14121818913236253
555,555.jpg,data/processed/wang/elephants/555.jpg,elephants,93.11464634887427,82.13509566180473,83.77419051774251,0.3382754017354917,0.17818262776992955,0.15773677406315184,0.48636970452312295,0.24665489044718633,-0.13896322244665021
556,556.jpg,data/processed/wang/elephants/556.jpg,elephants,120.55301840254106,102.78300764652039,68.7384010319369,0.32834434224871717,0.1530740819890465,0.19587236002895425,0.6465187728823688,0.24812367472064986,-0.22595151354973642
557,557.jpg,data/processed/wang/elephants/557.jpg,elephants,179.99765342899386,115.51192541069159,-90.97928005114676,0.16279888062816403,0.14520640339779195,0.1951740315072179,0.5041931667114928,0.22751033465234624,-0.11227173582619487
558,558.jpg,data/processed/wang/elephants/558.jpg,elephants,54.66146414841205,66.60277795257446,99.4715915571557,0.2130382877380915,0.12417833703938362,0.17201156930922853,0.6668877226731098,0.20266218100865113,-0.2067645697140112
559,559.jpg,data/processed/wang/elephants/559.jpg,elephants,116.60804687719308,72.17792514783453,60.46862398801089,0.3670049438305322,0.1596437208559574,0.14448440188388229,0.5390173139895609,0.24215310789573866,-0.16559328851447802
560,560.jpg,data/processed/wang/elephants/560.jpg,elephants,84.8776467258843,83.69898069087792,90.71108338745478,0.2769630339943016,0.16266004125440744,0.1946211236685039,0.5240608285738327,0.22934491181319852,-0.13902899235438693
561,561.jpg,data/processed/wang/elephants/561.jpg,elephants,112.45752003332746,91.50506811751436,73.05353332474317,0.33802779406371997,0.23221783454847322,0.08699091231286679,0.666255949154395,0.21984108435965366,-0.23935945188354574
562,562.jpg,data/processed/wang/elephants/562.jpg,elephants,65.11751802410193,51.48013552580135,75.74820678692268,0.43268302614121507,0.1569885670163449,-0.10284893269442198,0.48923783985427366,0.19707524802150042,-0.14148499031151712
563,563.jpg,data/processed/wang/elephants/563.jpg,elephants,94.3433962523098,109.88425323691588,113.83861908019344,0.36605396110920196,0.1821704692681207,0.1768689498927799,0.4997624939904644,0.20949664719766092,-0.0798059220120863
564,564.jpg,data/processed/wang/elephants/564.jpg,elephants,74.72771987970918,73.56141467143227,84.92504943798508,0.36043948572543627,0.17363865480332927,0.18289402529439797,0.6731360854480121,0.22476553450295278,-0.21318026422348565
565,565.jpg,data/processed/wang/elephants/565.jpg,elephants,135.8970646495436,88.02641952708699,-21.64860493439825,0.4436166152976095,0.12416258105437654,0.1054292162799344,0.7228431557786242,0.2048924712653138,-0.23821088722936318
566,566.jpg,data/processed/wang/elephants/566.jpg,elephants,76.00831668018994,45.45815964709358,56.97602876713427,0.4288158025385087,0.1933681715772267,0.1029400185895253,0.5264830448011679,0.2685893326570816,-0.07520642312146605
567,567.jpg,data/processed/wang/elephants/567.jpg,elephants,79.33561054286353,43.3141491088124,50.33233806312711,0.49397164292972207,0.16698518340619858,0.07730482322242233,0.5103613063530995,0.2603613233289795,0.0790736939268734
568,568.jpg,data/processed/wang/elephants/568.jpg,elephants,126.40215204914664,98.70389554480745,107.66014787909984,0.33783151234220554,0.20249866986563056,0.1002789934114012,0.5763479338449523,0.206813378699379,-0.181900171340961
569,569.jpg,data/processed/wang/elephants/569.jpg,elephants,62.46433149780751,87.27549392929117,112.59534525154483,0.37287143141535734,0.1733508778079977,0.18361983298292167,0.49545835793569876,0.2522968286784451,-0.13009436857923626
570,570.jpg,data/processed/wang/elephants/570.jpg,elephants,106.30730206872492,80.39455433902911,64.54218002558099,0.3567088727341646,0.11541482972780179,0.0663994136156873,0.5550497770938136,0.19743736012660473,-0.19380861931351082
571,571.jpg,data/processed/wang/elephants/571.jpg,elephants,73.99664900510591,114.16807626902497,133.237521329576,0.22364626561637616,0.13672924955889193,0.1715062563756613,0.4816576716101366,0.2125767558059585,0.014195444610025455
572,572.jpg,data/processed/wang/elephants/572.jpg,elephants,204.53309659083,131.71377932608155,-99.57957280711005,0.2603158281800499,0.1403291287690439,0.19179096464522638,0.5668566854306505,0.22953733984057462,-0.1393567665172537
573,573.jpg,data/processed/wang/elephants/573.jpg,elephants,110.83708851839522,111.86740235314727,88.24647508542478,0.2723102980973617,0.1500333536102282,0.18529365324694097,0.584647874768649,0.241860395436171,-0.1997845207363302
574,574.jpg,data/processed/wang/elephants/574.jpg,elephants,93.60418499048683,124.21737623940193,134.87636575395277,0.2434077671619169,0.1532297591031805,0.20134699710564874,0.5500598101651283,0.26080806890580915,-0.2020654428342209
575,575.jpg,data/processed/wang/elephants/575.jpg,elephants,53.91639707366994,59.9698393616527,75.15503660531628,0.4712595865991223,0.20933109871556468,-0.14899152260865106,0.5249088587552535,0.203825521779977,0.10463240873098623
576,576.jpg,data/processed/wang/elephants/576.jpg,elephants,66.79486962233689,42.13919285586121,50.58405279322552,0.4207967163813464,0.1573933165319019,0.13923884439263406,0.5062283517881004,0.20315227704272915,-0.13734767419721333
577,577.jpg,data/processed/wang/elephants/577.jpg,elephants,85.15486341340632,97.07282436773802,101.19009372091773,0.30821274442899,0.1616256596537239,0.1772590386011686,0.5058659294751161,0.21870738168298562,-0.08588200427440831
578,578.jpg,data/processed/wang/elephants/578.jpg,elephants,97.69846773285826,72.28624043205176,57.61993681965062,0.37379225541769756,0.15050604381228674,0.15997060992401568,0.6021031306511873,0.2723557241898696,-0.24314394826372376
579,579.jpg,data/processed/wang/elephants/579.jpg,elephants,78.32814027510176,74.23132136555553,75.57820800465612,0.2541535091764331,0.11614320774635095,0.157508664284547,0.5393202148517986,0.2457574596739682,-0.1420464538996449
580,580.jpg,data/processed/wang/elephants/580.jpg,elephants,45.78144850372579,47.16747230241081,65.69579084579962,0.3048814730010558,0.17460998101096928,0.12777618124820317,0.5313055035465055,0.2397283614466045,-0.18963337326986077
581,581.jpg,data/processed/wang/elephants/581.jpg,elephants,64.72916981432718,63.324624139149265,86.5987367194167,0.29688104271353194,0.168132055592512,0.20471698801851435,0.5443742039758774,0.27470774401349757,-0.14183006954447783
582,582.jpg,data/processed/wang/elephants/582.jpg,elephants,159.89153669871425,64.41913168871615,-63.82358572068297,0.25548557349205225,0.1804971434473142,0.18382177363262475,0.6499521002190676,0.24188900972701688,-0.20355188478694294
583,583.jpg,data/processed/wang/elephants/583.jpg,elephants,108.23247358524775,73.10512205815596,64.50526962904047,0.26028846388238475,0.16730894931690987,0.19434581533593986,0.5125499180989408,0.23228274429683393,-0.17294301905316914
584,584.jpg,data/processed/wang/elephants/584.jpg,elephants,173.26696321936228,77.21985395660148,-69.82257164200361,0.139521109229482,0.0961607589397558,0.13164300556524683,0.6635152280891532,0.24485656768568387,-0.2232710381818604
585,585.jpg,data/processed/wang/elephants/585.jpg,elephants,169.35530514495863,78.72722658121376,-75.13036043025195,0.17115204375541757,0.1512201954723615,0.18950991872709272,0.6179490917094862,0.3095568657667198,-0.28483064713801287
586,586.jpg,data/processed/wang/elephants/586.jpg,elephants,150.39778888162496,84.96177095776238,-52.031464806079995,0.13782295760841143,0.11839678335919793,0.16322484841635918,0.6908448557038108,0.24839990734032893,-0.24538850186398536
587,587.jpg,data/processed/wang/elephants/587.jpg,elephants,106.02174712711106,83.66478665499194,75.08681035661596,0.2449802218081345,0.15209359317394994,0.16956638373855745,0.5005677598555328,0.20288454904447187,-0.08131247668659267
588,588.jpg,data/processed/wang/elephants/588.jpg,elephants,123.52615061794859,83.95896498071605,52.66499278201543,0.19690718849741984,0.14695594732206288,0.17643146677958152,0.5725434483603303,0.1934073279867508,-0.09269808536300583
589,589.jpg,data/processed/wang/elephants/589.jpg,elephants,133.23989944514082,98.844759133878,33.86236447007569,0.18255605438390413,0.12574562733329436,0.14587280488482174,0.6762229865021586,0.250626225531546,-0.23815756398271723
590,590.jpg,data/processed/wang/elephants/590.jpg,elephants,163.84708194680084,62.49783599835475,-56.827065118502205,0.28847198407744185,0.14132837037805482,0.12368211462056841,0.6086624954118113,0.25182208460323285,-0.21626738119374334
591,591.jpg,data/processed/wang/elephants/591.jpg,elephants,174.61215287120285,61.174121560240636,-60.486068528551925,0.23906776498175,0.16389721848920855,0.17427488819039835,0.5997603770616801,0.27912677751282416,-0.2399942961939364
592,592.jpg,data/processed/wang/elephants/592.jpg,elephants,113.48820877946734,89.63457669138874,68.72490252250354,0.1597369505483357,0.11600674787157271,0.15034771465276753,0.6845420387866975,0.2378136225942259,-0.21641850334867385
593,593.jpg,data/processed/wang/elephants/593.jpg,elephants,178.86957466703703,93.32387524205356,-78.06646175981294,0.1533385649879051,0.11163829785058224,0.13723542319384696,0.6810353492772853,0.2436748245489871,-0.2352913752488353
594,594.jpg,data/processed/wang/elephants/594.jpg,elephants,99.0440592388283,75.39831281361384,62.27618243475297,0.19567248986651484,0.13669580156197905,0.17071047401479683,0.592049528130957,0.18041305296472707,-0.1534206899419547
595,595.jpg,data/processed/wang/elephants/595.jpg,elephants,137.4026962604718,98.60247399587801,-35.7728871033666,0.17679199094292622,0.1266983751665755,0.1545502148427569,0.6871874137363344,0.24751595448705505,-0.23795814640065027
596,596.jpg,data/processed/wang/elephants/596.jpg,elephants,169.72184349094823,80.59028172274077,-70.68642169237688,0.17395800850248597,0.16681476224249886,0.21882225684903875,0.6217693739270137,0.3153644259336199,-0.28878858014996156
597,597.jpg,data/processed/wang/elephants/597.jpg,elephants,130.80808169487258,98.22957553479938,62.371623929257325,0.22909396598524268,0.15810236781431028,0.17144295321576575,0.5670855085222778,0.23085136174465742,-0.15037873971254323
598,598.jpg,data/processed/wang/elephants/598.jpg,elephants,139.76844731759533,68.8310121118445,-40.632667628209575,0.36129886151164214,0.20083067507178592,0.15900995928731554,0.6173651511988348,0.2412732530381228,-0.21579228185496363
599,599.jpg,data/processed/wang/elephants/599.jpg,elephants,136.70553660305328,89.63399338282906,17.66853616136792,0.12995360358714456,0.1270432742549556,0.16355498795162693,0.7206840247348699,0.2633239832716946,-0.2871003202966169
600,600.jpg,data/processed/wang/flowers/600.jpg,flowers,67.49089345114287,72.06601427394358,96.2492033817695,0.5889324262699726,0.33409715171663756,-0.23284255129566683,0.38797213038561534,0.3697429567910226,0.27713697925461145
601,601.jpg,data/processed/wang/flowers/601.jpg,flowers,147.54550799612753,127.95993290496891,122.14454691193146,0.6706632515695219,0.24968819442429485,-0.12078668942557014,0.4305248510848969,0.1653195739131403,-0.06534784274500355
602,602.jpg,data/processed/wang/flowers/602.jpg,flowers,234.11190996021256,137.58019782114684,-106.99139894287782,0.7610016943552106,0.27860382988464727,-0.26567328990350736,0.46041715755834883,0.2409428005913741,-0.15060318445011164
603,603.jpg,data/processed/wang/flowers/603.jpg,flowers,112.05286414693485,133.774768608329,127.50868250546867,0.5438782983524485,0.37904186879105,-0.2246857251968859,0.36469312385428054,0.3464099635834311,0.24142566953336644
604,604.jpg,data/processed/wang/flowers/604.jpg,flowers,117.76320743141696,135.36625626295583,116.5983331269423,0.172809121478925,0.1929243979169151,0.21824285401660914,0.26027525481789365,0.3082616940960005,0.2766960088638042
605,605.jpg,data/processed/wang/flowers/605.jpg,flowers,45.08859161817418,74.03253990365018,108.89782000940068,0.5621690664203053,0.22289123181362408,0.06953025996090023,0.4212540041922968,0.3218618467377363,0.2598908662904077
606,606.jpg,data/processed/wang/flowers/606.jpg,flowers,189.11884163450637,124.75025085126656,60.259102418826835,0.34318018056128113,0.21744502252167794,0.21276547649730748,0.3186440919688825,0.3205379681980804,0.30537329450835027
607,607.jpg,data/processed/wang/flowers/607.jpg,flowers,146.9481155686717,128.03571019628706,108.91229104384826,0.44294873419823944,0.2665206656941305,0.15061472055254455,0.4099455481007368,0.2999250228494864,0.17446661288761364
608,608.jpg,data/processed/wang/flowers/608.jpg,flowers,236.265618597244,136.15406788982534,-103.45428517756065,0.7588886812919403,0.27540248303841963,-0.24571051286917373,0.5248410823600977,0.241251644567726,-0.21493405743295046
609,609.jpg,data/processed/wang/flowers/609.jpg,flowers,47.70082228200105,55.755209341830444,81.79516194157864,0.6548787311532654,0.3806132748529413,-0.360235186638308,0.410761624882241,0.33020153483355585,-0.17637890650880228
610,610.jpg,data/processed/wang/flowers/610.jpg,flowers,176.5604999756512,143.3734515396018,101.93552908241031,0.6405961026888463,0.30356628754663706,-0.09907822340733892,0.4366253365228469,0.17743843645696764,-0.12662390543080213
611,611.jpg,data/processed/wang/flowers/611.jpg,flowers,52.60719465431854,77.4455130209729,103.47962107557397,0.2339136366859312,0.252204063867237,0.25880613510167016,0.24343461856423687,0.2859929622947928,0.2593518298966192
612,612.jpg,data/processed/wang/flowers/612.jpg,flowers,196.84335833034856,135.9146570464981,-81.45575291555522,0.43022435242100227,0.26666175525544095,0.17100332817432184,0.3394546483565695,0.3252353119982934,0.24665519480006132
613,613.jpg,data/processed/wang/flowers/613.jpg,flowers,178.73800895986156,162.9513936691364,-67.97221190435013,0.3317948185466548,0.30876061496055723,0.20257257755851832,0.2906834500722179,0.3195311407537161,0.24286190860098872
614,614.jpg,data/processed/wang/flowers/614.jpg,flowers,86.41461001404241,115.20960596587973,127.91257517946772,0.49177315749473866,0.2770941826596178,-0.12921132572469796,0.3961976348993896,0.3721293321124657,0.2770762836995949
615,615.jpg,data/processed/wang/flowers/615.jpg,flowers,77.85826508091304,112.67318755892828,128.8419457879894,0.43557548178038513,0.2819164176131424,-0.15022857657108857,0.3615860747597708,0.3675579984389758,0.2560617109513405
616,616.jpg,data/processed/wang/flowers/616.jpg,flowers,222.0821229208847,140.13536381361791,-92.38104909302888,0.6522308395932063,0.3051825858441279,-0.17898218244892838,0.28110535902203065,0.1890332805717846,0.12982452203366412
617,617.jpg,data/processed/wang/flowers/617.jpg,flowers,72.41778648871696,114.04001035485423,134.18078459454944,0.33016368912512917,0.2852267510987936,0.21063344306562165,0.3038567106920122,0.33366084896473663,0.26721241372713456
618,618.jpg,data/processed/wang/flowers/618.jpg,flowers,210.76508884151735,130.91506285435645,-87.50399410335352,0.5673030738167881,0.3669369108205068,-0.17296673560487053,0.30296492035791783,0.29042352392838394,0.23543876110356177
619,619.jpg,data/processed/wang/flowers/619.jpg,flowers,157.9068914783229,143.22338024493905,101.94788094900619,0.5313971482011463,0.2533631550109201,-0.11436895487077127,0.41366841155638195,0.33116210347310093,0.23301901374312478
620,620.jpg,data/processed/wang/flowers/620.jpg,flowers,207.09431159086398,126.166440258259,62.110877494727795,0.5804400717496682,0.35181352887861966,0.1379339614674779,0.36875675283187564,0.22114136773415,0.1398502475694866
621,621.jpg,data/processed/wang/flowers/621.jpg,flowers,192.79038029247144,136.82021852531184,-50.66338943855301,0.47639761373835654,0.3259229238258811,0.18075702288492937,0.3093448081699819,0.3186536060426804,0.2838086264381022
622,622.jpg,data/processed/wang/flowers/622.jpg,flowers,241.38983809501224,141.2625025214993,-136.06237967544263,0.6168101014204694,0.1549437107335359,0.11399082380192753,0.298660425504778,0.2653772048730841,0.24981496128701242
623,623.jpg,data/processed/wang/flowers/623.jpg,flowers,75.96300631847164,73.74685249941983,90.15451778916803,0.47894446504555316,0.3063388789076806,0.215132069166351,0.32997385288555847,0.2994846942687231,0.28087525831602783
624,624.jpg,data/processed/wang/flowers/624.jpg,flowers,203.06490734363038,131.26423509411947,35.82482328298701,0.6181080794864329,0.3290611867261226,-0.1776779297946272,0.4183214077226343,0.2632865582315217,0.12406285194730823
625,625.jpg,data/processed/wang/flowers/625.jpg,flowers,31.7525255868289,61.42539348420694,91.45686844528694,0.15240994507270025,0.22939515766393606,0.27378530951471636,0.25745830389106555,0.30734031318747884,0.2594625653446022
626,626.jpg,data/processed/wang/flowers/626.jpg,flowers,130.08274740224383,144.3088600809681,124.41400579727201,0.5628192734997507,0.36828689012224153,-0.2352259169113171,0.3808483723637674,0.3365199716130106,0.22306252576674285
627,627.jpg,data/processed/wang/flowers/627.jpg,flowers,63.55454174106126,74.96661995191204,91.42305430508321,0.19529063320512327,0.23016415749548427,0.2539809942022616,0.2942360152795942,0.3099404046331363,0.23659802409489178
628,628.jpg,data/processed/wang/flowers/628.jpg,flowers,60.6996878216111,73.40094191239385,100.79407220987397,0.5913317448091296,0.3705697486813418,-0.27291251270740535,0.3975310362892041,0.3427965018282347,0.2009020221734545
629,629.jpg,data/processed/wang/flowers/629.jpg,flowers,166.1788217122809,129.7878813113252,87.52445636511976,0.5154325788046208,0.34310810458510355,0.1233232870906479,0.3320360846377497,0.29716369699448575,0.2207987360629104
630,630.jpg,data/processed/wang/flowers/630.jpg,flowers,219.5434470646269,149.58669148186024,-111.19305324500834,0.6012682656292819,0.3300257221658646,-0.25982970897212093,0.45769833615651595,0.3572070060927159,-0.16518986007017117
631,631.jpg,data/processed/wang/flowers/631.jpg,flowers,98.8829746261293,144.11081170263387,146.03235734727025,0.5148463368566732,0.2619209873738644,-0.16377886490136134,0.3835664694973957,0.3593272575631397,0.2729276199324934
632,632.jpg,data/processed/wang/flowers/632.jpg,flowers,171.52690765741045,139.62984939480108,84.72901312205178,0.5059489408988705,0.3015353788984453,0.15449797657387965,0.38423789859455343,0.31938905342624135,0.22393263001128833
633,633.jpg,data/processed/wang/flowers/633.jpg,flowers,55.317713165170666,74.6620316160423,97.80028601736036,0.6139613222760545,0.38581602115441543,-0.3322636372366763,0.4071018680300161,0.3502518775767671,-0.08325702422610909
634,634.jpg,data/processed/wang/flowers/634.jpg,flowers,191.98516787826097,144.01434454132362,71.02963261645044,0.6124041994722423,0.33863640630535563,-0.1331877398559318,0.411001338635117,0.2532864362660953,-0.050747386739499495
635,635.jpg,data/processed/wang/flowers/635.jpg,flowers,184.94879249367477,126.1862633667425,71.42262105677142,0.5356712466057161,0.27451200127142944,-0.12609342362688958,0.37631681071103174,0.33398067033243733,0.2479934336764677
636,636.jpg,data/processed/wang/flowers/636.jpg,flowers,101.31015061335681,125.4401441497105,132.36980705867614,0.5766247932807573,0.2977432377722103,-0.20087742667235867,0.40814018221172904,0.3523142173344611,0.21750250813477895
637,637.jpg,data/processed/wang/flowers/637.jpg,flowers,187.73351704785455,137.29520037596401,26.734220540064705,0.6058730334921923,0.35494251392543397,-0.2821613321407459,0.30091334181170737,0.264747775963113,0.1987868895138712
638,638.jpg,data/processed/wang/flowers/638.jpg,flowers,140.83800145132076,139.69527194727218,112.31834130316491,0.3672375282955424,0.21452783225247501,0.13313041464757064,0.3552678197574484,0.33750187033589785,0.2521044425422901
639,639.jpg,data/processed/wang/flowers/639.jpg,flowers,81.47594326270762,85.29201889343963,98.7612358305388,0.5817585739861594,0.30705335640801007,-0.18340402142846635,0.3290033174991578,0.25024827712396697,0.18088791708658059
640,640.jpg,data/processed/wang/flowers/640.jpg,flowers,199.5534433125431,112.14442994168138,65.64099704874515,0.6391526712922845,0.17712641546784327,0.12755492642797595,0.3927155654551863,0.19692199105241506,0.20281439317619132
641,641.jpg,data/processed/wang/flowers/641.jpg,flowers,71.33835679744516,60.836457098745676,69.18740353921163,0.5890082168605204,0.3655774433546052,-0.2370638247472625,0.38503973215433024,0.3436528053453101,0.21954267680270106
642,642.jpg,data/processed/wang/flowers/642.jpg,flowers,98.84750260821117,85.80119139037947,90.52834489619724,0.25611628644438156,0.24209803598049562,0.22736569847594,0.3007466317239391,0.2835415901723511,0.22765168409596567
643,643.jpg,data/processed/wang/flowers/643.jpg,flowers,185.7502048540688,149.10354866700584,84.96845683655039,0.6916983128766484,0.27882411907161037,-0.2233108147517529,0.4015818982956745,0.2572131967043097,0.1275441748900602
644,644.jpg,data/processed/wang/flowers/644.jpg,flowers,80.31845782401312,82.6502272667137,95.54733923426875,0.5256806980482148,0.3668551634371519,-0.17279764078465915,0.3518476551363487,0.3724942682613086,0.2905601012985508
645,645.jpg,data/processed/wang/flowers/645.jpg,flowers,211.81810737469036,123.59521997334343,-83.55563616852818,0.48544996302306725,0.28451508197819586,0.1571720870020575,0.26863208452323306,0.27895058603567524,0.28762546194573096
646,646.jpg,data/processed/wang/flowers/646.jpg,flowers,160.82262716521745,113.75156787107437,110.19779935940736,0.5503753667376637,0.17978940372075594,0.13152408266701937,0.38687234334672854,0.2423852052957276,0.23752273284815134
647,647.jpg,data/processed/wang/flowers/647.jpg,flowers,48.984093486282895,56.498002499123714,75.60713231153545,0.3564870214179526,0.3046404217485702,0.1934821584242386,0.33451239629002316,0.3389819358437611,0.24019703017730526
648,648.jpg,data/processed/wang/flowers/648.jpg,flowers,232.82339400736723,151.98935635437002,-138.22946506967708,0.4703561821848628,0.3288310814700041,-0.2205321411637747,0.40074722781985866,0.38927481966581245,0.21251737657221903
649,649.jpg,data/processed/wang/flowers/649.jpg,flowers,91.4374357147911,131.71600920451343,137.30294504237168,0.3642303221883291,0.32655153677743104,0.18603330013392905,0.2758399754918675,0.3606968297998073,0.34703822085961034
650,650.jpg,data/processed/wang/flowers/650.jpg,flowers,217.80950051102596,119.02014055533755,-53.80359500599565,0.554105998904447,0.33028633035555327,0.19285446347924728,0.3142115861497672,0.2539371861474098,0.2135798913315903
651,651.jpg,data/processed/wang/flowers/651.jpg,flowers,180.3512938182448,131.70806172322216,52.93036132179876,0.33634148053336804,0.22453622203463178,0.18913891984403736,0.26100819563489114,0.2617506141604155,0.2570248366575695
652,652.jpg,data/processed/wang/flowers/652.jpg,flowers,171.6886736400035,126.17728645009676,81.53625718100852,0.49553498195416523,0.21956351676629926,0.12612827964043719,0.3071170253352686,0.28406523833963476,0.2703367281507191
653,653.jpg,data/processed/wang/flowers/653.jpg,flowers,56.6425263884424,70.32940246978534,91.55631988341793,0.5120324443090567,0.3597401437813841,-0.22071822499668353,0.27384253327012215,0.30362554865191965,0.2642467102264613
654,654.jpg,data/processed/wang/flowers/654.jpg,flowers,194.08686737282733,123.29094034829453,40.54627987741772,0.6429504679435732,0.19672230096560955,0.08004874664448264,0.42093486964121496,0.20830831671429817,0.11816700790840268
655,655.jpg,data/processed/wang/flowers/655.jpg,flowers,159.97351933624455,133.194828446007,100.1589984483978,0.4906843936266038,0.29282563675610446,0.16548035567561678,0.24990274850495572,0.2716706902695986,0.2812301190151397
656,656.jpg,data/processed/wang/flowers/656.jpg,flowers,143.39804208020118,126.6198923419426,82.00557054036585,0.1959103245575875,0.19596092951539104,0.17296005614011717,0.21529776874551013,0.29052958652231414,0.30697529967370185
657,657.jpg,data/processed/wang/flowers/657.jpg,flowers,291.53051415832397,104.50786006693745,-123.44184017460768,0.6067429048390144,0.31451392727901506,0.16400327645079305,0.29349533705848785,0.2165665691717664,0.16864777618476318
658,658.jpg,data/processed/wang/flowers/658.jpg,flowers,68.56003267399016,88.92385826832324,109.40774758361239,0.32710963012876465,0.2856107438915502,0.22428833366672604,0.2557350764865494,0.3158815296980362,0.29780747495152715
659,659.jpg,data/processed/wang/flowers/659.jpg,flowers,166.7262511667747,156.54835371884076,80.30404775185363,0.42509667236947735,0.36983302183325073,0.21296508303663148,0.22302290544869643,0.27740063257152914,0.2761756369025374
660,660.jpg,data/processed/wang/flowers/660.jpg,flowers,151.00534188905416,161.29074236264188,100.04818989240675,0.34221632130644747,0.35952567281703474,0.2600102846903366,0.2123873101457434,0.28575508562226526,0.2796814590267439
661,661.jpg,data/processed/wang/flowers/661.jpg,flowers,155.84284566410074,132.09857619709788,74.58866363536161,0.31093997196339274,0.2750612332677553,0.24377400704683394,0.2417857509971905,0.2920452670503539,0.2861605658037981
662,662.jpg,data/processed/wang/flowers/662.jpg,flowers,178.18579324520883,142.39038262987577,74.55209869488303,0.48595652605270817,0.3417120069417326,0.19177966052974893,0.21660088964442062,0.2435570633962476,0.2634583737692685
663,663.jpg,data/processed/wang/flowers/663.jpg,flowers,205.9699510687145,142.361165449756,-97.35019968183522,0.5249590090689557,0.3846872257129194,0.10573644706004426,0.2415988165798808,0.2486639376796075,0.22167864796255973
664,664.jpg,data/processed/wang/flowers/664.jpg,flowers,161.1787547173884,154.70761168395907,67.97334103787861,0.2953184133183508,0.2822124979927545,0.232866817363093,0.18888805676512277,0.26239493605905223,0.2704594697735118
665,665.jpg,data/processed/wang/flowers/665.jpg,flowers,185.86779895611411,130.7542688511987,-70.55931812105518,0.4072779881786725,0.3092354459314025,0.2215539573515814,0.2850779866689995,0.33458211426260004,0.3213713616127875
666,666.jpg,data/processed/wang/flowers/666.jpg,flowers,58.84024162599629,99.9915961044729,129.87757851678592,0.5200772969207037,0.26724988574943614,-0.20949859453752046,0.38343291005813757,0.35247303375013156,0.28053185474233777
667,667.jpg,data/processed/wang/flowers/667.jpg,flowers,180.31435847352805,117.49876293475904,97.25435725499548,0.4993125952944221,0.32070157394949994,0.2570252402303279,0.36205405546099695,0.2021629284857907,-0.07463783431283247
668,668.jpg,data/processed/wang/flowers/668.jpg,flowers,285.84607677523826,108.39734712439561,-130.30888503709522,0.7609500651407188,0.25340659684642663,-0.2519849112832775,0.4867678318201503,0.21120430497507972,-0.1832773552069155
669,669.jpg,data/processed/wang/flowers/669.jpg,flowers,169.74446909749835,138.67625823409685,102.97535221247716,0.6041601448266647,0.2560939280327011,0.07414303471940663,0.35877590661575215,0.2259812333672406,0.21464376253180217
670,670.jpg,data/processed/wang/flowers/670.jpg,flowers,78.41522316320697,78.86283177233165,99.25635494473326,0.5510789707191938,0.2840845676716264,-0.17718406970170875,0.3688887542344806,0.3152170932102833,0.18043564301162437
671,671.jpg,data/processed/wang/flowers/671.jpg,flowers,188.87495703541904,144.30469708887318,-75.73101243927817,0.32936457134428565,0.2405820672300621,0.1761914615848486,0.3060189098629091,0.3386694337253625,0.3012987618852704
672,672.jpg,data/processed/wang/flowers/672.jpg,flowers,170.77693504903678,119.6919539650273,97.10132066269747,0.5485649192722045,0.2952374735546095,0.16082685706037309,0.37642515923548103,0.2744643721401575,0.2108354275830093
673,673.jpg,data/processed/wang/flowers/673.jpg,flowers,101.23156674497386,128.1296186850148,136.65450543186955,0.5882918432667642,0.3072995012111387,-0.21599441378760995,0.39478728596601326,0.3266492224672706,0.2310554765865837
674,674.jpg,data/processed/wang/flowers/674.jpg,flowers,218.05892326993913,118.3218725876236,-82.19756783252946,0.47539826393672985,0.3044180035466464,0.2195599952653,0.38521150992666736,0.29750882971933457,0.2058753313045759
675,675.jpg,data/processed/wang/flowers/675.jpg,flowers,78.01236833126556,68.45803475589423,85.61905123256018,0.5135366609768349,0.3100511648631867,0.11092914565312223,0.3136423999623095,0.3398285517850796,0.3149527280821749
676,676.jpg,data/processed/wang/flowers/676.jpg,flowers,88.68251755508784,70.88209755943706,98.1299607239552,0.5106325060028022,0.2777944908330734,0.18650204597873532,0.39518932315058447,0.1686916410618412,0.1377807532480534
677,677.jpg,data/processed/wang/flowers/677.jpg,flowers,241.61120459977306,84.86218260724365,-71.48811430445255,0.5024311441206919,0.32702641559368245,0.2657444275699946,0.3534421931833028,0.20689430399984074,0.17908529191745848
678,678.jpg,data/processed/wang/flowers/678.jpg,flowers,139.6370834160622,129.7148428513708,122.67624452526647,0.4135353854440022,0.35604486221971304,0.3009679720702566,0.20163395291811526,0.19717479296950202,0.20515634692429324
679,679.jpg,data/processed/wang/flowers/679.jpg,flowers,82.58397676826765,67.07837221054432,93.08190227636186,0.6568867957208416,0.23858098660076554,-0.258035473979093,0.3269848453703427,0.29681484299988775,0.30109913462469795
680,680.jpg,data/processed/wang/flowers/680.jpg,flowers,141.3167083335505,124.82682224574941,125.5788738453455,0.6076715013350243,0.2698261619710896,0.1519357715181568,0.4281663395297291,0.16830414777066652,0.09338833530148724
681,681.jpg,data/processed/wang/flowers/681.jpg,flowers,128.78264192200731,89.71189917872644,94.09329983358484,0.3892652603006373,0.21582442589051087,0.12849814858230602,0.21650131773994494,0.2066392502563546,0.2680521748131708
682,682.jpg,data/processed/wang/flowers/682.jpg,flowers,138.8657976673403,86.08039374866736,94.06740261417207,0.37065756875009964,0.16855309002202676,0.17045160751391764,0.22602431883761653,0.2101375252045492,0.26803066966444966
683,683.jpg,data/processed/wang/flowers/683.jpg,flowers,189.6629336753043,122.29209527554004,34.500993208041564,0.40261115508012796,0.20934432798597905,0.06626325216538596,0.3881916624655635,0.2123195531425589,0.19117596230633538
684,684.jpg,data/processed/wang/flowers/684.jpg,flowers,108.18113656334572,118.49339131346814,119.1287469521232,0.3439180484613189,0.2794817964377587,0.18494409934943262,0.19017162832394283,0.2626043698773066,0.31243092101944386
685,685.jpg,data/processed/wang/flowers/685.jpg,flowers,91.52631891239919,84.29537000654864,98.03925421184897,0.37001565412338283,0.226205888603416,0.20086119396095842,0.25710729124951587,0.26398059983049293,0.25807062124165936
686,686.jpg,data/processed/wang/flowers/686.jpg,flowers,235.5709889601591,110.89090841613717,-111.91036707449204,0.3904145687457117,0.1836526006254338,0.16059555330405506,0.2325364115637806,0.18763601468739277,0.20002400113016716
687,687.jpg,data/processed/wang/flowers/687.jpg,flowers,181.92157798298254,133.11876092935918,93.0031488493782,0.6064650454976382,0.2022921779958469,-0.17817582734942122,0.36284260091014175,0.32690620611692084,0.2896747389217078
688,688.jpg,data/processed/wang/flowers/688.jpg,flowers,208.31681873729698,154.10341914432087,-109.79875409192542,0.564304737703992,0.4077813393770129,-0.2854001269655868,0.27241646598369584,0.29027331268776757,0.23369577822325655
689,689.jpg,data/processed/wang/flowers/689.jpg,flowers,207.32350683679883,136.16463786854706,-116.38411239691027,0.22140541962452667,0.21689151270067106,0.2532234952087312,0.40700074488185106,0.26776704072501095,-0.1947494764448509
690,690.jpg,data/processed/wang/flowers/690.jpg,flowers,196.42345318835456,119.54325052921489,-17.34316854316944,0.561904037316007,0.27278418176784464,0.07815038380206252,0.3730937969192354,0.2862319341216107,0.21580303115488464
691,691.jpg,data/processed/wang/flowers/691.jpg,flowers,167.69292614951306,93.02024432486347,95.6097777614585,0.5702674913370439,0.19232564054024393,0.18908782011059966,0.4501601354416825,0.16276208046107726,0.16101351140826775
692,692.jpg,data/processed/wang/flowers/692.jpg,flowers,140.50685936308582,63.420767039502834,58.037269089355576,0.49478948631380604,0.2959899784383797,-0.14480268226644222,0.2890770295221093,0.22927305760032976,0.18918101507365104
693,693.jpg,data/processed/wang/flowers/693.jpg,flowers,197.0164527415233,103.54042409465463,79.4172664549323,0.6155998426251207,0.21883522472667086,-0.12423332775829293,0.4606606574654582,0.25665468029675775,0.19688523278327874
694,694.jpg,data/processed/wang/flowers/694.jpg,flowers,294.9280383683399,69.13313646216098,-96.50297066653991,0.5976123313227978,0.2854964321759747,-0.18004657609406743,0.5743011838600675,0.17884351069702972,-0.17122578614421446
695,695.jpg,data/processed/wang/flowers/695.jpg,flowers,206.39458860320883,87.74874820536178,74.39151823048347,0.6083294850496562,0.2499489990532506,0.07759684626357562,0.546657596724477,0.2540236096479688,0.14093069070228947
696,696.jpg,data/processed/wang/flowers/696.jpg,flowers,313.5540422048277,85.26423449499761,-108.95827644333318,0.8727902939128948,0.14663626236267105,-0.19627966608647263,0.6949327784623355,0.17449212158505328,-0.17614583716886795
697,697.jpg,data/processed/wang/flowers/697.jpg,flowers,204.59383104114931,90.56298352114214,85.04824465782116,0.8476685553204865,0.17234502879497768,-0.209104916229642,0.44098631270255356,0.22500732115033006,0.20975314866726505
698,698.jpg,data/processed/wang/flowers/698.jpg,flowers,88.66493930356712,53.85153203227976,56.829365593484795,0.6410249117716565,0.21529124591884866,-0.12119918888000608,0.34322570522965634,0.22648097422298016,0.20246427513634502
699,699.jpg,data/processed/wang/flowers/699.jpg,flowers,196.37960110830377,101.7393413399108,83.96350422119106,0.7944510627345759,0.2003523928514348,-0.22494020618669142,0.3354991309173698,0.26627972717555787,0.26765997637382
700,700.jpg,data/processed/wang/horses/700.jpg,horses,69.37660228949244,41.802965320624565,59.741282550456845,0.5056279683675674,0.20722742261362329,-0.15724712729429413,0.45734257744688495,0.19890739822090037,0.19198486917800434
701,701.jpg,data/processed/wang/horses/701.jpg,horses,109.9353599155329,75.8507938956278,96.08895759780175,0.4626244577121004,0.19884647041776407,0.12569036139708778,0.3606737416962365,0.18127506750658678,0.1426855032823025
702,702.jpg,data/processed/wang/horses/702.jpg,horses,116.44080658152961,65.12073704383246,82.69455789580348,0.43989964303798956,0.19010266222566188,0.1399676643619272,0.46980536362952324,0.18275070678622016,-0.11748954695627942
703,703.jpg,data/processed/wang/horses/703.jpg,horses,107.66431060648392,70.83881368258393,82.17423992759225,0.36698222021031296,0.1531970506280309,0.14969278324599744,0.5486948611445067,0.16987965157319942,-0.15275000187928411
704,704.jpg,data/processed/wang/horses/704.jpg,horses,82.72476736692806,47.02743842127493,72.06337142530754,0.45546021462077607,0.20528736306059636,0.18104259955088176,0.4398670964397458,0.15040283243255,0.07818746506030319
705,705.jpg,data/processed/wang/horses/705.jpg,horses,105.35494779583678,67.90466088887065,90.2646530486055,0.5236111578187396,0.2377590704532545,-0.1121063192774601,0.44801194034089536,0.22045591720871607,0.12480518876356322
706,706.jpg,data/processed/wang/horses/706.jpg,horses,94.33318999451694,57.71822424171594,83.06272918632442,0.4729937129149941,0.21671466167863293,0.16295124056903504,0.34330345426921366,0.15448129764568538,0.11901490779840311
707,707.jpg,data/processed/wang/horses/707.jpg,horses,108.2488116588623,68.23303543023496,91.00348263780941,0.39667956265223364,0.1655167256282191,0.14193912709487144,0.4324827192539213,0.15322716149575763,0.08832363364850804
708,708.jpg,data/processed/wang/horses/708.jpg,horses,84.41757729724607,47.99718748652806,51.494535674464444,0.4194714064870008,0.19415941287512903,0.1492253023215433,0.45433219226321836,0.19865057492729285,-0.08339801600898661
709,709.jpg,data/processed/wang/horses/709.jpg,horses,86.93288560385979,81.75437587505927,100.01828907220879,0.47916945853469883,0.23444025604406526,-0.11510511040848423,0.29902236701016705,0.2189808348246297,0.25897087441722916
710,710.jpg,data/processed/wang/horses/710.jpg,horses,75.37511318843644,57.12153632792683,75.73078059439331,0.48002585797984426,0.20988183437114266,-0.14459481355824344,0.45209139901569984,0.19802842490354822,0.19717687157153804
711,711.jpg,data/processed/wang/horses/711.jpg,horses,93.95197281989567,55.67184191458187,82.86277491259952,0.5605971199691643,0.17570831992475316,-0.05404049691339504,0.5858455653765304,0.165169650763083,-0.1433201005317379
712,712.jpg,data/processed/wang/horses/712.jpg,horses,87.70930575703521,55.97402383937043,66.25404872342364,0.41656529805364545,0.20649865145336782,0.13536214492257392,0.40447624037850477,0.1994582907232934,0.1629897874210658
713,713.jpg,data/processed/wang/horses/713.jpg,horses,106.21550540312091,67.87516536347056,83.00887913423368,0.48509332229384466,0.23212705074605308,0.13671691728350244,0.27737036476745897,0.19314811661617956,0.2152147275232809
714,714.jpg,data/processed/wang/horses/714.jpg,horses,135.1880335983739,77.15058910829296,55.96856895670409,0.4590948196301099,0.1703263875920283,0.11662022877196318,0.3423360272951707,0.1992961176732739,0.17536488855922822
715,715.jpg,data/processed/wang/horses/715.jpg,horses,146.40480272088462,70.90332748989147,7.164942164760932,0.5717806189396981,0.1785661709863422,-0.13134334313912488,0.25492877451777457,0.1874924406339397,0.20185409073648963
716,716.jpg,data/processed/wang/horses/716.jpg,horses,103.96007566669262,85.64494595904449,106.03609300213452,0.4420957246945913,0.2045828271261769,0.15673511914625446,0.5395338028508357,0.2063044587697924,-0.1906493572862682
717,717.jpg,data/processed/wang/horses/717.jpg,horses,76.09125612346604,58.661551092527404,79.36149085571293,0.4423934975186323,0.2558787744168234,-0.14579400688299582,0.4607174220897387,0.25213242675182185,0.22540096910004626
718,718.jpg,data/processed/wang/horses/718.jpg,horses,90.14415863565107,42.286170745121424,60.36307434191807,0.5532704787975623,0.21792466047828568,0.07714581687984293,0.31019355661126724,0.1701594558615224,0.15474928756840278
719,719.jpg,data/processed/wang/horses/719.jpg,horses,136.94519172153014,85.23723918146928,97.2097647868876,0.37027674139013317,0.15641522292561175,0.1682966946816472,0.6314217532884735,0.16744614002169922,-0.1940387749425409
720,720.jpg,data/processed/wang/horses/720.jpg,horses,148.84264629635678,61.78160505099342,76.56262616799575,0.3443342926982306,0.12705289567162706,0.1528511699185574,0.5509153046836843,0.15881396592230476,-0.1410481830637696
721,721.jpg,data/processed/wang/horses/721.jpg,horses,99.38461094974627,65.14132118396851,69.37541586352691,0.4968592665655554,0.19916128091041757,-0.16021147095951227,0.34809555040371265,0.20566169116700553,0.18821011838655521
722,722.jpg,data/processed/wang/horses/722.jpg,horses,86.25653928125637,49.53463150545196,58.42650968042136,0.5103411029638778,0.1911282652496707,-0.1291978153459977,0.3199077214338928,0.1708105959784081,0.20709825573475577
723,723.jpg,data/processed/wang/horses/723.jpg,horses,78.91495120438292,54.711696762857876,63.446106741373626,0.5001694841387992,0.20752415951392836,-0.12942327436186207,0.32187959551007356,0.2041603333547355,0.22692882724991337
724,724.jpg,data/processed/wang/horses/724.jpg,horses,92.30890781571786,83.70023468764084,98.71820075417588,0.4229204277684649,0.21351025669154602,0.13273966677327145,0.36617201083880485,0.20422885727624182,0.20894522632669188
725,725.jpg,data/processed/wang/horses/725.jpg,horses,97.3350175727719,73.04418150546968,97.70575247315531,0.5186713589058533,0.24276197264106392,-0.11799222843013002,0.3882816579572174,0.21181206309973732,0.16800267578636685
726,726.jpg,data/processed/wang/horses/726.jpg,horses,80.42319158071768,32.717142929638186,38.72983646600562,0.5281174259990564,0.16446174049586795,-0.10348561889491933,0.5773471979830447,0.19327322794589724,-0.18661538513995857
727,727.jpg,data/processed/wang/horses/727.jpg,horses,90.14361086668639,32.562459345126435,18.86557437137522,0.4606944693225046,0.09768386166538348,-0.07416692438025549,0.5176213042282143,0.15006436809488552,-0.10108949487935458
728,728.jpg,data/processed/wang/horses/728.jpg,horses,124.85844186852046,43.516003556328606,-47.477904511958364,0.46156665519511836,0.16423619900713846,0.13292158597033668,0.5356206512448741,0.16594775331189174,-0.12863085568977095
729,729.jpg,data/processed/wang/horses/729.jpg,horses,109.63521556396881,85.90220610719439,108.17836319490956,0.558544922713196,0.21314055169097268,-0.1000449739208221,0.38956778454422175,0.19524433808616598,0.15650359703372016
730,730.jpg,data/processed/wang/horses/730.jpg,horses,93.71293772701695,74.20463520304777,93.73875147500718,0.5141904095440187,0.20907633322166555,0.10982442096061598,0.2959292012343819,0.20802278770327998,0.21879962701669878
731,731.jpg,data/processed/wang/horses/731.jpg,horses,91.74897064339893,38.76766960667937,-15.976147953307455,0.5133483127527256,0.11142754843126736,-0.08757484697254882,0.5366923964301501,0.18975292780010444,-0.12354638781600975
732,732.jpg,data/processed/wang/horses/732.jpg,horses,103.01310750613386,48.67575305886606,73.21837010042256,0.4613214002114698,0.21261267044551574,0.1291740721795397,0.37847689816985053,0.1641117041628632,0.1430764752455181
733,733.jpg,data/processed/wang/horses/733.jpg,horses,105.53351610055931,52.93615161217262,64.05915639082377,0.6037074231295776,0.20160726490576936,-0.20754083870740708,0.284827066093186,0.17528302401089307,0.19439470850060064
734,734.jpg,data/processed/wang/horses/734.jpg,horses,119.52023638075177,93.19381107894526,110.58019644032811,0.529144216053775,0.22452725686577665,-0.10804314621289426,0.41725225365024227,0.19308720480836525,0.17492884165777486
735,735.jpg,data/processed/wang/horses/735.jpg,horses,110.96899813509906,54.72392449590321,68.50344582042717,0.5970556973936046,0.2349854709161962,-0.20148811976511277,0.33099725072811736,0.19447676944095613,0.16737496173345334
736,736.jpg,data/processed/wang/horses/736.jpg,horses,84.98366137467201,58.79703176667024,76.11983471737415,0.5035501531151283,0.2046248924865562,0.09234217127459476,0.3196710397942155,0.21638825791095434,0.20853807900217358
737,737.jpg,data/processed/wang/horses/737.jpg,horses,135.1022812312567,70.67639145441335,70.09294356508893,0.49537095888784205,0.21247600130438749,-0.05310206151617637,0.3294529818686698,0.17155159496673222,0.14804488007276995
738,738.jpg,data/processed/wang/horses/738.jpg,horses,86.90521904398702,26.267272238323432,-29.91624983691627,0.47843777517145253,0.08603620209366829,-0.07277145245127736,0.6619887168387777,0.15106928714517462,-0.1762243021770094
739,739.jpg,data/processed/wang/horses/739.jpg,horses,117.4272013728787,85.126043859256,104.76596831528681,0.526894900806885,0.21940345182288423,-0.07505477678349126,0.4283694283953281,0.18118674473992022,0.16705668077448244
740,740.jpg,data/processed/wang/horses/740.jpg,horses,114.56941750683957,58.067901271975124,70.17166129452244,0.5786081318521022,0.2162170054156904,-0.16840626548801596,0.28965710079313095,0.19999933897476327,0.19775437290303843
741,741.jpg,data/processed/wang/horses/741.jpg,horses,85.50888726815174,29.923242598182643,-33.27824573602797,0.5242588172084955,0.08781725418394282,-0.046706362598122136,0.6471156073712336,0.14049886050085067,-0.148858751390724
742,742.jpg,data/processed/wang/horses/742.jpg,horses,100.89909217744753,63.426700967055986,85.75136172605747,0.5132210836499572,0.21285459469931262,0.13862477523592837,0.3026573905176709,0.15861965882556614,0.17562185712522205
743,743.jpg,data/processed/wang/horses/743.jpg,horses,99.06904839809795,55.830126636480955,79.07363604292233,0.5214629678204025,0.20048569953231102,-0.11681631977475992,0.5077569470901627,0.16166779670670287,-0.12490216122098849
744,744.jpg,data/processed/wang/horses/744.jpg,horses,60.51173876097952,37.72971915934141,43.316686411670204,0.5060274413071207,0.11099664462894435,0.09180514457698413,0.6997793705724386,0.14148573328854078,-0.1596883240662842
745,745.jpg,data/processed/wang/horses/745.jpg,horses,100.21209791307895,59.223546947934736,81.79466410844812,0.5437616632911121,0.20274155773953118,-0.08278543458962537,0.44491019753203886,0.17487909385500683,0.09062962700304027
746,746.jpg,data/processed/wang/horses/746.jpg,horses,78.56802298896218,28.626745681179568,-31.098071863104707,0.5002772131030421,0.09829719879166071,0.07481039811296356,0.5872068506867739,0.12736785478057622,-0.13498811718164322
747,747.jpg,data/processed/wang/horses/747.jpg,horses,125.12637585543416,98.77082177629376,113.47688444836515,0.4879328912551936,0.22451160800100528,0.1350627795322341,0.464593675058462,0.18630845213151928,0.15404684239235117
748,748.jpg,data/processed/wang/horses/748.jpg,horses,89.49313816938957,32.66431237040678,-19.314869288622234,0.44839959686049724,0.09943418564529743,-0.060057300505702155,0.48926911776660137,0.13623976911968896,-0.10475437683850136
749,749.jpg,data/processed/wang/horses/749.jpg,horses,98.7568526538671,57.79307538306302,82.41558794447386,0.5797878749657457,0.19782504048825789,-0.11396870177635725,0.3784106775786474,0.1544745067558752,0.14861519127010983
750,750.jpg,data/processed/wang/horses/750.jpg,horses,104.92901968528167,54.40296040070371,78.40514290297327,0.5298651845292947,0.18741436555190483,0.11592379090705995,0.44739085540489043,0.14650395051376333,0.04739175676904182
751,751.jpg,data/processed/wang/horses/751.jpg,horses,102.49629841310889,60.86471854417425,87.14697244158802,0.4490334592233012,0.2147363845866688,0.14800913846907204,0.3856873047533516,0.16362252395880308,0.1525258229623672
752,752.jpg,data/processed/wang/horses/752.jpg,horses,118.76805126108714,76.89009058121471,98.7174945918473,0.5481615301122531,0.20443362479971372,-0.11396586886009227,0.3701742029181692,0.16226712353506742,0.17270245640194087
753,753.jpg,data/processed/wang/horses/753.jpg,horses,138.77877070704685,96.56823462615597,103.99768269750082,0.403412458125473,0.1752410769853668,0.16726955190353904,0.5232044646849326,0.1636240249183875,-0.12869683554772962
754,754.jpg,data/processed/wang/horses/754.jpg,horses,145.10753494927485,111.03232194931527,109.67457183871791,0.48742769679556847,0.15857230707292796,0.12623057878534427,0.49000041987873527,0.20637204207188786,-0.06577857170690111
755,755.jpg,data/processed/wang/horses/755.jpg,horses,139.49909396296667,80.45141257507713,92.87811571044631,0.3442363314769163,0.18416335520535515,0.18041227327998946,0.5820019460543856,0.17820560635893193,-0.1765277059069461
756,756.jpg,data/processed/wang/horses/756.jpg,horses,137.4881001429676,90.41438750464815,98.93696067786811,0.37648416957707315,0.17533692077787416,0.17319809581317872,0.51156043410865,0.15456098335664903,-0.13317541775337322
757,757.jpg,data/processed/wang/horses/757.jpg,horses,88.68797944272713,17.902326863373176,-21.055342511329492,0.5932412238335019,0.1007467653601107,0.09640800491124413,0.539855935199815,0.10242382593513331,-0.07711263768935064
758,758.jpg,data/processed/wang/horses/758.jpg,horses,106.14071754633672,71.18955133644037,92.14322231504966,0.5003044225069194,0.21341446635973998,0.04195549874497261,0.4505957211236146,0.19062187663458433,-0.06134726281871843
759,759.jpg,data/processed/wang/horses/759.jpg,horses,83.57370662527683,50.59579576039401,63.40380540032021,0.5770846217854455,0.21099055187632004,-0.102690128944211,0.2844935665131724,0.20123352474203554,0.2142589890085662
760,760.jpg,data/processed/wang/horses/760.jpg,horses,92.38290798941186,59.41543226132548,87.84552100397227,0.559569162284428,0.19456112549968133,-0.10633037022371342,0.45840080032468694,0.13986727161664944,-0.04427113143827162
761,761.jpg,data/processed/wang/horses/761.jpg,horses,99.51459523848644,71.48822341229292,95.00089646170805,0.5924258283066687,0.14865560293594698,0.12023951695832205,0.5781682596869094,0.17306327164974325,-0.14873566985348088
762,762.jpg,data/processed/wang/horses/762.jpg,horses,82.68295757395997,36.34033770031758,21.315668502271144,0.6061382626318732,0.14835671556270708,0.11785198491367282,0.43977550656050823,0.15365353282259955,-0.11413208075280354
763,763.jpg,data/processed/wang/horses/763.jpg,horses,109.28437971072162,43.1384510264597,59.27302074586369,0.6582542592608812,0.21697166280598854,-0.1569188986963021,0.34083288650152116,0.16613565589515744,0.11598234018185369
764,764.jpg,data/processed/wang/horses/764.jpg,horses,88.81448087219117,63.877917338744254,91.07883647547146,0.5927600303657433,0.14107482089537324,0.12466848720803053,0.6529076417466371,0.18935450630612358,-0.20609209464977932
765,765.jpg,data/processed/wang/horses/765.jpg,horses,101.33368736569598,72.17166148697328,90.2370006141285,0.5608854727616404,0.18341263729262025,0.15400013111560645,0.4266079077229108,0.18621799115577314,-0.12434781082564234
766,766.jpg,data/processed/wang/horses/766.jpg,horses,87.73503273868846,31.74303411976813,41.3215804633181,0.7038998108555651,0.1912536668907122,-0.18419636166695413,0.3723902972533277,0.14930805443523587,0.14182429761646703
767,767.jpg,data/processed/wang/horses/767.jpg,horses,82.78034154714987,40.47541225204185,57.78897198493628,0.4607778347874027,0.1782855561716663,0.14981858803903128,0.3703973992572382,0.18138601304839982,0.17914823196394186
768,768.jpg,data/processed/wang/horses/768.jpg,horses,100.49044592338578,61.96219863511943,89.38106345514896,0.5655887559752083,0.1949361300260874,-0.09424814662756634,0.48737702411168016,0.15295092470830765,-0.0717271496142172
769,769.jpg,data/processed/wang/horses/769.jpg,horses,116.52716263649381,46.85897669855352,54.94263891336435,0.6480541977566835,0.2373469528356688,-0.1791819334326364,0.315951086954352,0.1661451931319422,0.14667195751513484
770,770.jpg,data/processed/wang/horses/770.jpg,horses,92.76038917802423,51.09533177786349,79.08145299659284,0.5580338091805098,0.19305323855475803,0.13676947118848415,0.32682332329873987,0.14377770121588723,0.13066719343511884
771,771.jpg,data/processed/wang/horses/771.jpg,horses,110.07661181761917,63.28875521323974,75.76048373506774,0.638936405821596,0.2905924418347925,-0.2622527691544721,0.21688883218488778,0.197008720154235,0.2307252341720743
772,772.jpg,data/processed/wang/horses/772.jpg,horses,100.8293588276556,34.66737273002873,-21.021030017786764,0.4890898478274437,0.18423347360407358,0.12659250856334497,0.3700495384249602,0.17192185403447113,0.17066820508188757
773,773.jpg,data/processed/wang/horses/773.jpg,horses,94.53051000176977,58.427249024456046,77.96264517607979,0.5001824491788701,0.15092677716262606,0.11584794469099016,0.38124673737633924,0.151133619602232,0.10554468912881676
774,774.jpg,data/processed/wang/horses/774.jpg,horses,84.77871923149117,45.86596943642646,67.53466437595898,0.5486562234074958,0.12992877338758446,0.12773130550311346,0.49960137210067046,0.13834997244704653,-0.13429985714615156
775,775.jpg,data/processed/wang/horses/775.jpg,horses,108.71629434726431,74.79423181789099,90.47750066337822,0.5726457890121708,0.18851986017577493,0.14704407644207976,0.5243992352377802,0.24919016268000138,-0.18298125269623586
776,776.jpg,data/processed/wang/horses/776.jpg,horses,106.73978993401094,77.2306183319025,100.02926395485936,0.578637945756365,0.15354468699177068,0.12803124641235267,0.5896281491563826,0.17059581242960992,-0.16527297160606963
777,777.jpg,data/processed/wang/horses/777.jpg,horses,73.1340041836138,35.83150875992037,39.86621193145736,0.6058120353516188,0.1719966551917524,0.12692852563897508,0.4598502870132914,0.1767221702516471,-0.09328641876992208
778,778.jpg,data/processed/wang/horses/778.jpg,horses,106.77482098973996,63.01212245144852,85.55402700258732,0.5275468651862999,0.19835315128496406,0.16170055280250578,0.47126896703627114,0.17276017191858528,-0.11036458966728269
779,779.jpg,data/processed/wang/horses/779.jpg,horses,101.86270300113756,50.524968687196534,69.05588759395022,0.7114022137902793,0.23718847397258072,-0.23477674784093697,0.30798763452891836,0.19211566131375238,0.17767416902040167
780,780.jpg,data/processed/wang/horses/780.jpg,horses,107.97228159448969,53.58145390521115,75.86236490661909,0.5449549883254671,0.15912686370123616,0.14873192270089483,0.500570593675865,0.1314505376633474,-0.08160094499442519
781,781.jpg,data/processed/wang/horses/781.jpg,horses,95.52358230858833,42.54145450528104,57.76985568385378,0.6286390594724859,0.22566786742015174,-0.16483042432584433,0.26831163026335975,0.17496826400130794,0.18128197097084725
782,782.jpg,data/processed/wang/horses/782.jpg,horses,104.62662097404488,66.91258425246471,80.98929037135547,0.5590078541519006,0.2029853142948622,0.14849018838370798,0.47502091772047095,0.20731317037456934,-0.08829157003303434
783,783.jpg,data/processed/wang/horses/783.jpg,horses,101.6109590538581,70.11239293353218,90.6904480855781,0.5689871575740332,0.23855464079053282,-0.14763316685558983,0.4649216301478371,0.21102453545792063,0.13933616494391135
784,784.jpg,data/processed/wang/horses/784.jpg,horses,97.5230127729701,46.552526617022956,52.40084008816868,0.6294837401567577,0.2368609459217527,-0.19346333326866333,0.24943928020194997,0.20309590068955516,0.221743277876644
785,785.jpg,data/processed/wang/horses/785.jpg,horses,163.32480700444648,61.87900302331728,66.36253692289449,0.5869223715863635,0.1952204403136761,0.10717961236438922,0.364302579829437,0.1312061676745581,-0.07673731756328118
786,786.jpg,data/processed/wang/horses/786.jpg,horses,122.42447568129198,59.63021775589018,67.30446733768406,0.6012686105706185,0.24726547669727458,-0.15794305144418477,0.2978883503189517,0.17420453098935365,0.16919916419134695
787,787.jpg,data/processed/wang/horses/787.jpg,horses,133.23891359486333,85.31506210038671,74.52955305746173,0.46983083230916617,0.23734996275149656,0.1667948048128134,0.33934103553502365,0.19735516152813948,0.2091343804892104
788,788.jpg,data/processed/wang/horses/788.jpg,horses,108.3889228136486,77.93324561606644,100.55191232970847,0.508656131130247,0.21759250565961646,-0.09167337483155273,0.5223264745916699,0.1956160259185706,-0.1012487654398859
789,789.jpg,data/processed/wang/horses/789.jpg,horses,97.65306767385118,62.34728149600974,89.67906204085497,0.5883688434357168,0.19987347985588216,-0.11254797659938304,0.4601267396277488,0.1499664447246998,-0.04457631984805578
790,790.jpg,data/processed/wang/horses/790.jpg,horses,104.07868485931976,89.85596584353578,111.67457410285908,0.5837623813761562,0.18001859784097698,0.1468440109050171,0.47585985005135,0.17947966531175893,-0.10600397359970412
791,791.jpg,data/processed/wang/horses/791.jpg,horses,95.48217424504644,32.20747508653119,41.10865291598536,0.6053970446318525,0.187186878297107,0.051585250900712254,0.3710978671553183,0.15110454967500989,0.10314046788409051
792,792.jpg,data/processed/wang/horses/792.jpg,horses,101.51449073001156,56.48660577142892,72.25508205348035,0.6603024895345205,0.23864095826710097,-0.19052004359833952,0.2703224795392553,0.19417901611537025,0.19216927652128346
793,793.jpg,data/processed/wang/horses/793.jpg,horses,105.04441505909683,70.0956637858151,92.84513881112153,0.516726284522349,0.20454024940022686,-0.08265938814359292,0.5647019500209893,0.1924932119568389,-0.16942040434550798
794,794.jpg,data/processed/wang/horses/794.jpg,horses,107.67543870263155,84.4577182626385,102.77976249421474,0.5378512172519834,0.2262415114461451,-0.11492834446174062,0.45199278768192624,0.20297904953411633,0.13309392323356375
795,795.jpg,data/processed/wang/horses/795.jpg,horses,88.46752099920195,32.53745040276432,48.94066183694203,0.6070849666405707,0.20088933504853793,-0.09646210146108726,0.3415284481339806,0.15836711827960093,0.14378558815583053
796,796.jpg,data/processed/wang/horses/796.jpg,horses,100.46597322361838,55.07782535922006,66.94258475867625,0.5030984820816778,0.1512666731638473,0.15339829849808312,0.49716766589845446,0.13298508644815546,-0.14126201775248248
797,797.jpg,data/processed/wang/horses/797.jpg,horses,84.08292762913213,39.405828589435394,56.69252702909108,0.4948668557167461,0.1273086928101564,0.1153019424269636,0.45846092204542305,0.14637270901224042,-0.09420534709125686
798,798.jpg,data/processed/wang/horses/798.jpg,horses,83.80953463443802,61.16725500197422,77.28004480616761,0.5378288863528079,0.24602417840224539,0.12627390139299194,0.2752828425885336,0.20804198887808364,0.22051505579502206
799,799.jpg,data/processed/wang/horses/799.jpg,horses,101.37874658450407,59.04845103789339,85.88403781688118,0.6487418445202119,0.20832081240059963,-0.17575594822269797,0.3712590722541762,0.16648844000455626,0.1541870174267717
800,800.jpg,data/processed/wang/mountains/800.jpg,mountains,188.9078739694111,91.63529405226788,-90.1999894751923,0.4900198369444979,0.3669051004207812,0.15199154954122374,0.5506632609656776,0.23259701564039506,-0.167452908200515
801,801.jpg,data/processed/wang/mountains/801.jpg,mountains,197.48641064531452,85.21306030830654,-90.94033383331117,0.4271891025883103,0.2775006006546019,0.15263993160024708,0.4959958642444822,0.30170060071667837,-0.12653390036424378
802,802.jpg,data/processed/wang/mountains/802.jpg,mountains,141.00690945322276,62.77097933664809,-60.98750954537144,0.16458689630320578,0.15753105415676072,0.22319469072328213,0.42978751973054347,0.2428658444331816,0.06712265486897265
803,803.jpg,data/processed/wang/mountains/803.jpg,mountains,196.5394569117731,39.72413862951698,-24.846999842223536,0.47740798456943406,0.2572563191695362,0.09802756381408041,0.41885380932861455,0.21649342336225655,0.17195747149135782
804,804.jpg,data/processed/wang/mountains/804.jpg,mountains,219.61703675861887,33.56101335058993,-53.948210629316364,0.5888181415424564,0.31870066978201367,-0.18837096989343194,0.4922090555706499,0.15861030143429358,0.11769009610728745
805,805.jpg,data/processed/wang/mountains/805.jpg,mountains,181.19214612095917,90.8794843541769,-85.81195929866749,0.45781282919004224,0.3213676494802357,0.22144822170486347,0.5194957992797384,0.19883350080744852,0.07825961503158634
806,806.jpg,data/processed/wang/mountains/806.jpg,mountains,157.3746046249677,68.62364212488781,-59.404382406207205,0.341678468057997,0.19503912102349927,0.13463152253038846,0.5654221568409667,0.26902233855972607,-0.17227158938393214
807,807.jpg,data/processed/wang/mountains/807.jpg,mountains,166.85818436770933,67.24517929466036,-66.01308484026808,0.40756332173087156,0.23656724847561944,0.06075255126926253,0.46384961045748696,0.22824126532637837,-0.1795992937475825
808,808.jpg,data/processed/wang/mountains/808.jpg,mountains,221.41257016710733,64.54013764008482,30.02804269851888,0.6505451325137225,0.2569595483825343,-0.2345365223412513,0.416702458119687,0.301288173262798,0.2106257913467443
809,809.jpg,data/processed/wang/mountains/809.jpg,mountains,188.64177331749428,23.372023485010867,-31.181641851723057,0.5989990274428957,0.35805224299281774,-0.2344035041066717,0.47185394945820747,0.20198232812901545,0.1223517930238534
810,810.jpg,data/processed/wang/mountains/810.jpg,mountains,99.20038900293487,92.26392690874339,32.34419842686057,0.2575042465550439,0.2741987954305913,0.2644768237551798,0.22803556941217096,0.2545391187283217,0.22655813067526168
811,811.jpg,data/processed/wang/mountains/811.jpg,mountains,179.2118583896663,72.41243796778464,-50.85385601041477,0.3725461970763793,0.2157351226918193,0.18013222227612974,0.570442882752341,0.24200086730333176,-0.25116480909489214
812,812.jpg,data/processed/wang/mountains/812.jpg,mountains,153.81580243591694,72.63788329781892,31.987993376947962,0.5582839542168472,0.20519673155288046,-0.1635674540483799,0.5310127335143543,0.2265386286617267,-0.19830512619292323
813,813.jpg,data/processed/wang/mountains/813.jpg,mountains,124.73352923912655,104.23096704019723,79.87000916642418,0.3545073172730042,0.2503337739031814,0.21270447182337254,0.4782021645595999,0.2050308485279543,0.14248715389560196
814,814.jpg,data/processed/wang/mountains/814.jpg,mountains,187.64759045402752,72.56639344364531,-75.8520061925425,0.2393382314084723,0.16244524056150822,0.12784031139547541,0.5305492643808757,0.23998922919052362,-0.12220365954120543
815,815.jpg,data/processed/wang/mountains/815.jpg,mountains,107.78325950328387,106.87068814797722,102.09040815420056,0.19692306081222455,0.16256331953676761,0.18737335884626033,0.41465231661064195,0.25903256523349905,0.19422103623480055
816,816.jpg,data/processed/wang/mountains/816.jpg,mountains,151.57917078267687,112.14445964571199,71.38856237639291,0.2760629761633974,0.2157798167067132,0.19650335781125805,0.45489167763552035,0.29404103714234375,0.10540286444549471
817,817.jpg,data/processed/wang/mountains/817.jpg,mountains,189.37514112102994,130.53265807513145,-80.6319339791427,0.5743368467906956,0.35788926165591584,-0.21056498051006925,0.31696833925266316,0.21292245740590152,0.2079660942844998
818,818.jpg,data/processed/wang/mountains/818.jpg,mountains,179.16155884207546,56.28095968698499,-16.064533135035372,0.39921265027759506,0.20823739364726548,0.13513842574088517,0.5560196315774988,0.3054857630536374,-0.2175164504435396
819,819.jpg,data/processed/wang/mountains/819.jpg,mountains,218.56724708736388,75.34980455227786,-90.5192646927125,0.5033975235420295,0.3429150641755429,0.18514444820304443,0.4576266159102336,0.19748627114901252,0.12570284885608024
820,820.jpg,data/processed/wang/mountains/820.jpg,mountains,208.60452159613487,69.22544988659601,-78.1579432978154,0.26751644789815526,0.20986254337054477,0.24447312822590306,0.4345694087679372,0.21338307000192475,-0.15000966801100024
821,821.jpg,data/processed/wang/mountains/821.jpg,mountains,192.29655938284122,91.30115649557452,-92.4625399982169,0.23845462250782626,0.19904923764487226,0.1843457960393114,0.43567442029656434,0.23646719914530934,0.19666368719583965
822,822.jpg,data/processed/wang/mountains/822.jpg,mountains,194.93117831585278,68.82025912918326,-71.73841405028102,0.36282211430035244,0.20685813435230868,0.19570841211603074,0.6088451217230357,0.23094807873746148,-0.13770637905682287
823,823.jpg,data/processed/wang/mountains/823.jpg,mountains,159.3500879793355,79.44207674440631,-61.05849422198517,0.49466705910354375,0.1581567281250417,-0.06199705055182718,0.6436573808423324,0.23049191498657695,-0.21349357516772022
824,824.jpg,data/processed/wang/mountains/824.jpg,mountains,146.69496952980504,64.33599938014916,-40.6668785885022,0.46474567132469247,0.2011790647148559,0.17407865289198493,0.47792570851251054,0.2788811261021004,-0.10433768056840442
825,825.jpg,data/processed/wang/mountains/825.jpg,mountains,173.29038112175962,70.7075598767983,-64.07162605610657,0.44650274783115645,0.24742836111801617,0.16708645913142922,0.3633217082091941,0.273784863681654,0.24345289558908012
826,826.jpg,data/processed/wang/mountains/826.jpg,mountains,140.22679380543073,71.55641225404396,-16.190553104123396,0.2242724784865023,0.18804770578107927,0.17850034146202395,0.44457960780556505,0.25544487575732017,0.19968022436366395
827,827.jpg,data/processed/wang/mountains/827.jpg,mountains,228.31185319404176,102.13713898269673,-112.44733172687977,0.10892170315353648,0.12310220904009801,0.18566146928172256,0.49075848954161455,0.29092546497776595,-0.16396162406537246
828,828.jpg,data/processed/wang/mountains/828.jpg,mountains,165.9782174254166,90.24955225975876,-68.51724173820199,0.1920538838697894,0.24427470563542578,0.2606165659581461,0.4759042871701998,0.18641378784394413,0.0505950125474727
829,829.jpg,data/processed/wang/mountains/829.jpg,mountains,172.64529668473793,58.553776342942584,-54.43907794611225,0.3725763727381093,0.20068218882108568,0.2088380764672143,0.45279274838206146,0.282166949607273,-0.07761495671943328
830,830.jpg,data/processed/wang/mountains/830.jpg,mountains,177.24923702602004,87.98060008035704,-57.488396967277644,0.3453731973323026,0.20798413964000179,0.19260179757921786,0.4436748143612353,0.19375311442507193,-0.07469094738968221
831,831.jpg,data/processed/wang/mountains/831.jpg,mountains,264.86220288146313,46.32526556005696,-35.97257691578556,0.2781871497278227,0.3052937813288243,0.31422819989951245,0.48918326433304554,0.2782394725038501,-0.1377135464060023
832,832.jpg,data/processed/wang/mountains/832.jpg,mountains,236.91709006846455,65.74768118856444,-73.95749363958811,0.411642566090156,0.238393812748638,0.16610147880256668,0.414428161155854,0.30753278880662,0.18126052638167417
833,833.jpg,data/processed/wang/mountains/833.jpg,mountains,207.82209436811777,43.87535965904814,-62.69934513938064,0.3699521074052446,0.21443718512866394,0.14396234411205916,0.529701915958294,0.24894402107631405,-0.23946922793611314
834,834.jpg,data/processed/wang/mountains/834.jpg,mountains,196.26872210700336,37.55757069554719,-53.75144593082974,0.5646967312328096,0.30029378377450416,-0.20203816733426017,0.5569185304135876,0.20981405571881206,-0.21086137261861504
835,835.jpg,data/processed/wang/mountains/835.jpg,mountains,174.5194036231269,79.4934989515049,-75.28351145667249,0.33266358284878567,0.2926724352296383,0.26207734330140775,0.600427537787823,0.19540124927085487,-0.10865520851869777
836,836.jpg,data/processed/wang/mountains/836.jpg,mountains,155.35713207805142,81.10533313694819,-65.54501935920365,0.4061410952941647,0.2972229909155772,0.2190493259568908,0.437418629369328,0.2688057834078865,0.2032415554939998
837,837.jpg,data/processed/wang/mountains/837.jpg,mountains,214.0563786980541,37.50954485439115,-53.88787593809231,0.1659909428523131,0.09591368182747353,0.13410645286213402,0.6477935745332483,0.16714000205448892,-0.14596630569339913
838,838.jpg,data/processed/wang/mountains/838.jpg,mountains,166.34215535819385,88.74025150255649,-49.07924017493712,0.25745327306192206,0.28666430395724696,0.30082769692899025,0.5653931578820325,0.22504002425959482,-0.1429877861169224
839,839.jpg,data/processed/wang/mountains/839.jpg,mountains,198.55309065050096,88.90262916043181,-90.76774426293524,0.14384987744770208,0.21111776841853505,0.2869021249993101,0.7083899934217422,0.15239612184755671,-0.1828199009631157
840,840.jpg,data/processed/wang/mountains/840.jpg,mountains,214.81416106656434,62.31731388501325,-69.77242275596981,0.3066983335690641,0.19774475248910514,0.2185300159829806,0.5277825358223064,0.2831814247676956,-0.19489564181919333
841,841.jpg,data/processed/wang/mountains/841.jpg,mountains,177.05077696917337,67.0353001851639,-57.92179133331268,0.2346528517415436,0.2578457485279078,0.26167459709006413,0.5841097264033976,0.28827854730451763,-0.2193157658639205
842,842.jpg,data/processed/wang/mountains/842.jpg,mountains,206.47070986809072,71.06356721559489,-82.06717906763788,0.41790320610847215,0.21618238881849758,0.11216646447388035,0.38008734867815974,0.2446171670080259,0.21301968835910945
843,843.jpg,data/processed/wang/mountains/843.jpg,mountains,195.82505292139345,89.41462002206686,-86.80038465193962,0.25785405797636446,0.15771938321191944,0.12328066172743467,0.5074054485268865,0.30503370785053385,-0.11608136811064174
844,844.jpg,data/processed/wang/mountains/844.jpg,mountains,178.2636213996593,54.191575873982224,-58.5971288194257,0.5704136920721131,0.3684203737672619,-0.22393774202850025,0.43811419159741644,0.20265963543275578,0.17546128427947816
845,845.jpg,data/processed/wang/mountains/845.jpg,mountains,136.6507272693425,86.70053240633662,49.772942699459904,0.43467683311857286,0.25967754712218677,0.20206193961169278,0.3691320975299324,0.2180683214817209,0.18240401437666118
846,846.jpg,data/processed/wang/mountains/846.jpg,mountains,208.69237109091046,28.962406842023277,-39.05288970596857,0.48157565956464055,0.19778947717183984,0.14102935130976307,0.5879563844157664,0.19083807092540214,-0.18117209637223775
847,847.jpg,data/processed/wang/mountains/847.jpg,mountains,135.09391478660413,72.582425640504,-43.20577166361748,0.2156774028600997,0.2791986308281793,0.3368858789470301,0.6285091332320576,0.20698609789357228,-0.14538279040424534
848,848.jpg,data/processed/wang/mountains/848.jpg,mountains,240.38360202273665,31.02469900306813,-38.97454531963811,0.5405839155463829,0.24468613838653339,-0.15267244014668435,0.45130576667391625,0.21548125036091723,0.1244400486365867
849,849.jpg,data/processed/wang/mountains/849.jpg,mountains,207.11684155373464,38.26530265109979,-28.505661798032254,0.2909532689637426,0.22263370431942522,0.23170658585761522,0.612687944347679,0.23354090678294473,-0.20845418482948191
850,850.jpg,data/processed/wang/mountains/850.jpg,mountains,197.54209599723495,32.87593925440487,-35.91487258097999,0.300553164065074,0.14777117272567486,0.09440644685451205,0.46801599253774384,0.24612417840691203,0.18821390900161505
851,851.jpg,data/processed/wang/mountains/851.jpg,mountains,142.06978769576503,98.21490120234746,30.211482624481924,0.22891508891845547,0.2036486686147915,0.23548831720594643,0.3969945241631905,0.28221568671505937,0.25070125698180423
852,852.jpg,data/processed/wang/mountains/852.jpg,mountains,201.6108181749587,67.30076388385257,-83.3046828044771,0.2554522110019282,0.15264726217422597,0.12168325881447684,0.5620187884987141,0.3193233519937263,-0.23841900324058518
853,853.jpg,data/processed/wang/mountains/853.jpg,mountains,167.0977149598766,63.65343110100395,-50.506403881150575,0.2925100338996363,0.15202620929829946,0.15691030283759877,0.3125301272990981,0.21640907710228063,0.17979421758830674
854,854.jpg,data/processed/wang/mountains/854.jpg,mountains,198.34952449714183,78.46141510076987,-79.82290041598081,0.3886739325963428,0.33919318029118645,0.22360780196201502,0.45910932792913667,0.2160017073937971,0.1443512849228493
855,855.jpg,data/processed/wang/mountains/855.jpg,mountains,194.51159646902974,93.30615161928077,-87.19999261821721,0.2022091564877068,0.18217301300206787,0.22931148560753045,0.49669709161266934,0.26475857573865125,-0.12064771271266146
856,856.jpg,data/processed/wang/mountains/856.jpg,mountains,181.82034432554792,110.05216903839623,-82.80427292644409,0.5306510892262679,0.18984382532967228,0.050587951188902185,0.3999968587098029,0.24000618506623503,0.17059534361723777
857,857.jpg,data/processed/wang/mountains/857.jpg,mountains,209.625491301614,60.09056510916333,-77.46323689952855,0.39021260864684376,0.23669150608043915,0.1690943843054004,0.47892090063614506,0.30119885695079973,-0.1728475173677959
858,858.jpg,data/processed/wang/mountains/858.jpg,mountains,198.85554902312774,14.666924193940282,-17.14936948948128,0.2759471365662307,0.13792411503400812,0.10364978252594743,0.5491998140942845,0.2175667045128726,-0.12589625102538132
859,859.jpg,data/processed/wang/mountains/859.jpg,mountains,197.7287552858949,54.340834360765946,-55.35620971068141,0.35475862743582337,0.19676429731411263,0.16629728040370922,0.5706171275765257,0.26975411234915897,-0.1636721640028679
860,860.jpg,data/processed/wang/mountains/860.jpg,mountains,125.70400350077398,78.26757578643726,45.244493492728225,0.2707016336633785,0.19463987414675607,0.21775535802770782,0.47309635262951605,0.2546344553783851,-0.10549473876372706
861,861.jpg,data/processed/wang/mountains/861.jpg,mountains,143.33918389971222,102.30875274460419,-41.43901496973758,0.3796640471623978,0.20922368613558417,0.06833408383223614,0.4863250662718978,0.25792875862099174,-0.17732950404091619
862,862.jpg,data/processed/wang/mountains/862.jpg,mountains,126.42527531094674,73.8473505514641,54.14518117483264,0.32757873878924215,0.19156937073285873,0.1892819658007128,0.4886317146404953,0.22453576896215058,0.05580401285249943
863,863.jpg,data/processed/wang/mountains/863.jpg,mountains,157.45590655573565,79.21434729170115,-57.08862679922669,0.18967131117580985,0.1389489072665415,0.11416751457714766,0.3885627809800856,0.23813012289667623,0.161349497017842
864,864.jpg,data/processed/wang/mountains/864.jpg,mountains,125.32169546531804,70.48295206549662,46.17514954190129,0.3380226504930211,0.2088129262574043,0.1941544822357708,0.5059128411955669,0.26393537813106693,-0.15423446259910215
865,865.jpg,data/processed/wang/mountains/865.jpg,mountains,113.59173446743141,51.27148651822565,52.97652286143194,0.16405996594317193,0.12942151521286,0.1280536901163588,0.43860187538700757,0.2109716001808853,0.20858630915742077
866,866.jpg,data/processed/wang/mountains/866.jpg,mountains,145.5911642648692,92.8727538213274,28.983198418597865,0.24587404699770823,0.20405071671532413,0.15444573877004864,0.6317243708630448,0.2359755803568438,-0.19689696408791435
867,867.jpg,data/processed/wang/mountains/867.jpg,mountains,88.82845682914679,37.57386838562462,41.63862685171809,0.09431472379363488,0.09238660904411165,0.11040189865428782,0.5632795445676493,0.20980457901068464,0.1060031708008024
868,868.jpg,data/processed/wang/mountains/868.jpg,mountains,145.3450228462316,102.22600302034435,25.590700137614963,0.19958847798627252,0.14606255098101564,0.13467033695473796,0.42961678278983584,0.27748824969030933,0.07600759601936811
869,869.jpg,data/processed/wang/mountains/869.jpg,mountains,246.44741488970612,79.25894757393817,-88.3818260677925,0.14906912187924112,0.10011623900751164,0.09592509371816679,0.4447799069648018,0.27465149749925266,0.21527841006162285
870,870.jpg,data/processed/wang/mountains/870.jpg,mountains,231.66826803643926,57.216627357027264,-76.2337718814134,0.39881536307825627,0.16975278243102962,-0.09849350293521322,0.44474193218826485,0.186554186059265,0.1400271463729605
871,871.jpg,data/processed/wang/mountains/871.jpg,mountains,181.4271080276667,85.09967458646382,-85.99968097628619,0.41596394976399625,0.28386665841529773,0.1257519902118506,0.5724914678398534,0.2301594610955671,-0.1919152095035131
872,872.jpg,data/processed/wang/mountains/872.jpg,mountains,152.57834657452136,141.794449919381,84.46929665437995,0.2254859289270712,0.24942897474867698,0.29259130178187415,0.5193175982634178,0.2241811282723068,0.17273496640616198
873,873.jpg,data/processed/wang/mountains/873.jpg,mountains,160.36027243835755,85.16205914702299,-69.91088868429907,0.28455798202440974,0.20481606019874526,0.18703022795359753,0.5054579906737189,0.26976910580734587,-0.19300625884011652
874,874.jpg,data/processed/wang/mountains/874.jpg,mountains,123.77465156483231,66.5549861875371,67.50526168001676,0.3493281636354671,0.17919468405031277,0.1374937200131225,0.523371133375529,0.22435121043755402,-0.14266597558633076
875,875.jpg,data/processed/wang/mountains/875.jpg,mountains,199.3444613706415,53.26844146377225,-70.1851995185153,0.3857532524703326,0.19410168551333137,0.08437315808444999,0.5386913937506108,0.2139215096765315,-0.058793361633758104
876,876.jpg,data/processed/wang/mountains/876.jpg,mountains,217.04015716497815,52.092800516461196,-66.2612438412425,0.398759733072031,0.19295066801133076,0.11799632873759683,0.5170691547655792,0.2120493275644825,-0.17724193280802425
877,877.jpg,data/processed/wang/mountains/877.jpg,mountains,172.9752266294939,86.82952292390014,-77.63976873524499,0.13903388317401286,0.11092727069678168,0.13663120974641318,0.5323416638360214,0.2558793330110785,-0.1664528815551566
878,878.jpg,data/processed/wang/mountains/878.jpg,mountains,201.0808166123073,42.45580730283571,-63.60015219536868,0.3895068811715987,0.21327868467982186,0.14460720780042158,0.6411295730834752,0.17595898792228604,-0.1627723956637434
879,879.jpg,data/processed/wang/mountains/879.jpg,mountains,155.05696443888033,95.57863616863085,-65.67957104223622,0.33536820268348794,0.26807019509041435,0.19418666004852203,0.6591723199787035,0.20711554088195835,-0.180054799533274
880,880.jpg,data/processed/wang/mountains/880.jpg,mountains,200.75285250607098,48.302554087466476,-42.18329418371344,0.3908057158843595,0.1669915277375605,0.08443106814454396,0.5157762825382596,0.2650270434198413,-0.17217153112588007
881,881.jpg,data/processed/wang/mountains/881.jpg,mountains,197.70700656835106,64.25751851613879,-76.39482828675877,0.3209975400338389,0.27404623717132537,0.25475865454250957,0.5221038766010366,0.19953402413070875,-0.1041594609713827
882,882.jpg,data/processed/wang/mountains/882.jpg,mountains,173.95131717270365,82.72026865385425,-68.51127329164831,0.3393116602899416,0.21646089707006116,0.1894472360954053,0.5136578065146106,0.18571021169162846,0.06539397134178296
883,883.jpg,data/processed/wang/mountains/883.jpg,mountains,119.24735326261725,86.25497434684488,61.04589926066098,0.3097350885972408,0.19480367687858713,0.2000197213583625,0.41064470138733117,0.18510401815897623,0.11949734639881185
884,884.jpg,data/processed/wang/mountains/884.jpg,mountains,220.77542773352857,44.71134760475385,-61.39172180564989,0.2817441966094994,0.12590898642748802,0.09933617003548054,0.5114282252941962,0.2768895458576443,-0.08729789038922678
885,885.jpg,data/processed/wang/mountains/885.jpg,mountains,157.80250504200012,76.95937540787168,-60.29773528386471,0.23614351209485562,0.3018186865595963,0.32548372651544616,0.5641831866200752,0.26489708129363976,-0.21501696204007473
886,886.jpg,data/processed/wang/mountains/886.jpg,mountains,156.1884854191497,115.86840304816438,-69.50700234011067,0.4142158428054851,0.19287484611880903,0.13289402570810083,0.5931229062828626,0.21691850356748002,-0.19423480027295284
887,887.jpg,data/processed/wang/mountains/887.jpg,mountains,104.18885044537456,90.11913670708881,85.05425463492921,0.2678525532762042,0.21092603280905756,0.2004153776646606,0.41655250509119907,0.26167377155161453,0.1478813407007584
888,888.jpg,data/processed/wang/mountains/888.jpg,mountains,58.71069094445799,92.42429579851863,111.75628236067669,0.4240650787768345,0.12151345733697351,-0.07284076130008363,0.4799735024706611,0.15737234221015217,-0.10950903773041457
889,889.jpg,data/processed/wang/mountains/889.jpg,mountains,151.0118921340521,76.0784252273447,-55.1906245764878,0.29590476376070757,0.20031687040614551,0.19773890005028588,0.5008525094994004,0.21747341805826503,-0.1370012711924959
890,890.jpg,data/processed/wang/mountains/890.jpg,mountains,201.0428731026544,56.32058489076513,-63.33099122718086,0.2527373811232015,0.20110414254971504,0.1898786422290469,0.42045811523665577,0.27616599685690457,0.21236890279988216
891,891.jpg,data/processed/wang/mountains/891.jpg,mountains,165.6253541953071,85.95124178246445,-71.47076810985402,0.3226599990338362,0.19426703821994426,0.1968292969126146,0.44284385745824295,0.24461980768655922,0.11483147499592611
892,892.jpg,data/processed/wang/mountains/892.jpg,mountains,142.01520752187935,96.07404426206098,-46.52058399426453,0.35116130932332607,0.180921917477382,0.12736698249705158,0.2880103088051224,0.16583772668407626,0.17707940784757856
893,893.jpg,data/processed/wang/mountains/893.jpg,mountains,179.84700084560367,98.70651341122246,-50.341250540435354,0.4527519713053986,0.3085825166968933,0.19857495073950443,0.38277313531407725,0.2594091734620281,0.19926104971980574
894,894.jpg,data/processed/wang/mountains/894.jpg,mountains,190.60982955957297,40.01160596313799,-47.85550736149213,0.6180842165335795,0.2449125879335386,-0.12367016691031389,0.4759562294061652,0.21290016238162376,0.0700481121452234
895,895.jpg,data/processed/wang/mountains/895.jpg,mountains,151.12317639768784,80.99702437916056,-47.96240201371633,0.31135405272658545,0.19402945299549335,0.1887084338496703,0.4955797909077357,0.20932167353751863,-0.11293961066048433
896,896.jpg,data/processed/wang/mountains/896.jpg,mountains,135.56296146438277,121.90242238669012,86.46838437756549,0.41187772096994496,0.26918783661518675,0.2061718558319362,0.450261584605812,0.25323128871622524,0.11008475566996853
897,897.jpg,data/processed/wang/mountains/897.jpg,mountains,176.56544772720494,99.21682034094273,-90.01714644337501,0.19328220904222349,0.09118843050048546,0.09064064046509958,0.5519424483393701,0.14459814485990954,-0.1295236695876675
898,898.jpg,data/processed/wang/mountains/898.jpg,mountains,146.10076390979034,94.64818527215294,55.86345539056271,0.29115014468490585,0.23108596395037576,0.2515870011754139,0.3951408133361885,0.21967048171608955,0.20700262843151848
899,899.jpg,data/processed/wang/mountains/899.jpg,mountains,176.08295719043963,56.463590899836476,-61.34247206198215,0.2664749465451545,0.13563379758886807,0.16027009641145995,0.5949153040458555,0.2358257088813478,-0.1741157512305524
900,900.jpg,data/processed/wang/food/900.jpg,food,78.29662643109623,93.7892106511014,120.24496782332187,0.47421234479883384,0.23817825413246319,0.15506156410798533,0.5251608567662297,0.2601414669729553,-0.13031594183733425
901,901.jpg,data/processed/wang/food/901.jpg,food,124.51375184765918,84.27270927660136,65.92061314617129,0.4953886149449052,0.24809805611270797,0.10173882488245958,0.5096226227443642,0.27928442340155696,-0.21561209964815056
902,902.jpg,data/processed/wang/food/902.jpg,food,111.15694587866953,97.62581362952109,103.14162733104396,0.5472032194154887,0.2679547589588455,-0.19915264904345048,0.38831421127207477,0.2749063456331124,0.12581315454024888
903,903.jpg,data/processed/wang/food/903.jpg,food,156.75411390055828,101.67369095080926,49.61238248874345,0.2952698111679126,0.30400447964193295,0.2963848246660812,0.4638909328877456,0.32024172523952915,-0.16464914047661627
904,904.jpg,data/processed/wang/food/904.jpg,food,145.6868209027974,73.74913424122501,46.15912998735209,0.2541088168316558,0.19891367144503624,0.19065048591472966,0.4075994424319873,0.31480210375843876,0.2529490128928358
905,905.jpg,data/processed/wang/food/905.jpg,food,60.308877151727756,101.74802003704743,134.72136674154308,0.5992011885186059,0.2597186393752868,-0.1783007356304308,0.49446164885043703,0.25887917712237485,0.06428540078327158
906,906.jpg,data/processed/wang/food/906.jpg,food,110.73389974950139,126.0768089092332,132.9060312961849,0.6337427899138012,0.25384755389521657,-0.19367771891071178,0.5071712442137132,0.24243625912720534,-0.13805482805093489
907,907.jpg,data/processed/wang/food/907.jpg,food,103.41555602004853,117.88977086247243,127.26672149921252,0.5696832898239848,0.2399141114487261,-0.1992924340802293,0.5209729254171501,0.28777394709851883,-0.16967943240574163
908,908.jpg,data/processed/wang/food/908.jpg,food,185.07782717619557,155.85690408939328,50.84736078629041,0.7277685006494229,0.19070508396013078,-0.19714202633382943,0.495286341867678,0.26265389982894116,-0.1273196504612535
909,909.jpg,data/processed/wang/food/909.jpg,food,167.27097005707796,141.50452806529466,79.8354599448386,0.48126773839910203,0.3040502758047068,-0.2282426019402144,0.5332378026995457,0.25919412827924254,-0.19301956059465156
910,910.jpg,data/processed/wang/food/910.jpg,food,112.6040848092877,98.38777406967458,103.65432103733608,0.45095305947646125,0.29550039527864064,0.1881196403328359,0.50409670638021,0.23612341991043367,0.1465380162033516
911,911.jpg,data/processed/wang/food/911.jpg,food,121.9344023318766,87.17860451727857,64.63558142571625,0.4561404159814515,0.3293651073288734,-0.08648301684453448,0.5274023614841307,0.25352506125962504,0.06290978334070137
912,912.jpg,data/processed/wang/food/912.jpg,food,118.6544426015189,136.63558540766,129.53310249723265,0.5038015359329412,0.28100639665063676,-0.07314418630167066,0.6142699933800344,0.22325933728465316,-0.22370563898112228
913,913.jpg,data/processed/wang/food/913.jpg,food,58.85093158172882,74.15982945163057,102.62441678214691,0.2586565964504833,0.28659101438523654,0.31808052790642793,0.6940994672780505,0.22367667295007948,-0.25259759389790654
914,914.jpg,data/processed/wang/food/914.jpg,food,35.24747110284594,57.2108717967102,96.44256724966998,0.5919378323455172,0.2194679459475965,-0.12025831006757969,0.5618869085268964,0.23271157191097683,-0.13786145948694195
915,915.jpg,data/processed/wang/food/915.jpg,food,102.88994176330137,115.9501298600607,118.66494783797465,0.28191091184806777,0.23177721061631476,0.20961682509772178,0.48906319171952833,0.19993802133980498,-0.14546933483678165
916,916.jpg,data/processed/wang/food/916.jpg,food,136.5382191259972,107.60573017725558,57.648735353443016,0.33397864861977195,0.2518522554578652,0.23908621767190563,0.4164569216236818,0.2754365923407419,0.23979930254990367
917,917.jpg,data/processed/wang/food/917.jpg,food,80.76714839571862,125.04187317828465,146.2382755534599,0.44601569718110073,0.23983391623110503,0.19898466634119835,0.4703685608743579,0.1905180401621021,0.08902273950392683
918,918.jpg,data/processed/wang/food/918.jpg,food,95.34484384843866,85.9983968776678,88.45760170924795,0.5228145754873784,0.29002641042540983,-0.06890609977841568,0.3484856983841477,0.29211572771265093,0.20824493011388973
919,919.jpg,data/processed/wang/food/919.jpg,food,79.1148140522467,88.58650506227252,108.7181059064809,0.4637424121686138,0.2730148828353897,0.16844848002673765,0.5466092903816436,0.23976499494106945,-0.17165407497223079
920,920.jpg,data/processed/wang/food/920.jpg,food,70.35316567917805,82.24137886823398,112.75837834852055,0.5642852617035506,0.2634375213503225,-0.17657220114721012,0.5742349991029698,0.23332659190322436,-0.18217207082648304
921,921.jpg,data/processed/wang/food/921.jpg,food,192.24546728572236,150.43875077575362,-63.789468063344,0.5355493981797016,0.29310669321291183,-0.1275666180186062,0.4255677573810222,0.2634760323642715,0.1387998719784969
922,922.jpg,data/processed/wang/food/922.jpg,food,69.91488718023872,91.63355681234165,124.51113569652372,0.5534564604767999,0.23508210363667628,0.12642975929618325,0.47398223992953586,0.2554173932183777,0.07673393156863942
923,923.jpg,data/processed/wang/food/923.jpg,food,153.07298440621767,123.78580969556408,107.64604594258688,0.5249336225725661,0.3476803559819922,-0.11761988937809528,0.436353188263278,0.25075490533913497,0.13569766536639835
924,924.jpg,data/processed/wang/food/924.jpg,food,84.83631274643751,68.3348887775318,77.16834456841175,0.5297835282823845,0.26990086512969125,-0.11739844251168464,0.3576345498981131,0.2571616806895823,0.19790623725007378
925,925.jpg,data/processed/wang/food/925.jpg,food,123.49200580647296,133.91246920980885,124.78223177764059,0.5647215569057996,0.2360136668317156,-0.1366407280212158,0.3700187819065472,0.28741531734934644,0.20972134398188658
926,926.jpg,data/processed/wang/food/926.jpg,food,95.55446099837081,66.84668139559452,60.14524555204537,0.4217360316021086,0.31094523084203235,0.1904752650077498,0.5758367127183988,0.23562983016243236,-0.18165549254193522
927,927.jpg,data/processed/wang/food/927.jpg,food,82.31627397942914,74.39804361893827,87.24584877199581,0.36685291117866353,0.29548765905493934,0.2415993915011328,0.5813691299711271,0.25181939720906554,-0.19795262165651195
928,928.jpg,data/processed/wang/food/928.jpg,food,94.3882538432775,81.8803427816087,99.0255618313222,0.6103282221619205,0.21661327018376034,-0.1716791284541651,0.3045904093566539,0.28893246959691316,0.2631500885595024
929,929.jpg,data/processed/wang/food/929.jpg,food,136.618513749762,100.46748653388168,67.01472074756217,0.6452205715103787,0.2076196552191442,-0.20514392069603998,0.39000432558032117,0.2818887930441539,0.23721962613709385
930,930.jpg,data/processed/wang/food/930.jpg,food,100.97026077907412,106.21696378609046,123.29550476580843,0.5741817658664748,0.22635757479824706,-0.09617152976260337,0.4820020990533133,0.2610433801125744,0.14945275322015683
931,931.jpg,data/processed/wang/food/931.jpg,food,63.034657272796416,87.6813044781259,117.12013725333318,0.6061805901035958,0.30837743345376645,-0.2554063678309684,0.45277196387260216,0.2891430165194407,-0.13343951662830117
932,932.jpg,data/processed/wang/food/932.jpg,food,63.74718057502893,107.92099183015026,141.36428709024483,0.5221320779442825,0.20334281303324447,-0.04078685656590074,0.6179023438883936,0.19441295436257336,-0.17728043323792214
933,933.jpg,data/processed/wang/food/933.jpg,food,82.92449423206229,92.43069439685137,119.58351924748646,0.5419489614660714,0.2977679132181358,-0.17515702534273225,0.5424463339401578,0.2259385565439761,-0.14965238222887908
934,934.jpg,data/processed/wang/food/934.jpg,food,58.866464403565864,92.37940178312827,126.38079501346184,0.6178390189828633,0.2372702015846184,-0.202937208239807,0.5185441278322381,0.2645072716845564,-0.18352302126339193
935,935.jpg,data/processed/wang/food/935.jpg,food,118.73476501712351,140.39426973095482,130.4959067115562,0.5435379116354966,0.22684983071751005,-0.10860456286309927,0.3755325714062489,0.24696740452499613,0.1874453107569643
936,936.jpg,data/processed/wang/food/936.jpg,food,91.55563541209328,106.53802830467829,129.2732982697961,0.5716459559089154,0.2467221036289211,-0.0946532148527469,0.5231876274069786,0.24095539304329083,-0.14198921600100123
937,937.jpg,data/processed/wang/food/937.jpg,food,121.6282668485889,144.89773394935455,139.45043916080493,0.6650604650119097,0.2631808138858941,-0.2218072361398709,0.5312902619492661,0.27627362433609703,-0.16665200470514724
938,938.jpg,data/processed/wang/food/938.jpg,food,40.01441710311974,60.80590028956678,100.2700598073085,0.5139654799034853,0.24790622538191168,0.07699327759879837,0.6229773170589729,0.20268507208016612,-0.17985478590115755
939,939.jpg,data/processed/wang/food/939.jpg,food,69.78114576144132,98.79144938557208,130.1844924699477,0.643565889336306,0.23752974442702024,-0.17157138396436322,0.4981080416813815,0.25475750824703086,-0.13699412656455504
940,940.jpg,data/processed/wang/food/940.jpg,food,120.30217746414837,138.80276907280697,128.6979126128299,0.6096147628426536,0.24839914181933903,-0.20789422429617882,0.4363279762561471,0.26325901517052874,-0.04607684765503922
941,941.jpg,data/processed/wang/food/941.jpg,food,101.24912447661093,138.539463640353,147.7118966088389,0.5699472906224324,0.24290989005515604,-0.19809403801407097,0.6058853984785628,0.20434142301193223,-0.1784294754436534
942,942.jpg,data/processed/wang/food/942.jpg,food,104.10530301122223,140.6369095472216,146.88263523718044,0.6297170563132491,0.19959803980949223,-0.10890423234461663,0.5569972753202753,0.21498400967088258,-0.1654222167443628
943,943.jpg,data/processed/wang/food/943.jpg,food,176.1376977490445,153.48742146528028,27.493236995733305,0.6509699230805381,0.22623583650053244,-0.1371097915685394,0.3230003695343508,0.2407757646156881,0.18705984927538966
944,944.jpg,data/processed/wang/food/944.jpg,food,65.8865882478079,102.92947678355279,135.22691181149898,0.5200930361938845,0.2778888619468975,0.16706837945602215,0.5506281553917063,0.2547263768229524,-0.18394837180864146
945,945.jpg,data/processed/wang/food/945.jpg,food,139.92659534181135,116.66716437426952,88.694407118946,0.45604376918570705,0.29184473290934876,0.17446774933288292,0.5261303987253806,0.25470050000409494,-0.1508566603571142
946,946.jpg,data/processed/wang/food/946.jpg,food,80.90654499703275,112.72114641761912,138.055203435894,0.5741333128469724,0.27129879721892886,-0.0670926928512297,0.5012868544955514,0.30209295873667735,-0.17471701531510103
947,947.jpg,data/processed/wang/food/947.jpg,food,122.86332867198841,117.74271680002448,106.84816981989599,0.36859734018787077,0.3432633689939707,0.2848028344878694,0.6359995858405986,0.1983424249210276,-0.17828998721823275
948,948.jpg,data/processed/wang/food/948.jpg,food,160.57553401841778,127.56754243319219,44.005277453192846,0.5909878326514407,0.21565591633060147,-0.11366155153468278,0.35538574339443113,0.23586807861373846,0.19555678236088136
949,949.jpg,data/processed/wang/food/949.jpg,food,108.30810268541245,84.0014172361906,64.0493574682854,0.47916851835331425,0.27450657344846874,0.1629990501600186,0.34644844011447634,0.2863625873957274,0.23004760671117117
950,950.jpg,data/processed/wang/food/950.jpg,food,127.72365934595018,120.98150527657057,106.21997162457141,0.5203970112506132,0.23674915284523354,-0.11131344557965864,0.3559016694285096,0.2891816278556667,0.19150961572062075
951,951.jpg,data/processed/wang/food/951.jpg,food,157.20338523649266,128.3654777307108,97.75317188811141,0.5051228029054565,0.3177065331100934,0.17228090013578373,0.33776864229523557,0.2864434423671606,0.22761865786807262
952,952.jpg,data/processed/wang/food/952.jpg,food,54.03128413729488,97.84415253001258,129.79193763543566,0.42123491769117055,0.34757001141729804,0.15675017803700686,0.260053335306272,0.25650125835681004,0.22780857504635715
953,953.jpg,data/processed/wang/food/953.jpg,food,126.67965699710719,127.96555853229398,119.06945803957356,0.6675782616580174,0.2383121737317451,-0.1891080500008226,0.31453096202115677,0.28794364091090613,0.26232141636483997
954,954.jpg,data/processed/wang/food/954.jpg,food,107.4396832425097,111.870022413639,122.51904500467735,0.6371629306833407,0.27278628276962574,-0.2087616110095462,0.38169229331532506,0.3149250268501994,0.23039068801672552
955,955.jpg,data/processed/wang/food/955.jpg,food,80.06840499744855,89.99285501167468,117.02893643269067,0.6514265920651781,0.25789495092039827,-0.18794635017266037,0.4514356521179792,0.3203780679850524,-0.11071877986970648
956,956.jpg,data/processed/wang/food/956.jpg,food,122.48110718513635,96.40561279235818,77.39228909408894,0.5081463210645154,0.27397510787807877,0.15095085645140582,0.4106065233991103,0.2869665718038322,0.1672968202001963
957,957.jpg,data/processed/wang/food/957.jpg,food,99.13730648275366,133.73893421791675,144.09670534541084,0.48181353974778557,0.28314971037931735,0.05326516500736827,0.6206400290663273,0.20709901832075098,-0.1823769069811647
958,958.jpg,data/processed/wang/food/958.jpg,food,123.31736863252081,140.70268361137565,135.19905029918206,0.6824229577143797,0.2917348283163169,-0.25281755755415547,0.3872614137783188,0.283619448951725,0.17368311994517438
959,959.jpg,data/processed/wang/food/959.jpg,food,105.12787752172032,108.61781995728478,99.76693612059859,0.492583444953965,0.22759976083113118,0.10479880396099706,0.3286388590465445,0.3196140178752564,0.2694042803144896
960,960.jpg,data/processed/wang/food/960.jpg,food,86.82215794171498,113.34577505626046,127.71668979060706,0.4368293360387838,0.2979229120355935,0.1942994515205716,0.48537630701383705,0.2650949970840173,-0.15241279169860886
961,961.jpg,data/processed/wang/food/961.jpg,food,60.94288373951804,91.97806191733484,125.30235500381372,0.2950098768301738,0.2971924919347219,0.29108220867996293,0.68900191342748,0.25820139309031453,-0.2762387769313511
962,962.jpg,data/processed/wang/food/962.jpg,food,71.50967211700178,102.20251647396651,131.92045134173014,0.5277623437705378,0.28097397924740386,-0.16576922263085225,0.5450303545302404,0.2573196136512413,-0.20021368533546857
963,963.jpg,data/processed/wang/food/963.jpg,food,66.83261140187945,72.36628068912206,97.03713864086262,0.6214189945296861,0.2504783645706555,-0.18851946909383532,0.33555601828217146,0.2900912692545943,0.23360736288570028
964,964.jpg,data/processed/wang/food/964.jpg,food,118.90749715586844,130.37437755691744,131.6768284509394,0.6095588163218318,0.2738898494492412,-0.17363670187003427,0.31126622061512893,0.223156448291304,0.18314589686435215
965,965.jpg,data/processed/wang/food/965.jpg,food,150.7362839898827,121.57039982337577,65.47906094672294,0.39052000392017777,0.26379002283519704,0.2248743729132705,0.36016702977291953,0.28235346249302223,0.20080895824445733
966,966.jpg,data/processed/wang/food/966.jpg,food,85.45378964756613,68.71878098134178,90.51585610030108,0.5847736177463503,0.24154119604807367,-0.14395495610903847,0.4116697716607405,0.2657034292281826,0.1894575471501537
967,967.jpg,data/processed/wang/food/967.jpg,food,78.06147217353555,107.67779001905566,131.69889667341704,0.6094540660253074,0.22346979691877525,-0.2016646852908108,0.5750389073364536,0.26077148013380297,-0.23624019211207103
968,968.jpg,data/processed/wang/food/968.jpg,food,127.0537737444647,71.94315102285177,-31.94492609388219,0.5489844502350442,0.21640998190459318,-0.15405675249283524,0.4799094282543071,0.21795772415986955,0.1809181512370214
969,969.jpg,data/processed/wang/food/969.jpg,food,107.95564233136913,75.77007025468193,84.51176623001365,0.551729428119387,0.2995836794769247,-0.25769609324251563,0.3880835908007801,0.33073777444563696,0.25447148405373954
970,970.jpg,data/processed/wang/food/970.jpg,food,106.88967163213056,100.41776554418996,110.56569558627717,0.6270506145386227,0.23411291750788188,-0.1527337907651687,0.27078618711794417,0.2671406486534819,0.26532308277588473
971,971.jpg,data/processed/wang/food/971.jpg,food,125.57635058279902,154.48973248832507,135.0441013688499,0.5448823928981881,0.22606928084907724,-0.08977209526491717,0.4128521803728565,0.22568591960373607,0.06230092333706741
972,972.jpg,data/processed/wang/food/972.jpg,food,86.56768392201896,115.18222164688882,136.15401453072963,0.2567117103462711,0.28239316412534493,0.2722098426673373,0.6624238603557728,0.16395928649521985,-0.17967562481540383
973,973.jpg,data/processed/wang/food/973.jpg,food,190.26352792832373,157.982654332573,33.085423020716945,0.7036191231094241,0.30336688457071836,-0.27033369434629084,0.5999388203806291,0.21000941511289736,-0.19931661764357644
974,974.jpg,data/processed/wang/food/974.jpg,food,57.505475532267155,53.66794603221041,70.25132384983137,0.5256722624231335,0.2739093555608271,-0.12240244787063295,0.5367422984734466,0.23529239127890098,-0.1443274235573242
975,975.jpg,data/processed/wang/food/975.jpg,food,136.53932502739403,155.0340078682575,129.55577294347563,0.47006482659312115,0.23154276892278466,0.17753046494870794,0.43585090450322167,0.2579651716687199,0.12843006855523054
976,976.jpg,data/processed/wang/food/976.jpg,food,91.25166674003685,117.4699106245891,133.15953043227472,0.5341999459294158,0.31224958487824456,-0.18706550432651026,0.47783954245193644,0.2509110928695893,-0.09702845490913833
977,977.jpg,data/processed/wang/food/977.jpg,food,161.29902098062303,151.73642218431266,105.68608589828827,0.5848516247660976,0.2572017371894519,-0.18062430839335722,0.5992099064022037,0.23537228418694242,-0.193202026118673
978,978.jpg,data/processed/wang/food/978.jpg,food,170.78116415688905,138.0570824949035,67.71869868270429,0.42281343042694175,0.2625908296174605,0.18516353988159986,0.38201526284303117,0.2570129027618955,0.17770607519794396
979,979.jpg,data/processed/wang/food/979.jpg,food,137.5171659881929,145.1200722566086,114.08354118575224,0.5376572992870857,0.22775469267842038,0.1346542949542789,0.3681151642912018,0.2728928096926289,0.1541998870621528
980,980.jpg,data/processed/wang/food/980.jpg,food,123.72255253519627,122.33052334637927,125.08552372575272,0.6495256920425637,0.20211163742578597,-0.1694135557051299,0.5118378422380042,0.2185015430318546,-0.14648154821703596
981,981.jpg,data/processed/wang/food/981.jpg,food,70.47797376268166,67.86908314068617,85.98750312977957,0.5797541215566943,0.26663895445627095,-0.16445612941041934,0.3739607356157724,0.28213051124568433,0.21089269996199905
982,982.jpg,data/processed/wang/food/982.jpg,food,183.87053434639438,112.85862625892426,-77.67654361049065,0.5135293782839861,0.21711702858265702,-0.1055471343351191,0.31520047333204104,0.28806204364115806,0.27541317664372644
983,983.jpg,data/processed/wang/food/983.jpg,food,101.71405914639156,123.19084267796414,127.66991333996867,0.44297007358041657,0.3202231114437915,0.16890066818319133,0.25553294343900274,0.2598799626445116,0.23982709136859043
984,984.jpg,data/processed/wang/food/984.jpg,food,74.09441438535275,115.66410634937402,141.94185019003322,0.5604354143071456,0.20786187141792747,-0.111797517169595,0.5919681063502414,0.2251404158123902,-0.2136795704738193
985,985.jpg,data/processed/wang/food/985.jpg,food,91.53645809172819,119.21245706026836,136.20065058358477,0.47305356678918997,0.2384127277677483,0.07100820924342849,0.5749902393014992,0.23679488756699574,-0.2009493049874082
986,986.jpg,data/processed/wang/food/986.jpg,food,97.38225722041473,97.50658286575678,107.80901087959509,0.4138125202928317,0.3370914894631999,0.1966318593357434,0.688740741046369,0.21448731683025826,-0.22588020725012786
987,987.jpg,data/processed/wang/food/987.jpg,food,63.24207318838702,109.98849996188123,142.1567002407894,0.4254746468930269,0.21069148988130745,0.18208902473624267,0.5174465357138445,0.1988870024657911,-0.16546188613542498
988,988.jpg,data/processed/wang/food/988.jpg,food,102.01676047102258,131.55554877991838,141.809460571055,0.5110638310717187,0.2587759146892507,0.09401558105014679,0.4708346213952552,0.25027755958688097,-0.08652475257586856
989,989.jpg,data/processed/wang/food/989.jpg,food,95.66890071236564,113.15703455864708,131.06897372548838,0.5731932646029728,0.26265070203816154,-0.11783359877105487,0.5587699269267242,0.24388991447499744,-0.18303145667586496
990,990.jpg,data/processed/wang/food/990.jpg,food,83.10182205831825,112.3047946614969,132.93834949790084,0.4924567191862555,0.28342219497853544,0.11323018350431176,0.43943207306085225,0.2399692682703645,-0.09717270693661903
991,991.jpg,data/processed/wang/food/991.jpg,food,87.97006858421203,68.87437010992407,73.34816732921726,0.36820745472472066,0.26184781804647894,0.1866068415130044,0.5919033593845787,0.267549313760628,-0.23257219219953534
992,992.jpg,data/processed/wang/food/992.jpg,food,87.7462323849383,88.81196310233548,108.2937104572182,0.4774210132558115,0.3001225786489017,0.14788856426807284,0.5995566495029436,0.24853193154411335,-0.20971974540796462
993,993.jpg,data/processed/wang/food/993.jpg,food,102.97411768067104,106.30012510815747,114.97116705135795,0.34914888314339027,0.3291456008691542,0.28448266741130507,0.5735190901226493,0.28661322220538876,-0.22157827677961622
994,994.jpg,data/processed/wang/food/994.jpg,food,187.00440092490103,143.3550266228675,77.94896909639802,0.6859454868564967,0.3179667234438866,-0.2808381876383993,0.4699749826343407,0.27001886937639236,0.12480641817217605
995,995.jpg,data/processed/wang/food/995.jpg,food,196.9509815361192,102.56316207694283,-73.96591066050308,0.14753475890493442,0.210284259747163,0.2682444434544491,0.6934046624750939,0.24629516293907983,-0.24383108007613663
996,996.jpg,data/processed/wang/food/996.jpg,food,120.07311885340187,147.7265873234766,142.11871842891918,0.4988300311623182,0.329312007142115,0.04680854810853787,0.6500859412677187,0.20251582915188868,-0.20525310953437573
997,997.jpg,data/processed/wang/food/997.jpg,food,99.63760602037958,76.18606804601738,87.52026051798933,0.25043485137396715,0.26237856790026626,0.28928430516789333,0.7151403992467303,0.21910449577828958,-0.23101928485789386
998,998.jpg,data/processed/wang/food/998.jpg,food,155.2838341619869,148.1296213333128,91.59139977443539,0.4509530720854495,0.28070012439484376,0.20511996123905257,0.32800489230914803,0.2717683014133218,0.22875425101975094
999,999.jpg,data/processed/wang/food/999.jpg,food,136.37019987774147,135.978265830737,114.261389842305,0.32467143720451,0.2850182142396426,0.29435095624189245,0.4983510261865594,0.22514854595317194,-0.13990277849291566
