image_id,filename,filepath,category,l_mean,l_std,l_skew,a_mean,a_std,a_skew,b_mean,b_std,b_skew
0,0.jpg,data/processed/wang/africa/0.jpg,africa,40.87580063690742,19.278449768543286,12.826851329320684,5.315883795420329,13.823054511078885,18.24833624972397,12.067481835683187,13.496262594996605,7.171140852987621
1,1.jpg,data/processed/wang/africa/1.jpg,africa,38.60832850138346,21.665548146403225,10.277179083653213,9.708421071370443,11.462083857385386,11.114348683005675,8.315808773040771,13.308792135430132,4.794607060553668
2,2.jpg,data/processed/wang/africa/2.jpg,africa,39.065313835938774,26.100221333926854,19.24126771100658,6.3452103932698565,8.06557904901912,8.96368733776729,10.540500322977701,9.039206560765251,8.11340012899123
3,3.jpg,data/processed/wang/africa/3.jpg,africa,47.275750525295734,24.023125100448524,-5.381586287681041,5.837698777516683,7.271497320663524,6.957345874803357,7.6332573890686035,7.9441173890423515,10.881122121659118
4,4.jpg,data/processed/wang/africa/4.jpg,africa,40.53870867937803,29.26382494078241,23.745117853519773,-5.74973710378011,6.281389353158979,-4.678895922834904,9.198281606038412,7.263380112390863,6.994470123485198
5,5.jpg,data/processed/wang/africa/5.jpg,africa,43.51413423816363,23.20051527118507,15.084697874208377,12.508086681365967,10.612089717546244,5.268722121517866,11.604332129160563,7.794075945278879,4.801983410495983
6,6.jpg,data/processed/wang/africa/6.jpg,africa,29.947001735369366,21.321351821897313,20.1864704876738,10.737409432729086,8.49655669335289,5.629159337253563,6.506400903065999,10.470920923812187,-9.837111469576127
7,7.jpg,data/processed/wang/africa/7.jpg,africa,37.620461297531925,26.08360137915576,22.671003024176027,8.595298926035563,14.912987856414338,16.585678590297523,8.673604965209961,12.142571648434233,15.11189995427614
8,8.jpg,data/processed/wang/africa/8.jpg,africa,34.87287828077873,20.922325273436453,20.330258420037325,8.88740078608195,12.826358907772411,10.997534897038008,9.437999407450357,7.622700503366248,9.895675920141208
9,9.jpg,data/processed/wang/africa/9.jpg,africa,37.24011474599441,22.999153028591653,17.753015094465376,1.5459580421447754,12.680321140957103,16.44802597862547,7.395910263061523,7.870811792168988,6.983663878151706
10,10.jpg,data/processed/wang/africa/10.jpg,africa,50.05957285563151,24.091130748754736,4.7425234676997,9.714741706848145,12.715027166939981,10.717334145411252,13.72256358464559,12.692957289037238,13.58479047259015
11,11.jpg,data/processed/wang/africa/11.jpg,africa,47.09508270025253,22.96075468356153,13.427689505734865,1.2734726270039876,13.159833095231466,11.986180789990017,15.238495508829752,12.867702776410237,-7.9552845402661685
12,12.jpg,data/processed/wang/africa/12.jpg,africa,36.125253761808075,25.272332849609803,21.201052767989825,9.173977533976236,16.099429652994942,15.6465281380808,12.56640354792277,12.680793282250807,15.090623950770821
13,13.jpg,data/processed/wang/africa/13.jpg,africa,35.143121890723705,24.187270778542405,19.8336161414915,3.294889450073242,10.648528057693895,4.419444044899031,10.596856435139975,13.791998865259803,11.621809403515146
14,14.jpg,data/processed/wang/africa/14.jpg,africa,50.85045502831539,23.177038596933876,-15.045243834820962,-9.430521488189697,11.904153570443892,-12.0109430661225,16.077274322509766,15.359256562880315,15.746010913093656
15,15.jpg,data/processed/wang/africa/15.jpg,africa,42.453261402746044,28.58991348044737,16.886461852326033,7.5223361651102705,12.154836648869328,11.004229492004434,13.835310935974121,17.664899096636642,16.936237168623382
16,16.jpg,data/processed/wang/africa/16.jpg,africa,28.945419192314148,20.10120195540797,17.665746058007084,15.03144359588623,8.486303959203568,-4.030661208056657,5.575280984242757,6.136331167223688,5.732277891585586
17,17.jpg,data/processed/wang/africa/17.jpg,africa,30.429934834440548,24.302980584829257,23.5410156278377,8.357227643330893,9.291727334193347,11.77377522888205,8.697144508361816,11.710631164286944,9.395398618890095
18,18.jpg,data/processed/wang/africa/18.jpg,africa,29.756370559334755,26.038762911380186,23.339868124422395,11.856787522633871,17.61132567474474,23.675129390316357,8.968954881032309,12.596835526348189,9.586713247713
19,19.jpg,data/processed/wang/africa/19.jpg,africa,42.32356622815132,21.170612438454917,15.710344814848444,5.584274927775065,8.768138564920873,8.783941148937135,11.30888573328654,10.37041714541237,7.742388406250247
20,20.jpg,data/processed/wang/africa/20.jpg,africa,36.39241413523754,23.184045645632985,13.697994655778686,8.636092185974121,8.589060741616233,5.693693292326636,4.595934232076009,5.641600835040663,6.2744628451991975
21,21.jpg,data/processed/wang/africa/21.jpg,africa,41.11688875903686,24.46287905477797,13.464152003396764,15.78754186630249,9.750516505006471,8.525818013967786,7.657664616902669,6.282461172622335,5.640839489646646
22,22.jpg,data/processed/wang/africa/22.jpg,africa,42.31334328651428,24.17047096521245,15.206370295920578,5.5096049308776855,9.192566544871044,8.10308816435986,6.127271811167399,8.679918909701495,-8.164544260177749
23,23.jpg,data/processed/wang/africa/23.jpg,africa,45.32426819205284,28.156792075870285,15.55454946668313,4.417975425720215,5.992674736268418,5.370488916641234,6.379113674163818,5.524301782164824,5.340621363012233
24,24.jpg,data/processed/wang/africa/24.jpg,africa,33.122255094349384,27.787309356626658,20.857702641647528,7.163931846618652,6.85899170909077,5.875064123171034,4.219504992167155,5.437637509255732,5.189832754274409
25,25.jpg,data/processed/wang/africa/25.jpg,africa,44.47661489248276,23.807393061861816,14.389208603187452,7.830443541208903,11.247359722583676,2.4430671077206343,7.365943431854248,7.763899284376902,-2.7210053283618376
26,26.jpg,data/processed/wang/africa/26.jpg,africa,41.395494838555656,26.544547952472307,17.768214641066265,10.673003832499186,15.185137167463441,15.329075833774194,7.329914728800456,10.587060319848328,-6.781680566720885
27,27.jpg,data/processed/wang/africa/27.jpg,africa,38.778188141683735,23.32317675216797,14.86267926170196,6.232065200805664,7.715091329179445,-2.074327889489601,6.536913553873698,6.64104011632397,6.442028512079295
28,28.jpg,data/processed/wang/africa/28.jpg,africa,46.117519649366535,27.8811827357112,14.290174479343412,-1.398231029510498,7.449923591299756,-7.315469822381652,11.673755645751953,8.405713804314665,6.442128813935288
29,29.jpg,data/processed/wang/africa/29.jpg,africa,34.56696271896362,25.136975306783448,20.285181354672886,3.0408660570780435,8.659379109827462,12.07512623502572,6.461091041564941,7.128264861932436,6.728332870913709
30,30.jpg,data/processed/wang/africa/30.jpg,africa,34.07979036370913,18.75699830853542,15.863699430787673,-3.252863566080729,7.166955139990241,5.283559547368501,5.768885612487793,6.009973896827272,3.5135133706524133
31,31.jpg,data/processed/wang/africa/31.jpg,africa,43.4439184765021,25.49193696240864,15.73703564863156,-5.529554526011149,7.868632147254673,-7.633562790105746,15.61528460184733,12.373729557711314,13.095351215202012
32,32.jpg,data/processed/wang/africa/32.jpg,africa,30.94029339651267,24.423244127848353,22.668406933669864,6.152010281880696,8.987168035798469,4.424533338085441,5.650700092315674,6.691994248110881,4.7615797717036905
33,33.jpg,data/processed/wang/africa/33.jpg,africa,48.700519216557346,20.31964685726288,-11.014750667017939,-4.686576843261719,7.447955734897102,5.695122883906944,12.103240172068277,7.577649771268068,6.877414131159891
34,34.jpg,data/processed/wang/africa/34.jpg,africa,59.94878467172384,23.35780093243534,-21.01534994704823,-13.343729337056478,12.908024132728796,8.019175742186519,24.111478169759113,13.933137946550024,5.671460485145218
35,35.jpg,data/processed/wang/africa/35.jpg,africa,34.76522689064344,23.88618382310999,17.940369945144276,4.227073987325032,6.417321311723822,6.69614407991401,-5.53790283203125,21.246989173890277,-22.52241607916834
36,36.jpg,data/processed/wang/africa/36.jpg,africa,33.5760892679294,21.953008281494466,19.353332192505377,18.09686295191447,15.526814634724866,14.072599788001735,15.049585024515787,17.40681261272706,-14.99133120667818
37,37.jpg,data/processed/wang/africa/37.jpg,africa,35.98400540649891,23.246635147723456,18.3382562159834,15.708359082539877,16.531271669865955,15.245859583865375,15.129738012949625,14.964868452736049,17.545326429547085
38,38.jpg,data/processed/wang/africa/38.jpg,africa,28.80644878993432,22.95346554010638,21.999194825194706,8.379675070444742,11.363070043380052,13.028836136617976,5.7422380447387695,8.133633818392186,7.6926780203014395
39,39.jpg,data/processed/wang/africa/39.jpg,africa,46.83279705544313,31.543616457884276,10.714743804999259,7.09971284866333,15.784560578206893,19.791601810646267,6.134281476338704,7.739621218442415,8.498480363666857
40,40.jpg,data/processed/wang/africa/40.jpg,africa,36.04781571775675,28.36159605116102,25.024009733732502,5.697791576385498,12.603196221425367,16.49373431638989,5.309308369954427,7.68658987468553,8.530059222749204
41,41.jpg,data/processed/wang/africa/41.jpg,africa,41.95644501596689,30.40792790589214,20.474673525504457,5.07676378885905,9.939125866701902,13.34744882241557,6.454997698465983,7.600533815688297,10.196285734268969
42,42.jpg,data/processed/wang/africa/42.jpg,africa,28.96708908180396,21.891570316138594,20.046886770828934,9.003321806589762,10.218744976920812,12.238131770729778,3.374460538228353,7.31965334444665,7.011507434844596
43,43.jpg,data/processed/wang/africa/43.jpg,africa,49.90555333594481,31.840165332676047,-12.069313049259682,2.9121499061584473,8.708962671533973,6.910070408570324,5.529244422912598,6.69410196649805,5.37181748873045
44,44.jpg,data/processed/wang/africa/44.jpg,africa,36.06385526557764,33.399218566232655,28.212783794296413,2.5790724754333496,8.16185030215055,8.840177810431076,8.308058420817057,7.9613602720041685,8.00376730127602
45,45.jpg,data/processed/wang/africa/45.jpg,africa,24.573958292603493,21.98830957423873,22.865897219306802,3.389479637145996,9.355012959262966,10.981020425335537,7.115231990814209,8.8814239963211,8.787810360529669
46,46.jpg,data/processed/wang/africa/46.jpg,africa,21.764477901160717,21.312979293222615,23.767266948467633,3.5426834424336753,7.677415249148895,9.618372577348698,4.9013447761535645,9.206259964330993,6.341588345527398
47,47.jpg,data/processed/wang/africa/47.jpg,africa,46.98134524126848,25.719894833637323,11.736090476007856,8.70840342839559,12.786463632312698,10.73717700230804,13.559856414794922,7.7847559217204365,6.79312958100204
48,48.jpg,data/processed/wang/africa/48.jpg,africa,31.638921424746513,21.82495337087683,19.23928440427256,-0.5910727183024088,14.435464340137758,14.11879888620114,12.33975092569987,12.627017963724889,14.40466321080559
49,49.jpg,data/processed/wang/africa/49.jpg,africa,36.56939100474119,24.91962094439137,20.921294577715145,6.227660020192464,6.90873067144617,-0.5823244691987278,3.8084751764933267,7.919905054775997,-4.3677907519589105
50,50.jpg,data/processed/wang/africa/50.jpg,africa,42.453995222846665,23.0470927227351,15.514792049814186,23.781073888142902,19.617239181123825,16.58861825346082,21.29420804977417,13.758550861405038,7.825792735534732
51,51.jpg,data/processed/wang/africa/51.jpg,africa,36.14602989206711,25.218070384226003,20.70143718274859,-2.045254866282145,5.515491077848351,-6.952141665324195,10.042105515797934,7.430881543929058,8.466394112910404
52,52.jpg,data/processed/wang/africa/52.jpg,africa,48.55213096986214,24.87279366887809,8.450017316268447,3.3131912549336753,12.913284128162386,8.328164631967155,10.404637813568115,10.264698997138828,8.919489754149616
53,53.jpg,data/processed/wang/africa/53.jpg,africa,48.54631790270408,23.247163999312065,-8.652898970483971,-4.622474193572998,11.620136608616992,7.497734499060455,16.766351064046223,11.640117320326823,-1.2650721849973827
54,54.jpg,data/processed/wang/africa/54.jpg,africa,42.2094089910388,26.951360666809812,19.316312277104274,14.848635037740072,17.235146164843098,16.31385484794582,15.75230360031128,11.6243976747915,11.086302180904767
55,55.jpg,data/processed/wang/africa/55.jpg,africa,34.24836161235968,26.36980277228955,23.4629156863337,7.6783294677734375,14.302796132661069,17.99923831937722,4.21507453918457,7.396250267301664,7.9713116981479075
56,56.jpg,data/processed/wang/africa/56.jpg,africa,36.233207335074745,23.880149671999277,20.01502782445082,10.093193054199219,9.519553974723689,6.8424759994487925,10.3358154296875,14.06709083749334,-12.991995129614033
57,57.jpg,data/processed/wang/africa/57.jpg,africa,29.49513339747985,24.943104900712747,23.24995033452958,10.439342498779297,14.89780365775244,15.530195926778338,12.578395366668701,13.454627847667263,15.871708352210291
58,58.jpg,data/processed/wang/africa/58.jpg,africa,36.44806928932667,22.152291553979992,17.420436978423176,9.344433307647705,18.512380220492716,16.71777313803493,14.395417213439941,12.710481147114427,13.247935293564169
59,59.jpg,data/processed/wang/africa/59.jpg,africa,35.303958070774875,24.963611896503437,20.615032814244294,12.119938691457113,9.697337661467422,6.967230535287198,8.156809647878012,8.750982998639124,11.152517040088728
60,60.jpg,data/processed/wang/africa/60.jpg,africa,37.317211305101715,23.305089083823585,19.197759617934224,7.099972248077393,14.640610219374784,13.269006955595206,10.94682248433431,11.457583572241182,12.655181644081516
61,61.jpg,data/processed/wang/africa/61.jpg,africa,42.05602016299963,22.060062123454227,11.086372624672158,7.805578549702962,14.016349262049337,12.991376987808554,13.421367009480795,7.841244116825705,7.451339017638796
62,62.jpg,data/processed/wang/africa/62.jpg,africa,33.590882644057274,24.12055754143264,23.505741731401436,6.943604628245036,12.383730117052592,13.351769517668185,6.364652951558431,8.979988159867496,12.382898067133432
63,63.jpg,data/processed/wang/africa/63.jpg,africa,48.69443898399671,30.778876854427725,-15.914551160424326,-7.9756927490234375,9.599536554934957,-9.43166033400338,14.457091172536215,13.057896651006985,12.102645361444608
64,64.jpg,data/processed/wang/africa/64.jpg,africa,40.02774686863025,27.17227622695318,19.426324890765827,7.766321182250977,5.409292613216512,5.225766696564762,6.746903737386067,8.607974385022935,9.54126201575015
65,65.jpg,data/processed/wang/africa/65.jpg,africa,24.485708090166252,28.139988457348068,30.59388672424606,6.118420282999675,8.96624077638544,9.19998424653452,0.15341758728027344,14.5494188161312,-12.3577887520637
66,66.jpg,data/processed/wang/africa/66.jpg,africa,32.306998036801815,23.49421359515023,15.765715965678808,12.190527280171713,11.49113644015924,5.3392346945969695,10.763779163360596,8.607464414657654,4.499192774436537
67,67.jpg,data/processed/wang/africa/67.jpg,africa,34.35322425017754,21.63026858589877,15.477726955065279,10.833897113800049,11.469903070457603,8.300989596620472,8.770840167999268,9.570894445988255,6.503945593947558
68,68.jpg,data/processed/wang/africa/68.jpg,africa,37.78676918397347,23.448354512824697,10.471561304538895,3.0695196787516275,10.064507461513955,10.84484316565636,2.320709228515625,17.55664389017693,-21.06328437772423
69,69.jpg,data/processed/wang/africa/69.jpg,africa,25.568995376427967,21.362974691603807,22.676094513062385,18.505966822306316,18.84150698031741,17.461639612612295,16.241509914398193,14.859417602667603,12.916726833579103
70,70.jpg,data/processed/wang/africa/70.jpg,africa,41.59950874745846,18.817860154917764,14.21605698806356,-2.7571690877278647,7.1330984373236985,5.426654903206158,5.519457658131917,9.742752635484798,5.914161417375707
71,71.jpg,data/processed/wang/africa/71.jpg,africa,49.513813480734825,22.51726956698775,-14.551324659950208,0.12372732162475586,11.300427247539691,-9.355232751884584,10.134717305501303,13.19127520362172,11.350589115848386
72,72.jpg,data/processed/wang/africa/72.jpg,africa,38.710228788355984,24.786090086687473,15.066320846735945,10.133026599884033,6.166579484365493,4.237586525046673,10.33790890375773,10.144513951049902,6.294459689333923
73,73.jpg,data/processed/wang/africa/73.jpg,africa,71.51766369740169,23.155463460379462,-26.693224773673876,-7.523029168446858,5.739660062106223,3.8475840118170694,3.4942413965861,9.451195683312493,8.117990707769685
74,74.jpg,data/processed/wang/africa/74.jpg,africa,34.212550396720566,21.189405865869542,11.291236116760826,-1.9384897549947102,12.400563062512946,11.953684163156687,7.576714992523193,10.199774933143804,10.187060835381942
75,75.jpg,data/processed/wang/africa/75.jpg,africa,40.483589159945645,24.02440113633807,17.220076920524757,8.684950669606527,7.604698286806293,8.16432466807585,4.147546768188477,5.20824011175661,3.641307363424067
76,76.jpg,data/processed/wang/africa/76.jpg,africa,36.18181260923544,24.990358335617504,20.21805913143733,11.044746398925781,19.72062060614148,19.023229649706906,12.412009080251059,19.407535608308713,19.85002296851472
77,77.jpg,data/processed/wang/africa/77.jpg,africa,43.672966212034225,23.46224856637152,12.215394737324658,6.447446982065837,8.620337189842273,9.088474794353532,8.43299913406372,6.949922255164166,3.8659648555802764
78,78.jpg,data/processed/wang/africa/78.jpg,africa,28.488356433808804,20.231074130741117,18.981615824553977,11.834397157033285,17.406719147981992,18.032323858381645,11.105549335479736,11.73178278349288,11.736230146798162
79,79.jpg,data/processed/wang/africa/79.jpg,africa,76.2780787423253,18.180968702104636,-24.538414525689184,-3.6565279960632324,3.326648447254094,2.723490037004196,-1.8841692606608074,5.9898818541776775,6.258076710887647
80,80.jpg,data/processed/wang/africa/80.jpg,africa,42.03219407548507,24.78505534070273,17.657644947696532,6.707629998524983,17.905438613590842,16.876873145362207,16.234710693359375,14.190194670574586,11.582154520481879
81,81.jpg,data/processed/wang/africa/81.jpg,africa,30.574380420148373,24.624406948192547,23.647511739897762,6.1463942527771,13.32483066578314,17.06541451213654,8.698083877563477,10.616133262269956,9.435475555818726
82,82.jpg,data/processed/wang/africa/82.jpg,africa,30.760443458954494,23.163481961221436,20.6879125469629,8.64445686340332,10.003112852092057,8.285401192580485,8.575290203094482,9.264391185098287,-3.5692921811795966
83,83.jpg,data/processed/wang/africa/83.jpg,africa,29.611816257238388,23.744759461793603,22.195744426895857,6.729890664418538,11.146730480742452,15.146637148310036,5.923690636952718,7.893278432392366,9.428569897848707
84,84.jpg,data/processed/wang/africa/84.jpg,africa,35.23091319948435,26.78194699246816,21.55044543723143,2.647138754526774,5.051134186369446,1.4374814851795192,9.401811599731445,8.708064787354145,9.085052716822553
85,85.jpg,data/processed/wang/africa/85.jpg,africa,29.83646870901187,22.245125069129333,21.424113113195347,3.3110413551330566,12.019517284494814,12.454777792088906,11.948585669199625,11.65705175345355,12.660138980952855
86,86.jpg,data/processed/wang/africa/86.jpg,africa,53.63370329141617,23.803598087992775,-16.116290291019986,2.9174928665161133,9.186424199929872,6.280450207656709,11.352203687032064,14.033594136062176,10.74128349715753
87,87.jpg,data/processed/wang/africa/87.jpg,africa,33.080730959773064,23.688021410406225,20.761611749844082,4.20817756652832,8.524548702740033,6.0322883738614586,13.367502212524414,10.59011093656703,10.209626572488524
88,88.jpg,data/processed/wang/africa/88.jpg,africa,41.386662858227886,18.84054213962081,-8.91161520306596,-0.2594064076741536,9.958513438533073,12.619135677104016,7.008526007334392,21.76260110362473,-12.458021594973896
89,89.jpg,data/processed/wang/africa/89.jpg,africa,32.337168417871,23.388073175480258,22.017156170196387,-4.139640808105469,5.994971949686745,-6.862592607410654,10.699145476023356,8.383637817881583,10.219673887833778
90,90.jpg,data/processed/wang/africa/90.jpg,africa,39.841910637915134,26.923611789186555,18.060502323153372,-9.549955685933432,8.452506675976567,-7.3574692090929865,15.11893097559611,12.718197925019409,11.91014216738057
91,91.jpg,data/processed/wang/africa/91.jpg,africa,38.63062200446924,25.707973599368305,18.357818345800702,2.756221612294515,11.89777870184046,14.880254653302455,6.225662390391032,10.04019689048101,11.490352667420675
92,92.jpg,data/processed/wang/africa/92.jpg,africa,41.494740235308804,20.829823539875765,15.942159138828075,1.8870596885681152,7.106435219419286,4.8820657171372925,4.439554691314697,6.114946566131234,6.20995621267979
93,93.jpg,data/processed/wang/africa/93.jpg,africa,42.01730930556854,27.653806391383817,17.81394683957494,-1.9812148412068684,5.469091655154742,-6.27228420806482,5.553699334462483,7.827565856708787,8.432278421056655
94,94.jpg,data/processed/wang/africa/94.jpg,africa,45.014420648415886,23.685106404613887,16.188736947372046,2.8302696545918784,8.596940277392582,6.647091644718804,11.517971992492676,12.860280603357525,-3.619246599553784
95,95.jpg,data/processed/wang/africa/95.jpg,africa,40.816199531157814,32.09788386606617,19.86076566909211,1.8920528093973796,6.294142108369949,8.629819495206934,2.0811850229899087,10.316491243259547,12.63302723623249
96,96.jpg,data/processed/wang/africa/96.jpg,africa,49.01222797731558,25.05960803384192,12.788849989836852,4.261109511057536,8.597230482593119,7.070675481871783,10.390040556589762,7.230637740121157,4.530363474158305
97,97.jpg,data/processed/wang/africa/97.jpg,africa,41.598293371498585,19.107643004074696,9.134088453875993,7.903842608133952,8.288032381202129,-4.780690678614114,9.5964568456014,7.943243953971323,4.429980618784359
98,98.jpg,data/processed/wang/africa/98.jpg,africa,44.722662617762886,17.66262779959123,9.328881267571877,1.487238883972168,7.063022544524821,7.562575894063276,7.173194249471028,6.199386512526052,-6.892029945626358
99,99.jpg,data/processed/wang/africa/99.jpg,africa,33.89557575186094,22.336359636691714,18.759095065148642,4.579214255015056,9.21898216656479,9.401480546539677,7.334974765777588,6.616074173943339,6.0610183516045435
100,100.jpg,data/processed/wang/beach/100.jpg,beach,42.587341306110226,23.153577039940796,12.48942313478149,9.163828372955322,11.037052686100324,11.94060361972187,0.4353610674540202,19.81285866083108,11.71175034808196
101,101.jpg,data/processed/wang/beach/101.jpg,beach,65.9140057861805,17.94333748279,-19.10968642698203,-2.3064425786336265,5.9318776606589285,9.002665743820515,-9.782359759012857,18.33036880222761,-13.638385101314764
102,102.jpg,data/processed/wang/beach/102.jpg,beach,55.56533864388863,15.003346721414859,-13.692015134406773,-7.71236515045166,5.668892080261994,5.682799052062821,-5.520732561747233,12.109385965599827,-4.893578449396137
103,103.jpg,data/processed/wang/beach/103.jpg,beach,45.03285624086857,22.583237593293592,-13.646590458746768,5.909931659698486,5.956958206477254,6.717209863449858,-3.0468546549479165,21.54463558451375,-13.915438723553844
104,104.jpg,data/processed/wang/beach/104.jpg,beach,58.53717066347599,16.598555938979825,-16.42950951894788,-1.0644505818684895,6.2851920603976845,5.85867084482131,-11.848073959350586,16.791796015870364,-19.18540137365435
105,105.jpg,data/processed/wang/beach/105.jpg,beach,32.14191813021898,19.254312885023104,15.379892922515634,23.296331723531086,19.883675592069594,15.36421978852546,2.7556662559509277,21.867460635821924,-15.389817283905025
106,106.jpg,data/processed/wang/beach/106.jpg,beach,56.475541492303215,20.289817274163298,-16.23105390447629,3.305790742238363,5.529657232428904,6.031280583098223,-9.908077716827393,26.416533867807185,-22.1219756685717
107,107.jpg,data/processed/wang/beach/107.jpg,beach,53.545559011399746,20.859038847298493,-19.910802917424782,-7.25472625096639,10.746688292550292,9.442587673689214,-2.1544949213663735,13.17526130710702,-4.4940389641435985
108,108.jpg,data/processed/wang/beach/108.jpg,beach,51.43180210143328,15.895952996930964,-15.892789959549486,-0.6783750851949056,10.872931037238848,12.076787974563835,15.194710731506348,8.187779836172064,-10.365806368384785
109,109.jpg,data/processed/wang/beach/109.jpg,beach,35.20179018378258,27.06230262209423,14.17134994984117,0.11043898264567058,5.480098886390223,-4.874032915866033,2.270075956980387,9.704831049902443,-8.91232213544381
110,110.jpg,data/processed/wang/beach/110.jpg,beach,33.86789417515198,18.468809981178218,15.930151933422454,2.4132822354634604,8.017441270965055,8.32436385168815,-1.064175287882487,15.795402835727453,-13.41119874954962
111,111.jpg,data/processed/wang/beach/111.jpg,beach,36.38406042009592,18.94706647448698,15.492817969915919,3.3284201622009277,12.94862334836638,10.35464145849885,-18.698402245839436,27.461105847648017,16.363397370829603
112,112.jpg,data/processed/wang/beach/112.jpg,beach,42.86589423815409,19.330511294054105,12.713922941360345,8.110075950622559,11.638124363993178,7.045160154853852,-19.416452407836914,28.895964002900342,-21.683612678991167
113,113.jpg,data/processed/wang/beach/113.jpg,beach,44.3623473867774,18.517546339844138,-13.766672072103951,-0.5753731727600098,2.041385395611282,1.6158413588784315,-12.097709496816,7.523613950845868,6.699618264110324
114,114.jpg,data/processed/wang/beach/114.jpg,beach,33.832462690770626,25.929211288281675,24.334799831175303,-0.4034414291381836,8.757693759489195,7.670074939572043,-2.1853391329447427,15.611708436638807,-17.32965427605264
115,115.jpg,data/processed/wang/beach/115.jpg,beach,46.610200218856335,24.204126542093828,-12.776973152610246,-10.115100542704264,9.481981354879423,11.967712713982912,2.6360696156819663,8.743672472673358,8.02014151326954
116,116.jpg,data/processed/wang/beach/116.jpg,beach,35.217104417582355,19.90099659377338,18.007053442969955,10.795852343241373,7.135969709898771,9.217539897603071,-2.9107208251953125,17.39596713482365,-9.739244479410683
117,117.jpg,data/processed/wang/beach/117.jpg,beach,60.98573934286833,20.818863860704283,-22.044316453102347,-2.950173536936442,4.952922367999792,4.614054555830887,-3.4711454709370932,8.337294441066728,-3.7520641565691113
118,118.jpg,data/processed/wang/beach/118.jpg,beach,49.52574800699949,20.42847779704059,-8.186259017547357,3.4329589207967124,3.331213981962538,-2.3941533579016765,-6.683620134989421,10.349950571420102,5.4930305866220674
119,119.jpg,data/processed/wang/beach/119.jpg,beach,49.19833416740099,25.638768060099192,-19.559302837940418,-3.7769503593444824,5.413202498470278,-6.911116206403974,-1.484354813893636,17.550725730546393,-14.117569268842296
120,120.jpg,data/processed/wang/beach/120.jpg,beach,51.66724963734547,17.918412302866574,-16.587234285071407,-0.3958263397216797,3.445550705137617,-2.8081668551929444,-0.32448657353719074,10.975340050723362,10.556674745887928
121,121.jpg,data/processed/wang/beach/121.jpg,beach,34.746051828066506,21.95743898023048,21.718691869779406,6.783058484395345,4.121615954115495,1.8739289342351968,-8.742233435312906,9.606463225460718,4.555155466845212
122,122.jpg,data/processed/wang/beach/122.jpg,beach,44.521854942043625,19.3395731648673,-10.071044002692846,-5.796146869659424,5.182514130832699,8.224817931953801,-13.851398944854736,13.097096801380609,8.132933996149923
123,123.jpg,data/processed/wang/beach/123.jpg,beach,62.34214479724566,15.552295832860446,-17.450262668541427,2.7313899993896484,6.781415123230751,9.869685783558865,6.5671437581380205,14.195980491851667,-16.771790449452773
124,124.jpg,data/processed/wang/beach/124.jpg,beach,49.02220101406177,24.358689615048625,11.477690744165416,1.444810390472412,4.896898737386506,7.7362871609641255,1.3719876607259114,12.21996631408451,-10.83320316288438
125,125.jpg,data/processed/wang/beach/125.jpg,beach,47.72494677454233,17.88053601912186,13.212813473573187,-2.5977578163146973,11.106231004627068,15.66587544430644,-2.714151700337728,11.88827963928826,14.55413391956585
126,126.jpg,data/processed/wang/beach/126.jpg,beach,59.56217317531506,10.39531199453191,-8.364762443347445,-5.217716534932454,7.852830026008946,3.661498481251316,-18.09597937266032,27.50644617998372,26.901389047221656
127,127.jpg,data/processed/wang/beach/127.jpg,beach,53.184012261529766,13.273549163419288,-13.181448204024376,-2.4737761815389,3.6791363584733316,3.8936327129924697,-12.579156875610352,10.510693390742883,9.308916908282958
128,128.jpg,data/processed/wang/beach/128.jpg,beach,48.90986296037833,24.441122842335833,-19.47033203015034,-2.705132007598877,4.605458641925793,4.957151178056771,1.0413180987040203,10.180289889308943,-7.679635726734137
129,129.jpg,data/processed/wang/beach/129.jpg,beach,40.079884603619576,18.5627143907307,16.575532182003926,0.20055103302001953,5.11271491878988,6.148535878146195,-1.6732791264851887,7.485348514414523,4.520563935756918
130,130.jpg,data/processed/wang/beach/130.jpg,beach,59.37325476358334,16.87043087821417,-16.239980325653107,-0.43734995524088544,6.310636803876537,-7.8552209666997435,8.059082984924316,17.666305122837908,8.722152975149893
131,131.jpg,data/processed/wang/beach/131.jpg,beach,59.97757141788801,18.772804590715705,-21.913555495947705,3.3912343978881836,2.7382915750891983,-2.5424615483126836,1.1835571924845378,11.710973207537426,-10.91305220265956
132,132.jpg,data/processed/wang/beach/132.jpg,beach,43.06631622215112,18.2721152212147,14.698173125441652,6.85032335917155,8.63536060261053,3.2324807017990107,-8.373977661132812,29.35874917468066,13.848081442233546
133,133.jpg,data/processed/wang/beach/133.jpg,beach,35.94850916415453,18.660441625871822,16.753417114876967,0.12772734959920248,9.069736005391253,-4.248005261050789,-15.246325174967447,25.178561336081177,18.061789501643055
134,134.jpg,data/processed/wang/beach/134.jpg,beach,45.11886717130741,18.20707354629229,-10.010451077804628,-1.918710708618164,6.771556329090599,4.3459669394676395,-6.831579208374023,15.029355277159809,-11.329366060770075
135,135.jpg,data/processed/wang/beach/135.jpg,beach,33.958118284742035,18.26425347626364,16.095314568561,1.469667116800944,7.34958179473215,6.856526975239584,-19.91959031422933,14.160007087380988,12.157328512197413
136,136.jpg,data/processed/wang/beach/136.jpg,beach,47.802166640758514,16.07276483149503,-8.00751396491199,-4.055515607198079,8.704716862145855,7.781390819933565,-2.872929255167643,25.03162201740241,-20.632614792309447
137,137.jpg,data/processed/wang/beach/137.jpg,beach,50.067676355441414,15.748165209006155,-16.99569251870176,-0.8357553482055664,4.978241542067481,7.395306091253772,1.0354413986206055,14.519767383028508,-13.208988378861033
138,138.jpg,data/processed/wang/beach/138.jpg,beach,56.87729896356662,13.363381766543009,-14.842074084793133,-4.958613554636638,8.615094280722811,-7.495513710455441,-17.126885732014973,16.565490024221255,16.71169054603952
139,139.jpg,data/processed/wang/beach/139.jpg,beach,58.817967089513935,18.96238703688032,-21.019867718805514,-1.588697115580241,2.790216621907592,4.356190612702083,7.943495273590088,9.832554165403781,-10.313034664885812
140,140.jpg,data/processed/wang/beach/140.jpg,beach,45.34946419298649,25.343468079805472,-15.911804269018912,0.07023207346598308,11.662168625788308,18.798079071870852,-4.882641156514485,9.045051760236719,9.814037677534914
141,141.jpg,data/processed/wang/beach/141.jpg,beach,31.655780660609405,19.04583808838813,18.728679036962106,4.5713880856831866,5.491650621631383,-2.800423634412546,-10.04527203241984,21.367456352661392,15.124064127551563
142,142.jpg,data/processed/wang/beach/142.jpg,beach,35.4199830442667,18.017508176333063,14.91165924060498,-0.618839422861735,14.498230080140585,16.941372469976734,-4.999009768168132,25.21052470809424,15.047938056142392
143,143.jpg,data/processed/wang/beach/143.jpg,beach,36.64301671087742,16.28166647428573,10.145151004304472,1.775222619374593,7.180171977340754,-6.381545781594097,-17.21379788716634,18.688144576341706,20.421839607749558
144,144.jpg,data/processed/wang/beach/144.jpg,beach,54.39692077537378,24.164454950726824,-14.52957965977048,-4.2966376940409345,3.6121247127446114,4.682568002569366,8.226521968841553,8.86364381133776,-4.443106847327382
145,145.jpg,data/processed/wang/beach/145.jpg,beach,46.831012020508446,19.18518402141788,-17.61555277705871,1.0000060399373372,2.10778228062337,-1.322155646371308,-1.0525635083516438,5.66044168726525,7.520545117805618
146,146.jpg,data/processed/wang/beach/146.jpg,beach,46.88071180135012,17.19241756212587,-7.726547447384376,-2.2850747108459473,3.3011512943269614,4.109508558607025,-5.966327508290608,18.21768817144098,8.132916345911395
147,147.jpg,data/processed/wang/beach/147.jpg,beach,38.59569672495127,18.478836507935462,11.951227258129272,0.6195797920227051,8.701983586962118,11.211566422298734,3.9975830713907876,18.718109329648414,-15.420616798578044
148,148.jpg,data/processed/wang/beach/148.jpg,beach,52.76511584719022,18.991008618394897,-10.27328969742554,-3.6209959983825684,6.7398374858761825,9.952627560643126,-5.558145523071289,14.858440731739629,-8.042176177878776
149,149.jpg,data/processed/wang/beach/149.jpg,beach,48.38895077506701,12.781342720082861,-12.113052349945715,-2.7227646509806314,3.9281760217593793,-2.6834128094921366,-7.619422435760498,16.098525357219735,-7.304272386737893
150,150.jpg,data/processed/wang/beach/150.jpg,beach,48.15832767635584,18.289347035831405,-16.78543991864587,0.9783892631530762,5.126427793763016,7.926945264481834,-6.361626625061035,11.431940697178014,-7.984773040281445
151,151.jpg,data/processed/wang/beach/151.jpg,beach,34.178206572930016,14.36068302022799,8.525582463533585,-3.0763270060221353,4.648937066615403,-1.9380311468876745,0.19661331176757812,14.309541064346071,5.658088342854549
152,152.jpg,data/processed/wang/beach/152.jpg,beach,60.834111335376896,13.511844513779893,-17.34999350340461,-0.4957602818806966,8.027777743805098,14.891017626632038,0.6519028345743815,9.905891124992017,15.514472116297362
153,153.jpg,data/processed/wang/beach/153.jpg,beach,40.43334896365801,22.523731913134117,-7.884973727182537,-7.3679196039835615,5.909526959153464,-3.952576198773912,11.237637201944986,7.413509792970996,5.907826951691662
154,154.jpg,data/processed/wang/beach/154.jpg,beach,46.088577434420586,21.782686956382566,8.294431034239313,2.278374989827474,12.381247537460006,6.535833995323113,-12.98869800567627,21.36816516612357,-14.881012994714606
155,155.jpg,data/processed/wang/beach/155.jpg,beach,40.99543088426193,14.455223869747545,14.04495515181752,5.885257720947266,1.235798845995603,-1.2816109369445208,-1.9548786481221516,11.806868680558658,-12.249915420958757
156,156.jpg,data/processed/wang/beach/156.jpg,beach,43.46699621528387,14.046500052474034,-5.962048967892937,-0.9966160456339518,7.258070387698307,7.9454990529440614,-12.541471163431803,14.412868244035051,13.32992219477994
157,157.jpg,data/processed/wang/beach/157.jpg,beach,48.33643256376187,14.77040566793354,7.762833144585414,-5.636994202931722,4.30498498561092,3.2938821186698286,-17.185036818186443,12.434976072867707,11.220884125739596
158,158.jpg,data/processed/wang/beach/158.jpg,beach,44.586008973419666,18.233322697525246,-17.11800680296208,-0.3175803820292155,4.724632599128946,6.8941543290085185,-2.9109298388163247,12.472397176492924,11.674744414531444
159,159.jpg,data/processed/wang/beach/159.jpg,beach,55.60642344256242,18.351725362195538,-17.23413040516473,1.8864316940307617,4.452657739156469,3.6675451282769265,-10.743724664052328,17.729177240843722,10.718349297582975
160,160.jpg,data/processed/wang/beach/160.jpg,beach,40.799737411240734,26.62497927011222,13.794649824769046,-0.6856290499369303,6.932791901107652,10.326745745182961,8.60498841603597,8.123783768214787,10.374164799154489
161,161.jpg,data/processed/wang/beach/161.jpg,beach,47.563747937480606,8.392604829060513,-7.366216363063968,-0.058963616689046226,8.76601224291782,13.989652088341959,-16.903072039286297,12.88001543928102,12.13762200837223
162,162.jpg,data/processed/wang/beach/162.jpg,beach,45.12972782055537,19.532056501469565,-13.523608080356507,1.903458595275879,7.320140364096198,5.757991280988449,-15.877383867899576,23.991080466734466,5.475399123643971
163,163.jpg,data/processed/wang/beach/163.jpg,beach,60.86086668074131,15.10100703326409,-15.802968629742717,-8.628283818562826,6.3494792851772015,6.860545503377033,-4.889820098876953,8.245559898444474,-8.102079392846798
164,164.jpg,data/processed/wang/beach/164.jpg,beach,35.90043491373459,18.786545838043423,12.670749650812295,4.257798194885254,4.180615468242935,5.359473249969191,0.1720269521077474,10.00874515581793,7.558507642501281
165,165.jpg,data/processed/wang/beach/165.jpg,beach,40.45477590213219,18.353836369632464,8.549502499002864,6.23198938369751,6.102289205281868,8.018768942590981,-7.367738087972005,16.05093840240572,-6.678313213286815
166,166.jpg,data/processed/wang/beach/166.jpg,beach,43.74444565425316,20.13460958699083,-7.830648780930865,1.6162172953287761,5.115636477660385,-4.546263346983231,-6.744026819864909,15.424193752562784,-9.318210165810747
167,167.jpg,data/processed/wang/beach/167.jpg,beach,33.72980896383524,21.468029162373455,12.185012446138469,-12.013757546742758,10.821519714197276,-7.871007808851367,3.924276034037272,6.9996512769504955,7.328425176409035
168,168.jpg,data/processed/wang/beach/168.jpg,beach,37.90358634044727,21.303254439901433,14.513026740545783,1.7670127550760906,3.448708213683096,2.7128786858429432,-8.545433203379313,16.38014064561358,-14.410930476966644
169,169.jpg,data/processed/wang/beach/169.jpg,beach,41.08951911330223,21.073858246832668,14.252813530543847,-0.02601766586303711,6.281389169162406,10.470159745745175,-8.43364175160726,14.960101324712348,-7.243518975132288
170,170.jpg,data/processed/wang/beach/170.jpg,beach,41.09627604484558,19.768027214326615,9.609969522008534,-6.829458395640056,4.689426357724403,3.069422351663267,3.1033883094787598,11.86671135350077,-7.455965964411963
171,171.jpg,data/processed/wang/beach/171.jpg,beach,33.35823155939579,16.791344313866148,10.192869385304537,-3.1495814323425293,4.18545510085543,4.673608479035752,-1.6527625719706218,17.00991618769637,-15.748927596872194
172,172.jpg,data/processed/wang/beach/172.jpg,beach,38.44583034515381,15.305880556757618,12.079016968682351,0.7403670946756998,13.949953890381018,17.93229379283663,4.828870137532552,24.37199297957826,17.15678192367789
173,173.jpg,data/processed/wang/beach/173.jpg,beach,46.23386481155952,17.49761323113944,13.959049093250725,-1.7943960825602214,7.818065919511353,10.584982135356952,-9.525915304819742,15.38261860614232,14.682368093796015
174,174.jpg,data/processed/wang/beach/174.jpg,beach,41.40584288785855,16.72553860146586,11.15111311538989,3.2391180992126465,6.533281765549616,6.945580485872512,8.314154307047525,11.725602904481534,-8.851335457047057
175,175.jpg,data/processed/wang/beach/175.jpg,beach,39.711291156709194,20.72435244194269,13.09792400593388,-4.088747501373291,6.029719367804953,-5.245173927936535,-1.1782905260721843,17.68236767585907,-16.120009359695345
176,176.jpg,data/processed/wang/beach/176.jpg,beach,47.053651635845505,16.874072538269836,-11.649184354196596,2.6913633346557617,3.7891009149401373,4.226073643604734,-10.30210510889689,19.09205718743888,15.00844984597917
177,177.jpg,data/processed/wang/beach/177.jpg,beach,46.82760518044233,17.77435541298477,-16.369251020446615,3.6579572359720864,5.2491782557178945,3.889155722671056,-14.128489971160889,23.2374231533457,11.154228192565022
178,178.jpg,data/processed/wang/beach/178.jpg,beach,38.03770815332731,22.2510573225553,19.204457645408453,-2.5294747352600098,5.1328052407508915,-4.880236005062338,-4.206088542938232,14.274813208922973,-10.215691807286401
179,179.jpg,data/processed/wang/beach/179.jpg,beach,42.02354972561201,18.757908513008413,-15.04903539153744,-1.9833796819051106,8.203124704074606,12.081881584432653,-10.804333845774332,17.936863461887402,13.948003104939698
180,180.jpg,data/processed/wang/beach/180.jpg,beach,48.524438527723156,13.327580956854733,-11.274780221171955,-1.8243637084960938,6.7229626780870815,4.092819697658442,-18.28586784998576,22.180554995480858,17.159830425451737
181,181.jpg,data/processed/wang/beach/181.jpg,beach,34.582312094668545,18.840882079752884,16.517292961356564,0.1087176005045573,5.9003390630114065,5.112585257414632,-5.664633591969808,19.059121845434728,-10.409663467930477
182,182.jpg,data/processed/wang/beach/182.jpg,beach,27.039308287203312,22.10504471760047,18.071408699320234,-5.605728467305501,6.376342921412806,7.803574364204394,5.2054009437561035,7.220921616603983,-9.209532514649926
183,183.jpg,data/processed/wang/beach/183.jpg,beach,37.427267245948315,14.319925490799667,12.490699417659854,-7.742275238037109,5.396271518817515,-3.581834063365817,-5.409542401631673,15.467330098511724,11.568396478710032
184,184.jpg,data/processed/wang/beach/184.jpg,beach,48.74923638999462,15.399326825915976,-12.81274332259509,1.8004275957743328,5.2169876704380584,8.668103061438938,-14.318059603373209,18.245074573174104,15.797431499969061
185,185.jpg,data/processed/wang/beach/185.jpg,beach,54.65207056452831,18.787893336388557,-12.710649334709768,-3.5369582176208496,4.861921018845442,5.6115249572144865,8.152984460194906,21.06142204141087,9.504750591682932
186,186.jpg,data/processed/wang/beach/186.jpg,beach,36.642287423213325,12.072571464004822,-6.037502600545798,-1.186967372894287,12.312392612412015,-9.789166663029508,-7.3297319412231445,22.901393032095704,11.812671196570992
187,187.jpg,data/processed/wang/beach/187.jpg,beach,37.78071912626425,20.904834343353084,10.883399265407192,-3.339824358622233,5.670129391970821,-4.048437917264218,-1.476895809173584,14.745115029507083,-10.690167600989357
188,188.jpg,data/processed/wang/beach/188.jpg,beach,38.62572945654392,21.927589191191753,13.829450081768705,-1.7173151969909668,1.8061710620869107,-1.746138700441756,-1.5605851809183757,9.017024109153231,-8.263315033657078
189,189.jpg,data/processed/wang/beach/189.jpg,beach,25.02804920077324,22.13356342755198,21.59945327656391,3.78670597076416,5.805579214965098,5.907532112719691,-2.2397336959838867,14.809972541526394,-10.983203364051743
190,190.jpg,data/processed/wang/beach/190.jpg,beach,43.53676103055477,22.913712123675264,7.940915793697534,5.376242796579997,6.6401119297794,6.04259553295694,13.209102312723795,8.830832400989172,-10.17476582917516
191,191.jpg,data/processed/wang/beach/191.jpg,beach,48.548046251138054,14.110057810606799,-12.701057558735313,6.635074615478516,6.302923987457292,10.786748739859569,-8.889960447947184,21.571930874409986,16.414343645038784
192,192.jpg,data/processed/wang/beach/192.jpg,beach,53.42027128984531,15.04771496614334,-17.05438731562809,-3.207737445831299,4.6776866160981125,-4.219564446083666,-15.623748779296875,12.077747449655797,11.2324671863741
193,193.jpg,data/processed/wang/beach/193.jpg,beach,48.34640249609947,23.698019479982175,-13.97962695986349,2.6280829111735025,9.441419382451405,11.228432763817018,2.930474122365316,16.31085400151534,-15.674442272812371
194,194.jpg,data/processed/wang/beach/194.jpg,beach,49.96679679801067,17.27179620840715,11.293397038227363,3.2906746864318848,8.71105956367621,7.159108161176055,-17.32602294286092,20.54448603736552,13.823559288490886
195,195.jpg,data/processed/wang/beach/195.jpg,beach,47.670136826733746,15.174800845366297,-15.71750143876412,7.98606538772583,3.5883390652919998,-2.4812938104879345,-15.027347246805826,16.264412807214494,-5.303821279422616
196,196.jpg,data/processed/wang/beach/196.jpg,beach,39.61268191536268,25.64064022309505,18.621291121030964,0.0005257924397786459,5.300578431073487,5.7516445060598596,0.9650917053222656,9.506092422588756,-7.883124457673963
197,197.jpg,data/processed/wang/beach/197.jpg,beach,41.798435586194195,18.64165217347084,-16.586004307219945,-3.841271241505941,3.6533489425017027,4.753491114862198,-1.3844656944274902,8.697262220002665,-7.235290956318837
198,198.jpg,data/processed/wang/beach/198.jpg,beach,52.324959759910904,20.611579486612225,-21.64800758088644,-6.1560947100321455,5.473093343322891,6.2738007525110895,-2.750816980997721,8.453702704062326,6.320038778547865
199,199.jpg,data/processed/wang/beach/199.jpg,beach,48.60414074112972,19.210390184902128,-12.416024453933995,1.5096298853556316,8.198404061763352,-4.284025122441066,4.846836407979329,18.264298707294188,-16.54222717186444
200,200.jpg,data/processed/wang/buildings/200.jpg,buildings,33.47573118905226,19.215743386208448,-9.460037999960779,-1.8926955858866374,3.431142199689202,1.4608633028346742,2.9651713371276855,13.32590128222979,-9.81655590528807
201,201.jpg,data/processed/wang/buildings/201.jpg,buildings,34.764186603327595,28.528732861092855,17.26362940971191,-3.0900920232137046,3.875274984340977,-3.5966993091247685,0.3155673344930013,5.693156377930551,-4.4490116435238924
202,202.jpg,data/processed/wang/buildings/202.jpg,buildings,51.46346613764763,21.08294210732899,-20.173544376163143,1.58483091990153,4.632252181903853,-3.3391178730974973,-12.193254152933756,20.658946624864686,5.987480839283959
203,203.jpg,data/processed/wang/buildings/203.jpg,buildings,40.60310528924068,25.566574182820897,-14.098925405367016,1.4098598162333171,2.9527281002131867,1.528733773494722,2.9139901796976724,16.763475822050903,-17.585482110898923
204,204.jpg,data/processed/wang/buildings/204.jpg,buildings,45.71961270024379,19.793827153168152,-15.80538012663456,4.339597860972087,3.9005599449676187,-2.3015647557034993,-3.4012813568115234,22.634637010489314,-23.55347661012342
205,205.jpg,data/processed/wang/buildings/205.jpg,buildings,43.66526175290346,20.70135811654804,2.8385917306510926,5.952681541442871,6.624588732957661,5.132100534975111,-19.154311656951904,23.510752067849687,7.320444302918269
206,206.jpg,data/processed/wang/buildings/206.jpg,buildings,36.38637109349171,25.426963447029085,11.807830352499362,1.2222827275594075,3.079881143256914,3.768590514129533,4.628053983052571,12.212796190646936,-15.409274989008976
207,207.jpg,data/processed/wang/buildings/207.jpg,buildings,47.657797299325466,32.89948246601212,-16.314578661477942,0.8474882443745931,2.584951395279588,3.226755458379797,5.900736331939697,5.722240705912961,5.34373635328688
208,208.jpg,data/processed/wang/buildings/208.jpg,buildings,34.82067262132963,27.704090475012755,18.972366246534612,0.1996134122212728,2.457628252281671,-0.6507407440644895,6.958691279093425,4.889142528888084,2.8524192641631974
209,209.jpg,data/processed/wang/buildings/209.jpg,buildings,44.79796141386032,30.395783049104693,20.441880886858613,0.24719794591267905,3.7432931268747995,-2.745293546855099,3.3493380546569824,9.98421479157924,9.993153538739318
210,210.jpg,data/processed/wang/buildings/210.jpg,buildings,42.82380808144808,29.10690406521311,17.480105291541022,-1.2188822428385417,4.7360450195853145,-2.9823950202478997,6.932201544443767,9.438612068344609,8.926673382675414
211,211.jpg,data/processed/wang/buildings/211.jpg,buildings,42.38171372562647,30.297034536004475,14.980329588184826,3.6438026428222656,4.749703661622858,5.3511161066142625,-3.75667667388916,15.81754535780155,-18.72382057541094
212,212.jpg,data/processed/wang/buildings/212.jpg,buildings,38.269889913499355,26.092628196566753,16.40757405334731,-0.7535985310872396,4.83672003864176,-4.0771908583719885,11.193469365437826,9.554123614145412,6.17028012240687
213,213.jpg,data/processed/wang/buildings/213.jpg,buildings,29.372261837124825,19.736442774009035,21.03606773031217,4.139853159586589,4.85788175001535,2.9362110288784953,-18.32109260559082,16.5420821483338,14.428910592785815
214,214.jpg,data/processed/wang/buildings/214.jpg,buildings,37.67107377449671,20.073985610786625,14.678205337510528,5.903965473175049,5.481378592050538,-2.6405047759439206,-23.13682810465495,21.053237956154938,14.909017082949282
215,215.jpg,data/processed/wang/buildings/215.jpg,buildings,39.34550962100426,23.23233380961076,-12.472943638928086,3.2506415049235025,5.352094186302648,-3.474341498230845,-14.389365037282309,23.800853628641185,-8.94583334531655
216,216.jpg,data/processed/wang/buildings/216.jpg,buildings,43.33590337385734,32.662104517644366,17.197383203881486,2.7240257263183594,4.763337998523201,5.661153468716755,-1.888418197631836,14.020643498288619,-17.520667731675978
217,217.jpg,data/processed/wang/buildings/217.jpg,buildings,43.15654654055834,29.05894729881843,-13.339323521974404,0.9188687006632487,4.456640729834426,-3.276340003463618,7.4830215771993,10.848122977332098,-8.93204239490052
218,218.jpg,data/processed/wang/buildings/218.jpg,buildings,45.70301572481791,26.89817298334867,-19.411541150061005,1.4530919392903645,5.570443335882971,-3.812650390403525,12.109638532002768,30.17131033720973,25.115324072285148
219,219.jpg,data/processed/wang/buildings/219.jpg,buildings,48.31954215963682,24.076438798689633,-20.97585865777829,3.119734764099121,3.5781875981635944,1.5101226140982478,-2.308821360270182,18.992480619610763,-16.529921771189017
220,220.jpg,data/processed/wang/buildings/220.jpg,buildings,41.43935106694698,19.796824142705017,16.195412311906672,11.777952353159586,6.3010442915666784,-4.49013433849791,-30.6671036084493,20.337755556141087,20.771153553833557
221,221.jpg,data/processed/wang/buildings/221.jpg,buildings,50.848560594022274,26.304502982738118,-21.195961295788123,-1.3679728507995605,2.2530072377057917,3.823799271542619,4.968428134918213,5.793436506821229,-10.075656761650968
222,222.jpg,data/processed/wang/buildings/222.jpg,buildings,43.34374976654848,21.25943127828581,-11.505386891543008,4.106204191843669,3.878898572806936,-3.385974679492203,-0.9688444137573242,18.74038262761082,-21.310243189244165
223,223.jpg,data/processed/wang/buildings/223.jpg,buildings,34.58192224303881,31.904606582101476,27.68169664985571,-2.9219342867533364,5.473125727514473,-4.149244505896024,7.868793964385986,10.279977485987272,10.421702592552425
224,224.jpg,data/processed/wang/buildings/224.jpg,buildings,38.98650519549847,20.955504208584763,9.511176442588994,8.39048719406128,7.006391852498796,-5.537983898377922,-25.987102508544922,24.805145766490053,21.700755248122867
225,225.jpg,data/processed/wang/buildings/225.jpg,buildings,38.51261846721172,25.142744292833246,20.502330806351143,-2.005913734436035,4.087205445248473,2.6258898362542267,3.7316393852233887,9.208178561296227,4.265277133002426
226,226.jpg,data/processed/wang/buildings/226.jpg,buildings,49.14021044969559,25.963980476612054,-14.97692548064165,0.30992650985717773,5.0800208573564944,-4.259366324132394,4.287627538045247,10.838249224315087,-8.270885996996903
227,227.jpg,data/processed/wang/buildings/227.jpg,buildings,31.626976157228153,22.861130504179997,15.960625674403433,5.132848898569743,5.371869746584018,1.6418281966394552,-6.672414302825928,24.6433864512376,-17.60982339783129
228,228.jpg,data/processed/wang/buildings/228.jpg,buildings,32.093836242953934,26.16733181256199,17.704498402017435,3.517930507659912,4.587088245225025,3.010801990146196,-3.163173039754232,19.14526481519256,-19.169598828538078
229,229.jpg,data/processed/wang/buildings/229.jpg,buildings,41.898005331556,24.466161955862816,-14.932290878642467,5.695562362670898,7.0498619087592695,7.461913396431985,2.9749600092569985,22.050254838244463,-18.140529846770207
230,230.jpg,data/processed/wang/buildings/230.jpg,buildings,41.650291035572685,26.290318667482946,-9.888032329915344,4.2005235354105634,5.127573897305766,4.074652435221324,2.65618101755778,19.042092639304883,-18.116955010620895
231,231.jpg,data/processed/wang/buildings/231.jpg,buildings,37.6269007101655,23.816909913402505,16.54498918966049,7.250016848246257,5.866778745496809,6.0492116522921515,13.43216323852539,10.28250496823117,-4.958853449596372
232,232.jpg,data/processed/wang/buildings/232.jpg,buildings,40.23401389519373,21.882708698295257,-9.160096956651625,0.14907026290893555,2.2270629112919385,1.5482630092899643,-7.058891614278157,12.603728498962916,-12.365789317799367
233,233.jpg,data/processed/wang/buildings/233.jpg,buildings,33.64459772904714,24.389733608966264,18.875771578979986,-0.8395620981852213,3.185259195033821,-3.210412001575701,3.7607665061950684,3.1917898726453116,1.8681141986976317
234,234.jpg,data/processed/wang/buildings/234.jpg,buildings,16.44514494886001,13.363864985085838,7.134159468158579,16.7905166943868,14.2810288554491,-7.242574675537997,14.854928811391195,13.272457578634262,6.183845377532737
235,235.jpg,data/processed/wang/buildings/235.jpg,buildings,41.009356205662094,21.33912074895036,10.310733514607591,-4.405643781026204,4.112747405298279,2.290776449091884,3.2004194259643555,17.94157052835413,8.104681357082544
236,236.jpg,data/processed/wang/buildings/236.jpg,buildings,35.22460789730152,19.70569268911625,13.123327647441254,1.0912917455037434,3.8206952730703714,-2.834064125189742,15.697164376576742,8.24533455552827,-7.172054025017828
237,237.jpg,data/processed/wang/buildings/237.jpg,buildings,48.144435323774815,25.828498486042122,-16.872309215685778,0.0867910385131836,2.4859956590748764,-2.6264643895903683,4.824098428090413,4.661950906732802,4.262077769915866
238,238.jpg,data/processed/wang/buildings/238.jpg,buildings,41.03620226184527,22.631080449444326,-8.430473491188327,7.5946048100789385,8.068220287374977,7.6332457781030865,8.78903341293335,16.548008310032742,-18.0912881168595
239,239.jpg,data/processed/wang/buildings/239.jpg,buildings,45.1784236356616,19.20588180682838,-14.020206284981422,5.20356543858846,4.007075773374334,-1.960013823336518,-15.285260995229086,23.581653489952398,5.929611996127237
240,240.jpg,data/processed/wang/buildings/240.jpg,buildings,38.25863742580017,26.21467573088839,17.589830360847014,1.831426461537679,4.350782669312237,3.7691700620857436,8.895997365315756,7.913628335703557,2.7400671480954175
241,241.jpg,data/processed/wang/buildings/241.jpg,buildings,44.07463067521652,20.337447665055024,-15.998764412222371,3.9823638598124185,4.165925919450235,2.566481450964166,-11.072668552398682,23.007389733364285,-14.158108084239853
242,242.jpg,data/processed/wang/buildings/242.jpg,buildings,44.2294022689263,16.8521673604351,-6.83920497143367,6.409654458363851,4.954306358335446,2.330325267061681,-21.45631472269694,23.684192859999893,17.64481547617633
243,243.jpg,data/processed/wang/buildings/243.jpg,buildings,39.935358675817646,22.965161933675866,13.147663392715607,3.3792060216267905,4.707243573164856,4.38937865246929,-7.920822938283284,20.60607308375843,-19.6482733800985
244,244.jpg,data/processed/wang/buildings/244.jpg,buildings,37.242307141423225,22.45842281246302,16.061092080745887,4.010365645090739,5.724304151447921,4.899829412463033,-9.146061102549234,22.222538787328347,-18.50239669492606
245,245.jpg,data/processed/wang/buildings/245.jpg,buildings,12.780734524130821,14.479438835016852,20.257251358643604,0.3085751533508301,1.780713785871186,-1.1138413885005396,6.079348087310791,7.539200602742989,8.03792724761337
246,246.jpg,data/processed/wang/buildings/246.jpg,buildings,48.80098837117354,23.12522248003402,-9.829772924386713,4.31108554204305,3.4535524028319706,3.2325884871012214,-3.916358788808187,8.472540795092716,3.371311327344746
247,247.jpg,data/processed/wang/buildings/247.jpg,buildings,34.278721176087856,24.228187084483107,20.42465809708356,-2.698939482371012,5.886432035125246,-3.878078530076151,7.5487368901570635,7.443164809908689,5.453961179359147
248,248.jpg,data/processed/wang/buildings/248.jpg,buildings,45.71660794317722,21.614057087256707,-6.950305982690152,4.518207708994548,3.226625836418056,-1.4071062116419841,-16.208807627360027,20.581915639601085,-5.925172752869294
249,249.jpg,data/processed/wang/buildings/249.jpg,buildings,32.7552522222201,20.97379206789249,17.160851677761872,10.449729919433594,8.734442964354958,7.182347351255382,21.190517743428547,10.94105172812933,-9.158488232542211
250,250.jpg,data/processed/wang/buildings/250.jpg,buildings,25.94408119718234,23.570098487501955,21.8672131816094,-0.6425698598225912,3.1380914773702373,4.70052363354834,1.2792642911275227,5.979251460558464,-4.302505486194911
251,251.jpg,data/processed/wang/buildings/251.jpg,buildings,37.88840292642514,22.41421830379731,14.571580523286228,1.6552974383036296,3.9327805765614197,7.077492671492268,-0.5421996116638184,16.30405158326923,-16.398354380986767
252,252.jpg,data/processed/wang/buildings/252.jpg,buildings,51.76518000662327,25.511870909103173,-22.30799300791641,1.9731311798095703,5.003038342315873,-6.175276491032701,-9.479424953460693,18.07146939531021,-12.871403597532032
253,253.jpg,data/processed/wang/buildings/253.jpg,buildings,43.50956156849861,26.748496979250024,-17.935624374015358,4.1611253420511884,6.942705199315192,10.62000324758857,-8.14377498626709,15.687684620280374,-12.922419388271447
254,254.jpg,data/processed/wang/buildings/254.jpg,buildings,41.89333189278841,28.769258721318835,23.3489039262345,-0.16404453913370767,1.7327029656168305,1.14314422595058,5.925558249155681,4.018872612242911,-2.4184181145334245
255,255.jpg,data/processed/wang/buildings/255.jpg,buildings,44.06259134411812,21.437559213841705,-13.391594443474666,1.1837401390075684,2.519859318663756,1.8798466482011722,12.637260595957438,5.537978060604997,-3.5257432462145335
256,256.jpg,data/processed/wang/buildings/256.jpg,buildings,51.6984473913908,28.869726189457324,14.890558461304417,1.2434978485107422,1.620185894005861,1.114798564659652,1.2576212882995605,2.9339800178136866,1.5020174746101569
257,257.jpg,data/processed/wang/buildings/257.jpg,buildings,33.31275265663862,23.952896171614917,22.243537138425573,5.826949755350749,5.550930920456038,5.316762544400806,2.471282164255778,7.8714763913169,6.6817110250355345
258,258.jpg,data/processed/wang/buildings/258.jpg,buildings,56.8280253559351,27.036960177636136,-24.26308554796596,1.1244683265686035,3.114194943796122,-3.110211488134479,-0.9963698387145996,11.174947786325625,9.896802632293761
259,259.jpg,data/processed/wang/buildings/259.jpg,buildings,40.55931611607472,23.891344371561033,5.347067911143954,3.8286345799764,4.412399574993666,4.884862888316421,5.2471442222595215,9.93001552968066,4.998927902397712
260,260.jpg,data/processed/wang/buildings/260.jpg,buildings,30.893773213028908,21.284089150315495,18.833004845266416,-1.372848669687907,2.6307257861358937,1.2716731279853888,9.498072942097982,7.039828935941102,4.505438458498219
261,261.jpg,data/processed/wang/buildings/261.jpg,buildings,37.21604999154806,26.291040816267635,11.873608309367688,2.958611170450846,3.9004371113452203,3.8218706008041106,1.7635691960652669,12.285946347883707,-11.681611415846724
262,262.jpg,data/processed/wang/buildings/262.jpg,buildings,38.2067791496714,29.720730607702063,22.039602597747013,0.6833683649698893,3.1195122044415458,2.78915660081156,3.708974838256836,5.554406928226149,-5.10867786393993
263,263.jpg,data/processed/wang/buildings/263.jpg,buildings,34.164150804281235,18.815374783873626,16.680240891665296,3.1800901095072427,4.397227511233331,5.094603474980854,-11.7818652788798,20.223478980799594,-7.913134126670947
264,264.jpg,data/processed/wang/buildings/264.jpg,buildings,39.42534700036049,19.823659388879705,13.42046378316902,5.844993909200032,4.0985828502866655,-3.2820937211564454,-21.804836908976238,20.149520380290117,20.027766665273585
265,265.jpg,data/processed/wang/buildings/265.jpg,buildings,39.89919492353996,31.713204202546194,24.617102197818383,0.943145751953125,3.7657275197888445,6.228443085224379,2.7006274859110513,5.248781753871366,5.856507575784521
266,266.jpg,data/processed/wang/buildings/266.jpg,buildings,46.37608273575703,23.65727475386187,-15.748136971455324,0.14679797490437826,2.010510978758194,2.910301965583077,4.537841320037842,3.27307660562144,-1.0474413833348648
267,267.jpg,data/processed/wang/buildings/267.jpg,buildings,45.70308060695728,20.931914106833222,-11.661189491960236,2.7573447227478027,1.4942334330315965,-0.7295720568261881,7.958307425181071,5.09204237607391,-2.9088210965265304
268,268.jpg,data/processed/wang/buildings/268.jpg,buildings,26.861446723341942,21.112964886299064,20.9888501477934,3.468013286590576,4.141922467497502,3.049632865496373,11.606019020080566,5.003211310185869,-3.6187905169260297
269,269.jpg,data/processed/wang/buildings/269.jpg,buildings,31.989671910802524,26.515549457189348,22.401407275700976,2.4515918095906577,3.3870486933229813,-2.6731332569536774,6.65219259262085,6.242260519176727,5.778565409069794
270,270.jpg,data/processed/wang/buildings/270.jpg,buildings,50.89191564669212,22.71767141352549,-20.35674634137992,0.36878474553426105,3.268247335854807,2.8791219359720324,-10.32461436589559,19.601272478898803,-12.205113168041883
271,271.jpg,data/processed/wang/buildings/271.jpg,buildings,54.681918459633984,20.522190537179306,-18.232728149759843,0.517314592997233,2.91587343550029,-1.8395100047855544,-3.862001578013102,12.610163464009636,-4.155024085447991
272,272.jpg,data/processed/wang/buildings/272.jpg,buildings,45.1386713112394,23.785140091838404,-16.21711745455915,3.014676888783773,3.5682964361330445,2.3645520405746483,-10.90034786860148,20.844412721059427,-17.20996142143632
273,273.jpg,data/processed/wang/buildings/273.jpg,buildings,19.23026281098525,22.454822649893714,24.413251603123438,-1.2919646898905437,2.25104949710024,1.4023318851011766,7.5608649253845215,9.766249066378574,9.021944654583349
274,274.jpg,data/processed/wang/buildings/274.jpg,buildings,20.114479834834736,25.39207563004669,26.886456537572215,0.4329997698465983,1.2512518340803727,0.7196665897430767,2.922725041707357,6.871763424637331,6.867554688931314
275,275.jpg,data/processed/wang/buildings/275.jpg,buildings,39.013054656485714,26.137733589318543,16.088264057931713,3.2970531781514487,7.124637886344753,7.504995497591584,-4.151705900828044,20.180276773923943,-20.41371401738111
276,276.jpg,data/processed/wang/buildings/276.jpg,buildings,27.156258871157963,31.69954721409833,31.919212026551936,-0.9251108169555664,3.8505649396821466,-2.0082737729491065,3.8193060557047525,6.9331673966792495,8.416163125402743
277,277.jpg,data/processed/wang/buildings/277.jpg,buildings,41.31640121340752,20.784704240656524,-10.970352009807717,3.5107959111531577,3.4746704260908725,4.71348592744477,3.1078360875447593,5.768873729618793,4.167712042376289
278,278.jpg,data/processed/wang/buildings/278.jpg,buildings,42.55455123881499,22.044072045846924,-17.055964388065767,3.9889491399129233,4.279210078406803,-2.4898774051118604,-14.480971654256185,21.403166894885402,-11.241690447413982
279,279.jpg,data/processed/wang/buildings/279.jpg,buildings,39.31268863379955,21.901877191896503,-10.261104447155518,2.3946431477864585,5.143083399777335,-4.026084604500391,-7.526236057281494,19.997707474743216,-16.526952461459114
280,280.jpg,data/processed/wang/buildings/280.jpg,buildings,43.60328887899717,20.76272243148524,-17.266042422415694,1.6197431882222493,4.870031048689763,3.6207129955255777,-13.477386474609375,22.228330322686563,-15.246161754479083
281,281.jpg,data/processed/wang/buildings/281.jpg,buildings,41.64798812319835,25.506066733105676,-18.608998636914507,-0.864102840423584,2.6607325796915777,-1.961313392944628,-3.7118223508199057,18.9302814117805,-12.110268186698873
282,282.jpg,data/processed/wang/buildings/282.jpg,buildings,43.406841779748596,21.060799859095205,13.628001655677226,-2.3085230191548667,2.874824523963424,-2.9725657356321613,10.735864798227945,9.363784408273956,8.011124768671186
283,283.jpg,data/processed/wang/buildings/283.jpg,buildings,45.237655813495316,29.930469902937734,14.20427537487415,1.1593608856201172,3.693942415267851,2.6907404574548623,7.667546113332112,8.63186767977069,6.040734892717273
284,284.jpg,data/processed/wang/buildings/284.jpg,buildings,47.44551790257295,26.153172078596338,-15.788113893621674,-1.1962564786275227,3.442314264574527,1.9951827861255267,9.310950438181559,13.528409968573392,-12.467261949153839
285,285.jpg,data/processed/wang/buildings/285.jpg,buildings,52.45701080809037,21.149782409301658,-20.76834400022787,0.45458253224690753,2.706346670511507,1.7766225952400232,2.9392682711283364,18.07462982038342,-17.39047476552718
286,286.jpg,data/processed/wang/buildings/286.jpg,buildings,54.21415058275064,20.843032105477608,-21.44979379242612,0.6289089520772299,3.514825100674056,-4.140457112203581,1.0453448295593262,22.90776573430648,-19.21699873167332
287,287.jpg,data/processed/wang/buildings/287.jpg,buildings,45.123274375995,24.27228274891668,-11.001860725052477,-0.25187063217163086,3.016190918021012,2.436529949699757,2.4156929651896157,17.116946829357914,-17.676802365191854
288,288.jpg,data/processed/wang/buildings/288.jpg,buildings,51.75055439273516,20.077086178198794,-19.077408213079906,-0.6332950592041016,2.703827111819575,1.3956804142066166,-3.0027456283569336,21.978300445178615,-17.939502680698183
289,289.jpg,data/processed/wang/buildings/289.jpg,buildings,47.13263132919868,19.825174006998232,-17.3456933009756,2.570491154988607,5.72038911846735,5.091997144502689,-7.607599417368571,26.6014017948686,-20.442897777095887
290,290.jpg,data/processed/wang/buildings/290.jpg,buildings,40.865441908439,25.35116480693664,14.688359973062983,0.4193560282389323,4.051641912045411,2.2694903189893694,2.9462016423543296,10.575537998870725,-8.987807283139661
291,291.jpg,data/processed/wang/buildings/291.jpg,buildings,45.48565149307251,19.509234350370804,-12.806557650632469,4.180930137634277,9.26403530354107,10.058034853434409,9.42499335606893,6.993557608137922,5.8384330642059705
292,292.jpg,data/processed/wang/buildings/292.jpg,buildings,55.340261198580265,29.14144086831156,-22.241533286020992,0.437714417775472,3.3747734971364673,1.6687261235125335,2.097469170888265,5.177352246853599,3.0749475419726595
293,293.jpg,data/processed/wang/buildings/293.jpg,buildings,48.248084262013435,17.218345230413178,-15.403791103842916,4.4627579053243,4.977901458185596,2.8377792885881865,-14.884551366170248,23.642213264459713,-11.743932471437272
294,294.jpg,data/processed/wang/buildings/294.jpg,buildings,50.62563996762037,23.085613047780217,-21.615244692926286,0.23578166961669922,2.512734663649289,-2.7334570860399285,-7.55195951461792,17.07367239892973,-6.623530682552117
295,295.jpg,data/processed/wang/buildings/295.jpg,buildings,23.224209994077682,20.6068086600979,17.948861900354707,-3.150047779083252,3.245982462340924,1.364634564043447,-1.3662571907043457,2.685970057356917,-3.467457003973031
296,296.jpg,data/processed/wang/buildings/296.jpg,buildings,43.84090180198351,21.16894669982671,-5.351281101019957,-0.4895065625508626,9.335127290707472,13.36033899281336,-0.6786726315816244,8.23415514366016,8.784089246288108
297,297.jpg,data/processed/wang/buildings/297.jpg,buildings,36.826601127783455,30.569158846273535,14.289756713367147,0.12653144200642905,2.129812596339556,0.9295711791067063,8.817099730173746,10.139448210007734,8.498054571703523
298,298.jpg,data/processed/wang/buildings/298.jpg,buildings,51.63466073572636,19.83422409460591,-19.427627170323156,0.9366025924682617,3.9832392431793004,-3.004908396980434,-9.892244497934977,24.725325704788943,-13.68076345213285
299,299.jpg,data/processed/wang/buildings/299.jpg,buildings,52.94978295763334,24.98389887175175,-22.618893312631094,-4.6993727684021,2.813040744909784,2.0272369470397487,-5.780035654703776,13.767827997781147,-6.229002186263713
300,300.jpg,data/processed/wang/buses/300.jpg,buses,28.237236787875492,24.21258530134307,23.61892795315223,8.893805027008057,14.060314873462362,16.964311792198206,2.73471466700236,13.221620158905223,15.336932241928361
301,301.jpg,data/processed/wang/buses/301.jpg,buses,35.86159131179253,26.691560899168064,-8.9688316913543,2.844125429789225,15.89571780040873,22.24028677264291,-8.720026016235352,18.795601778306178,16.014391926894255
302,302.jpg,data/processed/wang/buses/302.jpg,buses,33.83802771568298,25.90331302906493,20.607974475605893,9.696361700693766,18.127954372747556,21.39833245133113,2.4100526173909507,18.46533440200198,-3.3190023239237
303,303.jpg,data/processed/wang/buses/303.jpg,buses,26.337483152747154,23.211126399745194,21.78810530031891,9.163863023122152,14.461345369570974,17.037014552797807,0.7083029747009277,11.408823127978884,9.779659136980307
304,304.jpg,data/processed/wang/buses/304.jpg,buses,33.90594025452932,24.706187336902257,15.231390378476025,4.723527272542317,13.803160074733949,19.513861409591037,-5.6055684089660645,16.588355788649764,17.136406216465083
305,305.jpg,data/processed/wang/buses/305.jpg,buses,37.75337878614664,26.559070838376606,17.554346300127083,4.263146718343099,3.205786454124703,-1.926407211643818,-3.1112465858459473,8.451420919924963,-7.9271160281279185
306,306.jpg,data/processed/wang/buses/306.jpg,buses,44.620681181550026,26.94149147975657,16.771057969204723,14.205506960550943,25.45998609291481,26.633613767437048,6.628857930501302,20.16433412827965,21.411334177639265
307,307.jpg,data/processed/wang/buses/307.jpg,buses,36.41093801707029,25.362259434122052,18.256003862283734,0.8651908238728842,16.363532887614575,19.89228834842065,2.4372428258260093,11.250270716775306,11.04308944903293
308,308.jpg,data/processed/wang/buses/308.jpg,buses,41.82287479440371,28.252193055495283,10.57955394927177,4.936502774556478,17.25033971243363,22.43245762720916,-2.5036032994588218,12.480432667731808,11.5649321591053
309,309.jpg,data/processed/wang/buses/309.jpg,buses,41.191887545088925,27.917143290614867,15.641452178876685,5.151728789011638,4.401724182028932,3.982574030914306,-9.66153351465861,10.112781106942617,-9.685512283077417
310,310.jpg,data/processed/wang/buses/310.jpg,buses,39.404725221296154,27.852493862025028,11.123774729051757,7.229519526163737,18.317404596699046,22.438407090756776,-3.3087878227233887,16.84826320433265,12.705064555405142
311,311.jpg,data/processed/wang/buses/311.jpg,buses,42.691121312479176,24.962250755276038,-8.88768559683729,6.974428176879883,18.65956543769634,21.396498196005354,4.602217833201091,23.2648958405684,18.764679455235456
312,312.jpg,data/processed/wang/buses/312.jpg,buses,38.18956290682157,25.5520814322946,11.358637490967345,6.007381598154704,6.34592269059638,4.785961427877328,-13.537500858306885,19.869316638397006,-17.710995130617302
313,313.jpg,data/processed/wang/buses/313.jpg,buses,43.494125517706074,27.315238295076412,7.75774831437056,10.401328722635904,24.001744867005083,26.31041397421323,0.0744016965230306,20.43537417764359,21.118663025786937
314,314.jpg,data/processed/wang/buses/314.jpg,buses,34.60650766889254,27.82895627556791,24.10426519530538,7.031739711761475,3.043523339810081,3.2937853345417074,-4.930931568145752,12.321800933104969,-10.776573630080996
315,315.jpg,data/processed/wang/buses/315.jpg,buses,33.81827715784311,27.75757019636706,25.1659244516505,6.380313714345296,13.988951999578209,19.511342086095524,-1.3246588706970215,13.40111830795178,16.404864875585154
316,316.jpg,data/processed/wang/buses/316.jpg,buses,43.59080654879411,29.14456398297898,8.712150645699822,13.841318448384603,24.94170214783614,25.606140054615615,5.415791670481364,19.725283802126217,19.287617792690682
317,317.jpg,data/processed/wang/buses/317.jpg,buses,27.73679308593273,20.984281233599564,17.483615333143543,16.513056755065918,25.248008360709886,25.35397164072289,8.423709869384766,17.33094234256885,16.874468860912597
318,318.jpg,data/processed/wang/buses/318.jpg,buses,35.94140497346719,24.100099849986726,17.507194198047863,7.038197994232178,11.6803912754585,13.021961382354487,5.411111195882161,23.771465136582204,28.016603233087572
319,319.jpg,data/processed/wang/buses/319.jpg,buses,37.7126969397068,23.804386189267387,20.085938557669895,1.9833412170410156,12.19143537799632,-15.327957977930609,0.9804113705952963,11.781947631229594,10.628185428252216
320,320.jpg,data/processed/wang/buses/320.jpg,buses,41.58553735663494,27.60705425350968,17.52612758009252,20.12136920293172,24.931124935599364,22.52536833067765,8.765579064687094,19.799546382057994,18.791672229661515
321,321.jpg,data/processed/wang/buses/321.jpg,buses,38.16553192834059,28.498056208828434,19.351340247930658,3.4801780382792153,6.111989404293729,3.714121415793609,-4.888448715209961,11.328511118715346,-10.712056991638192
322,322.jpg,data/processed/wang/buses/322.jpg,buses,28.433052264153957,28.97003435183789,28.725087080779875,5.867302258809407,13.413934720613023,16.620952229984347,0.8556890487670898,12.995192732395966,10.236861352645874
323,323.jpg,data/processed/wang/buses/323.jpg,buses,39.59486229966084,30.207051472940954,22.60108135618112,2.336367130279541,3.3907257897465706,4.506929851350673,-8.284042199452719,11.204861623352791,-13.212072163466813
324,324.jpg,data/processed/wang/buses/324.jpg,buses,36.344691490133606,27.583119924004055,17.58006773948005,3.5243589083353677,8.284326551690668,10.027497759999136,8.854514439900717,23.792151301493565,26.028800389844278
325,325.jpg,data/processed/wang/buses/325.jpg,buses,40.31632337719202,29.328127781489755,18.24631196104407,7.742751598358154,16.316296505916508,20.440344557754347,-1.098060925801595,12.410776127933575,14.898120589748299
326,326.jpg,data/processed/wang/buses/326.jpg,buses,37.87852060049772,26.88029089093984,14.335526113892374,3.1164444287618003,10.320136152690417,9.728353838479734,14.432344913482666,25.761397200659516,23.070397186602904
327,327.jpg,data/processed/wang/buses/327.jpg,buses,31.042247638106346,27.57093243390319,22.528834393035318,11.321421146392822,20.454078315939615,22.892349919391542,7.4758561452229815,15.04140715343557,16.6662606773367
328,328.jpg,data/processed/wang/buses/328.jpg,buses,38.0527600646019,23.636225091604373,-13.151826531760378,5.281099319458008,14.20508067205262,18.687837476135478,-4.172966480255127,18.977464647215896,19.05612049542154
329,329.jpg,data/processed/wang/buses/329.jpg,buses,31.895137391984463,29.765729146296113,27.701734220601534,-0.8542194366455078,6.404271025118402,-3.6969773573742652,4.342388153076172,20.687415357343365,4.251604036606022
330,330.jpg,data/processed/wang/buses/330.jpg,buses,38.40361429999272,26.42035240093443,18.775569318402084,12.889967282613119,22.38954204677724,24.481311711057284,5.58837874730428,21.007950706797658,10.017100709794267
331,331.jpg,data/processed/wang/buses/331.jpg,buses,41.48381327589353,23.273351595916637,6.454300125594335,9.196420987447103,22.739837614804827,27.05783276899708,2.467618942260742,15.862804087452115,18.636247429984024
332,332.jpg,data/processed/wang/buses/332.jpg,buses,45.23076359182596,22.90153550262126,13.75395169228354,20.945144017537434,27.616839476040905,24.871118662287486,14.576955318450928,20.7097090899267,15.387213227762295
333,333.jpg,data/processed/wang/buses/333.jpg,buses,43.13973865161339,26.346265058004114,-12.67146717643426,-2.230086326599121,9.32522691211558,9.787292801227814,-7.450610160827637,13.599052858053403,-8.552689488775288
334,334.jpg,data/processed/wang/buses/334.jpg,buses,47.78198047230641,27.434396789822223,11.068079951182728,12.602417786916098,22.130070945268812,22.903070727305938,4.390836397806804,16.128679101918134,17.614147673913045
335,335.jpg,data/processed/wang/buses/335.jpg,buses,44.34714547048012,31.92096443093307,5.872347625958662,4.6573818524678545,14.037110595537207,18.562160064228234,-1.3040790557861328,11.758674331346521,6.99955196928347
336,336.jpg,data/processed/wang/buses/336.jpg,buses,41.06730533142885,27.61467536733217,14.838735641439472,2.546860853830973,5.698869578354672,6.698963439008223,-2.325409730275472,8.502618188398067,-6.682704349585002
337,337.jpg,data/processed/wang/buses/337.jpg,buses,45.118279196321964,28.00530447456597,-12.585608804826215,2.004555861155192,3.3479517415634406,2.929411791586392,-2.9403308232625327,10.871970260420888,-6.031773486377574
338,338.jpg,data/processed/wang/buses/338.jpg,buses,47.6128285129865,23.621389088971593,-17.803097613053456,4.250275135040283,6.930817895795985,7.575900788475021,-6.5407687822977705,24.079675000922254,27.99380725169213
339,339.jpg,data/processed/wang/buses/339.jpg,buses,29.293038820226986,27.04551343621429,26.35545257146374,2.63250462214152,6.917940555042076,6.215198195866847,1.8962411880493164,10.276603687754353,11.702796331283041
340,340.jpg,data/processed/wang/buses/340.jpg,buses,37.497034606834255,28.059087307764646,16.115304299614134,4.269391695658366,12.783554431852542,17.999720644834824,1.1008739471435547,21.279705260251625,21.918246157061272
341,341.jpg,data/processed/wang/buses/341.jpg,buses,33.47893996785084,27.863240089354736,22.307193392168543,7.679476420084636,11.615504095196856,16.566882581523053,-2.717649459838867,16.143035395901112,17.456901155562058
342,342.jpg,data/processed/wang/buses/342.jpg,buses,40.83197290698687,30.150536625702443,21.265025155279908,3.6136231422424316,6.761408856306752,7.08991264026395,5.2477156321207685,10.314990153219108,8.66658210850674
343,343.jpg,data/processed/wang/buses/343.jpg,buses,48.779493321975075,23.387081497985434,-17.835139213710804,3.077707608540853,6.363754776631221,6.3765072013827755,-5.135543982187907,26.524007580239235,15.179634020343507
344,344.jpg,data/processed/wang/buses/344.jpg,buses,29.258999601006508,21.1421338098863,14.240091532260157,17.18085590998332,26.338419485542925,24.732712171730828,2.047117551167806,25.89802265037849,17.893685672303185
345,345.jpg,data/processed/wang/buses/345.jpg,buses,36.15314165751139,29.153223270753752,15.764328636338869,3.0235177675882974,5.719874125054664,7.403531489236229,-0.028107643127441406,13.255072383586773,-10.271715117298951
346,346.jpg,data/processed/wang/buses/346.jpg,buses,39.402443915605545,24.787938268117614,19.30205640447043,13.933410008748373,19.88623628125403,22.00935450237578,4.7972187995910645,15.29367446175727,16.442620242502272
347,347.jpg,data/processed/wang/buses/347.jpg,buses,45.35769522190094,22.378052590083115,7.429315455855805,9.264275232950846,15.608049006906777,20.388110059161114,5.116105238596599,17.206064605434086,7.494296149362031
348,348.jpg,data/processed/wang/buses/348.jpg,buses,35.72112030039231,26.6523637121948,19.954558950975244,4.6922736167907715,13.61837702275635,13.837587589827791,9.47982676823934,18.334381599572342,18.90085020482136
349,349.jpg,data/processed/wang/buses/349.jpg,buses,39.206404983997345,23.016151874790125,5.879255847523989,3.3236618041992188,4.66871027918446,-4.796081160837687,4.2981845537821455,16.107001233218057,20.00842527836066
350,350.jpg,data/processed/wang/buses/350.jpg,buses,34.662552550435066,24.81334898175653,19.00490556748793,1.3216875394185383,6.057737109680088,6.995867209263865,6.604901631673177,25.339064803763943,25.78339903245899
351,351.jpg,data/processed/wang/buses/351.jpg,buses,33.139871495465435,30.819524192176832,24.427694585769746,3.448474407196045,8.90499524184376,14.449016765177555,-3.1240809758504233,11.496979401606517,8.00317290961668
352,352.jpg,data/processed/wang/buses/352.jpg,buses,39.579436741769314,26.194786125466702,14.878221838343023,6.298737684885661,20.386264939354916,23.90484269271404,2.0412575403849282,16.088840318728614,15.059946226836669
353,353.jpg,data/processed/wang/buses/353.jpg,buses,40.29185430457195,24.164958632503705,17.594011065949672,-2.353641668955485,9.06170210276635,-5.378740645080418,1.7518266042073567,8.65100116066019,-3.797325338954609
354,354.jpg,data/processed/wang/buses/354.jpg,buses,41.8008491396904,24.112002330126607,-10.411281998687617,15.638984203338623,23.861945771613634,24.0309670207153,3.238020579020182,20.531857866000983,14.36956707805879
355,355.jpg,data/processed/wang/buses/355.jpg,buses,35.86010802537203,23.54483562420123,10.208910778619188,4.176399389902751,13.980659843873994,19.23378863073196,4.7643998463948565,17.24846966029276,22.510275996965657
356,356.jpg,data/processed/wang/buses/356.jpg,buses,32.97925926744938,29.35182129101344,23.033339039294574,3.1080478032430015,5.766176552469895,5.721338337379271,3.026991049448649,11.399151155204907,12.70060881504284
357,357.jpg,data/processed/wang/buses/357.jpg,buses,51.87004463126262,26.93395962953084,-15.773013805672717,5.939508279164632,20.462494960147218,25.879167932584693,1.8745169639587402,20.49279177066318,22.443790228251594
358,358.jpg,data/processed/wang/buses/358.jpg,buses,28.714581516881783,25.085126907315008,20.405453167068835,0.7263151804606119,5.712298246655381,1.4752295497830614,-4.47177521387736,11.790577322223621,-10.827764405548074
359,359.jpg,data/processed/wang/buses/359.jpg,buses,43.43335796147585,24.00414438549718,-15.890343869421974,4.90483554204305,5.910772972894264,6.408411700298653,-0.045183022816975914,18.12618177388924,21.11050801240716
360,360.jpg,data/processed/wang/buses/360.jpg,buses,30.263253611822922,23.881949073380525,20.91260204353001,-0.37065807978312176,15.335052270361453,20.543744573610347,7.56335973739624,9.995627310435468,10.5625574735753
361,361.jpg,data/processed/wang/buses/361.jpg,buses,53.94755881279707,25.98499271917522,-17.70259315885722,6.636245886484782,19.237263343557004,24.822435718198438,2.2549500465393066,13.210406341305006,17.125886427686766
362,362.jpg,data/processed/wang/buses/362.jpg,buses,38.23122940957546,31.217633790879614,20.61767994916492,2.188883145650228,7.154943064644452,4.19011232899418,2.499074141184489,15.602789256742186,20.86210470354949
363,363.jpg,data/processed/wang/buses/363.jpg,buses,45.60158774256706,27.10756854137429,-12.513460414925714,-1.623980204264323,9.038146762962304,-6.693346070963438,-0.13733243942260742,10.928703113107462,10.743873907011771
364,364.jpg,data/processed/wang/buses/364.jpg,buses,46.600463489691414,27.0210846946384,-10.975858209617826,11.095048268636068,26.826252816325564,27.291364043704043,4.43794059753418,19.75500057487988,20.409570369388007
365,365.jpg,data/processed/wang/buses/365.jpg,buses,46.020266165335975,21.523979142373133,-9.540623172271388,3.437906583150228,12.830786209965266,17.593210102972908,5.0656053225199384,11.816849400662724,12.00900685289328
366,366.jpg,data/processed/wang/buses/366.jpg,buses,28.549195143083733,23.982049784922758,19.81753606860842,5.461689472198486,12.329607367215369,15.070335110886823,6.795240720113118,13.871978261626365,17.729661308946625
367,367.jpg,data/processed/wang/buses/367.jpg,buses,44.12102463344733,29.225215177862225,-10.054866689059686,2.6176621119181314,12.457484246264542,16.515322937975412,-0.8435799280802408,18.386129335405734,-15.246157258298105
368,368.jpg,data/processed/wang/buses/368.jpg,buses,42.47770141810179,23.5173254626101,9.647573400518215,13.861764748891195,22.888864752423295,22.856967784858355,4.50294844309489,22.096541470933328,13.24223824452995
369,369.jpg,data/processed/wang/buses/369.jpg,buses,33.11033056428035,24.794260597697484,23.196656155074862,2.1620608965555825,13.542689236717614,18.53618314545878,3.8413761456807456,10.739694870481728,11.01435145549476
370,370.jpg,data/processed/wang/buses/370.jpg,buses,38.81423305720091,23.113452573806626,4.846073150890562,14.769260247548422,19.50941633959717,20.62726482537581,3.888868490854899,20.819808143597786,21.842666470574258
371,371.jpg,data/processed/wang/buses/371.jpg,buses,34.84937511384487,27.70678265316824,18.84305837500319,8.56854518254598,12.678779154115949,18.953626736288232,-6.608327547709147,25.434165216996277,-9.571186991791436
372,372.jpg,data/processed/wang/buses/372.jpg,buses,38.464269414544106,28.620731754715504,20.43970345027553,11.041300455729166,22.91275696641432,24.8476091020622,11.543375333150228,15.191209438075864,15.170932443777872
373,373.jpg,data/processed/wang/buses/373.jpg,buses,42.54056935509046,26.98687636423081,11.530941957744005,1.4346267382303874,6.115117494784031,4.909024029390412,-12.752252896626791,13.233788332450457,-11.78431056926746
374,374.jpg,data/processed/wang/buses/374.jpg,buses,43.31753384321928,27.78937712356143,21.4866922620392,19.761348724365234,20.018600331743833,19.257829456586915,11.034024079640707,14.739512572021093,13.3037069079684
375,375.jpg,data/processed/wang/buses/375.jpg,buses,37.56700245042642,25.530816177933293,8.384969951480805,4.173553943634033,9.860835527160205,14.110822757293537,-0.9367655118306478,18.20327683890131,-7.49869543651724
376,376.jpg,data/processed/wang/buses/376.jpg,buses,36.88201898088058,23.957198286240192,16.17390230059734,23.639315923055012,27.544597828675297,22.83555929790402,9.191978136698404,21.711768272236,15.424840911412712
377,377.jpg,data/processed/wang/buses/377.jpg,buses,40.22130984812975,21.61526289231585,-8.20632608061859,21.459152062733967,27.48248866544086,24.724729141973675,10.425657431284586,24.297819528298945,17.845177010382393
378,378.jpg,data/processed/wang/buses/378.jpg,buses,44.79794713358084,26.463004870828026,12.438646574856442,3.613582134246826,16.715385851237716,21.894003576668965,3.0831591288248696,16.450413554595528,17.512916554607752
379,379.jpg,data/processed/wang/buses/379.jpg,buses,44.44785205026468,24.7245400743425,13.265446440429429,-4.135593891143799,9.865780513488982,-9.781462318583994,5.644076347351074,10.993553116972208,11.01119816159658
380,380.jpg,data/processed/wang/buses/380.jpg,buses,45.91489750891924,25.863430876138857,-13.19085822918545,4.962824026743571,16.779872117355005,21.688976705631298,1.621821403503418,15.624679131217595,11.834130655456201
381,381.jpg,data/processed/wang/buses/381.jpg,buses,44.803496450185776,26.6978190353719,7.335425029161932,11.04218848546346,23.29138344311582,25.106134942339942,4.612390995025635,17.97018695699713,17.594097037827005
382,382.jpg,data/processed/wang/buses/382.jpg,buses,42.139488396545254,26.476474381722213,4.470651997808042,16.69146490097046,27.389260025794652,27.819561036400067,3.118994394938151,26.246396272342935,-18.00872127199498
383,383.jpg,data/processed/wang/buses/383.jpg,buses,45.06488827367624,28.503204464716156,-11.945948476576588,-1.70584503809611,7.540364500211759,-5.183029973749527,4.146292209625244,11.281398734664819,10.17412776331485
384,384.jpg,data/processed/wang/buses/384.jpg,buses,45.21852005273104,28.111337529702627,-11.423263071548387,3.889418125152588,5.615225601082568,4.337449769743961,-2.703455607096354,16.68765052136312,13.286016348306
385,385.jpg,data/processed/wang/buses/385.jpg,buses,37.87723941107591,24.232565647026508,8.576904556465223,20.670610904693604,28.064741831311142,21.737271087781444,6.381287415822347,24.051118923588344,15.745424619730507
386,386.jpg,data/processed/wang/buses/386.jpg,buses,44.40101105719805,29.625091313501898,-14.399475096079577,4.061700503031413,9.834387004913093,15.422521086135454,-3.5127712885538735,17.995217405049413,15.005994583133953
387,387.jpg,data/processed/wang/buses/387.jpg,buses,33.015573086837925,27.376773231330453,24.200199181806013,-3.57399320602417,10.740739057628344,-8.520922427798212,-1.932481288909912,14.955572444966704,-14.637880971317482
388,388.jpg,data/processed/wang/buses/388.jpg,buses,38.37115162362655,24.14528096957721,8.231726636032262,8.357876141866049,15.799941957013626,19.769693946278558,-8.461667537689209,23.03769460580791,20.483309222410234
389,389.jpg,data/processed/wang/buses/389.jpg,buses,42.33913334707419,26.43558346039157,16.11711444440785,3.394881248474121,6.346043573718985,6.451161380039563,7.993656635284424,17.041680034734565,22.006447086892244
390,390.jpg,data/processed/wang/buses/390.jpg,buses,35.54850177218517,28.626856601458538,23.021891782185325,4.556181112925212,7.823921262032744,7.9493107488865835,1.8572810490926106,10.321720937364205,-11.335212699482842
391,391.jpg,data/processed/wang/buses/391.jpg,buses,41.698215467234455,27.388376913281828,18.614032344539407,0.17017396291097006,16.331056246174484,22.68738090897262,3.490118662516276,14.60136833937847,14.539501091453479
392,392.jpg,data/processed/wang/buses/392.jpg,buses,37.897967671354614,27.05569790256824,18.660710484807673,11.911525090535482,19.27477544596863,19.06958501444446,4.738478819529216,20.9171537851258,-15.474668960180427
393,393.jpg,data/processed/wang/buses/393.jpg,buses,38.706494184831776,28.19071101704151,14.205184851689822,0.3770262400309245,11.122775356432603,14.292646640500624,16.604564030965168,22.31561158273038,22.769934941265568
394,394.jpg,data/processed/wang/buses/394.jpg,buses,39.94646376619736,26.619311010139427,14.83415638455383,4.381560484568278,6.251194775907354,6.536650168514917,14.572660446166992,16.664751574854414,16.560244120938577
395,395.jpg,data/processed/wang/buses/395.jpg,buses,39.38610553741455,25.35876792018188,14.473031776029128,1.0374555587768555,13.65023233281661,16.79775232727888,2.490030288696289,10.300284034359121,9.83229388730706
396,396.jpg,data/processed/wang/buses/396.jpg,buses,34.5235139131546,25.078224512574987,17.636586317547525,7.578696886698405,22.482475133355113,25.935087352012516,6.189947923024495,14.458438368317275,16.72731388586967
397,397.jpg,data/processed/wang/buses/397.jpg,buses,32.60366842150688,25.58226556506331,21.581269236425626,5.955841064453125,20.163232999706498,24.02907751038181,7.615715662638347,12.103756176065957,14.197572104664813
398,398.jpg,data/processed/wang/buses/398.jpg,buses,34.70890801399946,27.50851278026758,16.238305669286127,3.096867879231771,12.211266225600927,15.303006903253147,6.249628225962321,19.775140825324755,24.411246347404646
399,399.jpg,data/processed/wang/buses/399.jpg,buses,41.99823519835869,25.734220069270254,12.379138890155774,8.490526040395102,21.860689329591377,24.706926074894522,9.149761517842611,15.195185894846448,14.718439462779601
400,400.jpg,data/processed/wang/dinosaurs/400.jpg,dinosaurs,82.39372428506613,20.082644259090145,-27.504223040590727,0.7812509536743164,2.7434654916730703,4.605203141429182,3.658453941345215,7.103849403373441,7.470251366641218
401,401.jpg,data/processed/wang/dinosaurs/401.jpg,dinosaurs,80.31243228664,21.051132244985954,-27.539450424757824,1.920059045155843,3.9530637190941023,5.590020765787689,5.665600935618083,10.170101969681768,11.239726835116386
402,402.jpg,data/processed/wang/dinosaurs/402.jpg,dinosaurs,79.06753451873858,17.35867268486671,-21.019188106092948,7.086219469706218,9.07738048495395,9.143180680734257,11.017886797587076,14.059699440185433,12.091854966880145
403,403.jpg,data/processed/wang/dinosaurs/403.jpg,dinosaurs,82.53798925628264,18.331315969936608,-25.683204975507444,-0.20450878143310547,2.89628905101789,5.095880482841721,-2.359210968017578,5.689513068373043,-6.94054839017405
404,404.jpg,data/processed/wang/dinosaurs/404.jpg,dinosaurs,79.02568404873212,23.19562056085699,-29.245270771572464,-0.514703114827474,2.1242157712628984,0.6759201042630143,1.994099458058675,11.10788191470655,13.903713661352327
405,405.jpg,data/processed/wang/dinosaurs/405.jpg,dinosaurs,80.12698745975892,21.749968870765358,-27.74288839885989,-1.5398867925008137,3.181474824747015,-3.4914910791836458,6.520956516265869,11.253186146419502,12.23310608786889
406,406.jpg,data/processed/wang/dinosaurs/406.jpg,dinosaurs,80.52744002391894,20.597118390367775,-26.846996505883688,0.14751466115315756,2.619447032182505,3.2889159179771594,8.818626244862875,12.842678915955533,13.086218056293148
407,407.jpg,data/processed/wang/dinosaurs/407.jpg,dinosaurs,84.18160857011874,15.141824980910435,-22.158701748721413,2.272287686665853,6.019064587425911,9.256632443064618,5.2623874346415205,9.987220293877298,11.636338364494826
408,408.jpg,data/processed/wang/dinosaurs/408.jpg,dinosaurs,69.87569214155276,26.741953443394948,-27.02917382873992,0.1535526911417643,2.868472108849821,-3.818793443200885,6.987732887268066,9.928648490120496,10.11901138827645
409,409.jpg,data/processed/wang/dinosaurs/409.jpg,dinosaurs,79.69021381189425,23.45248563246832,-29.879538911945087,-0.6058154106140137,3.247664924467961,-3.6398448119346476,2.533535957336426,5.7319182690593165,6.470043785871664
410,410.jpg,data/processed/wang/dinosaurs/410.jpg,dinosaurs,75.33273765196402,27.695486283383893,-32.61551831579631,2.9620865186055503,10.78244728042356,14.472622975339235,4.199268341064453,6.225545325254682,6.6695941528218174
411,411.jpg,data/processed/wang/dinosaurs/411.jpg,dinosaurs,78.45741274456184,20.87860421538894,-26.476441230107824,0.624677817026774,1.2502602457334757,1.5955759315776,9.356165409088135,13.390585593373569,13.254939679789558
412,412.jpg,data/processed/wang/dinosaurs/412.jpg,dinosaurs,78.2417551924785,21.50723059682269,-26.57483833907846,-2.435204346974691,4.494187653071432,-3.771983926052755,2.8137666384379068,5.8787423016982645,6.273308679254857
413,413.jpg,data/processed/wang/dinosaurs/413.jpg,dinosaurs,85.68417380253474,14.175505728372618,-21.335342290970047,1.1452940305074055,7.916987174204578,11.5771503582977,6.730072180430095,12.041039719360345,13.851732359709821
414,414.jpg,data/processed/wang/dinosaurs/414.jpg,dinosaurs,77.70763331403334,25.357644281823784,-31.423623722531644,-0.5968263943990072,2.1477848519405085,0.8701303883330225,3.84147055943807,9.169156544221657,9.993510874405077
415,415.jpg,data/processed/wang/dinosaurs/415.jpg,dinosaurs,81.15398815522592,19.165445607021965,-26.21906689203047,-1.070417086283366,2.0351969455521406,2.934611192852907,4.852889855702718,7.484591709657656,8.699944370779647
416,416.jpg,data/processed/wang/dinosaurs/416.jpg,dinosaurs,83.4089530011018,18.65143809892595,-27.094878022092722,-2.0584212938944497,2.6901638393630756,-3.53714704078636,3.829338550567627,9.301551551435752,10.727587424992926
417,417.jpg,data/processed/wang/dinosaurs/417.jpg,dinosaurs,81.1466986934344,19.418213310082137,-25.819192061511853,-0.5595842997233073,4.319161151578695,-5.784133572370463,4.274449507395427,7.6327475603301265,8.94631875138004
418,418.jpg,data/processed/wang/dinosaurs/418.jpg,dinosaurs,80.72140117486317,20.5299943763119,-26.21264807592064,1.695394515991211,4.3568192756791015,5.443239006243761,5.58713436126709,9.647283002275048,10.907198803837918
419,419.jpg,data/processed/wang/dinosaurs/419.jpg,dinosaurs,80.12877535074949,21.892736932851577,-28.013784655821286,-2.139085292816162,4.203433505991849,-4.947588331944921,4.65378999710083,8.289488560398478,9.215101654576848
420,420.jpg,data/processed/wang/dinosaurs/420.jpg,dinosaurs,85.21514205882947,15.624506332849876,-22.364343767442847,-1.1326014200846355,5.085977998050739,-8.099689928447784,4.0060553550720215,10.53966299805771,13.997631624006038
421,421.jpg,data/processed/wang/dinosaurs/421.jpg,dinosaurs,82.90695324540138,16.735582517045838,-23.606059096446423,1.7616895039876301,4.381682581111512,6.389951177698342,6.724987506866455,10.969148238196434,11.961109727808406
422,422.jpg,data/processed/wang/dinosaurs/422.jpg,dinosaurs,71.9894053414464,26.730177061120127,-27.893532485594925,0.5894015630086263,4.768392362915523,3.5696551268781995,4.498361269632976,8.891212461387218,10.126059384339692
423,423.jpg,data/processed/wang/dinosaurs/423.jpg,dinosaurs,85.35264233748119,13.904503538840721,-21.73359556751319,-2.0544875462849936,5.04800545279612,-7.529956398840261,5.816222349802653,9.165510898921363,10.868438600572707
424,424.jpg,data/processed/wang/dinosaurs/424.jpg,dinosaurs,77.00035981833935,22.109749340067822,-26.839374302969354,0.9463006655375162,3.248610864014744,4.299192925616803,6.176490147908528,10.191862260568483,10.959465030921368
425,425.jpg,data/processed/wang/dinosaurs/425.jpg,dinosaurs,79.98950543502967,17.052616165370083,-24.056116392761446,-0.651277224222819,4.10727602659714,3.408516967195963,1.121065616607666,6.164133005859317,6.835827511889013
426,426.jpg,data/processed/wang/dinosaurs/426.jpg,dinosaurs,72.59805463254452,27.434201401600767,-29.097686462244404,3.168852965037028,7.253949722369846,7.348368746488453,5.625496069590251,7.935402164914762,6.807483673777551
427,427.jpg,data/processed/wang/dinosaurs/427.jpg,dinosaurs,83.76864915092786,18.903421242927255,-26.593661096912875,1.0043547948201497,3.7511684385496715,5.563267953924449,3.5069843928019204,9.190025210418716,12.442727555123536
428,428.jpg,data/processed/wang/dinosaurs/428.jpg,dinosaurs,76.19721367955208,24.08611314924737,-28.420443277273847,2.438192844390869,3.437492406617449,3.812570187745595,1.68852694829305,4.639411933182891,5.6459118132392785
429,429.jpg,data/processed/wang/dinosaurs/429.jpg,dinosaurs,82.40740404774745,18.521942646677257,-24.185866995410535,-1.3380877176920574,4.168768584751967,-5.138374709411182,4.25061829884847,9.234196694808546,10.953298469140003
430,430.jpg,data/processed/wang/dinosaurs/430.jpg,dinosaurs,81.45106751471758,17.867540312086934,-23.610710891066354,2.599531809488932,5.548084107010079,7.942074981094313,4.764235655466716,10.116987042517573,11.874454993860056
431,431.jpg,data/processed/wang/dinosaurs/431.jpg,dinosaurs,84.48175862431526,16.39383252264609,-24.154405873334888,-0.9585774739583334,2.259065128411722,-2.5853959308699777,4.184022426605225,10.167637308701089,12.088177992057203
432,432.jpg,data/processed/wang/dinosaurs/432.jpg,dinosaurs,79.50479711095493,20.229506893692584,-26.03778594409684,1.929721514383952,6.121409244666233,9.044708921865674,5.581744352976481,9.45448521639996,10.1077196020816
433,433.jpg,data/processed/wang/dinosaurs/433.jpg,dinosaurs,79.7562213614583,19.842903611137963,-26.176121011589544,2.736642360687256,5.1171797548459645,5.735649616582345,6.510414282480876,9.91324265844172,10.424732687812485
434,434.jpg,data/processed/wang/dinosaurs/434.jpg,dinosaurs,84.070319434007,16.13615883151223,-23.614083401622203,-0.6549269358317057,1.9514401513025923,2.5023418265133475,4.9891330401102705,8.255327725077056,10.787094229631743
435,435.jpg,data/processed/wang/dinosaurs/435.jpg,dinosaurs,83.52539694557588,16.050009038484188,-22.323279823736527,-0.1642638842264811,2.7894601269853685,2.626787906542835,6.288974444071452,11.443455188768954,13.56920627757921
436,436.jpg,data/processed/wang/dinosaurs/436.jpg,dinosaurs,78.2973799854517,22.442713195116692,-27.372027689659554,0.24242401123046875,2.4501658030145066,-2.606730908559496,3.816659927368164,6.591529668612867,7.750634390113005
437,437.jpg,data/processed/wang/dinosaurs/437.jpg,dinosaurs,80.90704946468274,18.33641012346994,-24.093405332809596,0.18111435572306314,1.5354872778041877,-1.4856459222980467,7.225739479064941,9.93511825676564,9.282897496297359
438,438.jpg,data/processed/wang/dinosaurs/438.jpg,dinosaurs,79.92015151927869,22.11153831864098,-28.41084805310163,2.0602591832478843,7.037401037513747,8.282420624491984,3.9928480784098306,7.376469737142255,8.191185551024674
439,439.jpg,data/processed/wang/dinosaurs/439.jpg,dinosaurs,85.75821345051129,14.185815384321776,-21.51701804655935,-0.5490536689758301,2.5210455795431734,-3.583106689107217,4.651559034983317,9.800273005895535,12.053976031301826
440,440.jpg,data/processed/wang/dinosaurs/440.jpg,dinosaurs,76.71994486202796,23.944135861034592,-27.65242486912006,-0.5543805758158366,3.52577495930427,-4.0451971845753025,2.1842161814371743,7.923397906300416,9.963721706294635
441,441.jpg,data/processed/wang/dinosaurs/441.jpg,dinosaurs,81.24420493841171,19.463648411834352,-25.423678494569383,-1.864282766977946,3.3038103589238936,-3.273033887479869,6.267592906951904,10.508770310954652,11.54233674815729
442,442.jpg,data/processed/wang/dinosaurs/442.jpg,dinosaurs,80.4967001080513,20.9366602032293,-26.966764133371864,1.0830488204956055,3.59434407896393,5.31286095013897,5.076589743296306,8.564238751981163,9.66744993216202
443,443.jpg,data/processed/wang/dinosaurs/443.jpg,dinosaurs,77.33727861195803,23.29255455703579,-28.561862992438208,1.668551762898763,4.085067741893009,5.1074159881605246,6.858003616333008,8.949979002293064,8.577155511462658
444,444.jpg,data/processed/wang/dinosaurs/444.jpg,dinosaurs,79.77792136371136,19.78323228090631,-26.143505921926675,1.0130184491475422,7.964375921252954,9.213498182720219,5.793132940928142,9.052749266524073,8.33414654446171
445,445.jpg,data/processed/wang/dinosaurs/445.jpg,dinosaurs,76.89278361697991,23.485130325639112,-27.239403872396295,-0.25426244735717773,3.2195806231731288,3.9680125699529265,6.378574053446452,8.625910039267609,8.707334750203293
446,446.jpg,data/processed/wang/dinosaurs/446.jpg,dinosaurs,81.4006270840764,19.095867115947833,-25.396815248165893,1.6820402145385742,4.678544211904161,6.971850987355863,6.056859811147054,10.261012741455259,12.042046211051723
447,447.jpg,data/processed/wang/dinosaurs/447.jpg,dinosaurs,79.78615177174409,20.33977745354819,-24.669632544310446,0.7174531618754069,2.3834041402005313,3.0540904895357284,6.683096249898274,10.698038695967242,12.055326046775313
448,448.jpg,data/processed/wang/dinosaurs/448.jpg,dinosaurs,80.70471994578838,20.843991845426263,-26.96772052943332,0.5845716794331869,2.027270331590294,3.2714700573227207,-0.19912433624267578,2.691776927144087,2.751517066769897
449,449.jpg,data/processed/wang/dinosaurs/449.jpg,dinosaurs,74.60682733605306,25.823402852233787,-28.296025497245047,-0.3341771761576335,2.5860793785877165,-3.5534695430090095,6.219389279683431,9.346193522152754,8.762704858987405
450,450.jpg,data/processed/wang/dinosaurs/450.jpg,dinosaurs,82.28537968049447,18.26066932569365,-25.045798310924653,-0.13752237955729166,3.173356847725168,4.328858019162787,8.776952584584555,12.915591485469916,12.773665247889365
451,451.jpg,data/processed/wang/dinosaurs/451.jpg,dinosaurs,80.25091669211785,20.985143449140338,-28.507184447774115,0.8539915084838867,2.7862569428599526,3.9469908475275624,3.082277456919352,5.833910583297611,5.899489497911569
452,452.jpg,data/processed/wang/dinosaurs/452.jpg,dinosaurs,77.1923557544748,23.847168598074063,-29.436301116885666,1.392109711964925,2.446335637100901,3.0150634528173725,3.7629501024881997,6.546636849836008,7.738618719818925
453,453.jpg,data/processed/wang/dinosaurs/453.jpg,dinosaurs,82.83023641755183,20.66592919542868,-28.92808159237293,0.31956084569295246,3.744604546130265,-4.002518865353297,1.3072625796000164,4.666286651713411,5.643038384410756
454,454.jpg,data/processed/wang/dinosaurs/454.jpg,dinosaurs,80.91588864723842,22.069641820519724,-29.929906434330125,-0.020731290181477863,2.1378911241589593,-2.7549454707307985,1.4505383173624675,3.18175632830663,3.660847468586771
455,455.jpg,data/processed/wang/dinosaurs/455.jpg,dinosaurs,70.10103923579057,29.224827449585582,-30.674355232337575,2.4055800437927246,4.864054616661878,6.108021001263205,9.169933160146078,10.929459426384717,9.782920548766887
456,456.jpg,data/processed/wang/dinosaurs/456.jpg,dinosaurs,82.20201848695676,20.887972240864773,-28.99810658157501,0.3600815137227376,3.2015176810934936,3.5497189520887726,2.865928808848063,6.749159113743288,9.258832861066665
457,457.jpg,data/processed/wang/dinosaurs/457.jpg,dinosaurs,80.15335332602262,20.454707193835556,-25.503550049288513,0.6556666692097982,4.051166719934544,2.557552941899331,5.960577964782715,10.145080873686803,12.223987647918566
458,458.jpg,data/processed/wang/dinosaurs/458.jpg,dinosaurs,77.38895198951165,21.210940454166014,-25.67662725535396,2.9196461041768393,5.512624869475938,7.695391881035786,10.563243707021078,14.464151176512782,12.588289705948583
459,459.jpg,data/processed/wang/dinosaurs/459.jpg,dinosaurs,78.17902465661366,22.02104465675121,-28.258510246275065,4.178316116333008,5.149870312956736,5.09218363209891,8.304855028788248,11.421878245090486,9.68269325991988
460,460.jpg,data/processed/wang/dinosaurs/460.jpg,dinosaurs,83.55523739010096,18.633835118451593,-25.86555987371016,1.4621087710062664,4.746241569993022,6.961557785426519,4.283889452616374,9.86165675452658,12.282213480571407
461,461.jpg,data/processed/wang/dinosaurs/461.jpg,dinosaurs,76.3611267010371,23.831800586083375,-29.598302734874288,2.305067698160807,4.00009684637799,4.799142635477704,6.956201235453288,9.412675677518337,9.651160653487441
462,462.jpg,data/processed/wang/dinosaurs/462.jpg,dinosaurs,77.28244196623564,22.065855751067645,-28.34255978157994,4.988793690999349,6.419354519662548,5.836533358887346,8.724854787190756,10.922384039630684,9.441462209272824
463,463.jpg,data/processed/wang/dinosaurs/463.jpg,dinosaurs,83.63419615974028,16.639349224814822,-24.546157332543938,0.272277037302653,2.232264798150095,-2.604733402056601,6.854498068491618,12.020110939430404,12.5653127817308
464,464.jpg,data/processed/wang/dinosaurs/464.jpg,dinosaurs,81.16491101682186,22.364042984278413,-30.07251582358785,2.978097438812256,6.9039603208114935,9.44213782120195,1.7788381576538086,6.794861459051929,9.059424561471207
465,465.jpg,data/processed/wang/dinosaurs/465.jpg,dinosaurs,80.1905507221818,22.115178851512734,-29.54863552322559,1.2668307622273762,4.355962165002389,6.514677677532392,4.608079592386882,9.407428076297293,12.024287970561588
466,466.jpg,data/processed/wang/dinosaurs/466.jpg,dinosaurs,81.26757070422173,18.309179337659707,-25.277434568447667,-1.2951602935791016,2.400564503566585,-3.0385285084110127,7.248379230499268,10.676734128212148,10.56053971184033
467,467.jpg,data/processed/wang/dinosaurs/467.jpg,dinosaurs,82.40256464729707,20.14712391019174,-27.55434454348116,0.06904904047648112,2.77302523635237,2.84944003652513,4.264324982961019,8.591244406359383,10.03806590144897
468,468.jpg,data/processed/wang/dinosaurs/468.jpg,dinosaurs,79.23300098627806,22.225799767484013,-28.18025101723584,1.7390324274698894,2.4507404002326285,2.75551811973403,0.47704346974690753,8.076753555078762,-5.036806763345233
469,469.jpg,data/processed/wang/dinosaurs/469.jpg,dinosaurs,85.51382304479678,15.633341028552698,-24.064860212603023,0.3188578287760417,3.307057422927559,-2.808852823625524,2.4067564010620117,6.224143488258611,8.60163016303591
470,470.jpg,data/processed/wang/dinosaurs/470.jpg,dinosaurs,78.54364415009816,22.068785616298733,-26.789243239988338,0.3022467295328776,3.575044405702062,5.86348609710444,4.955334981282552,9.00658359171122,10.640417181363752
471,471.jpg,data/processed/wang/dinosaurs/471.jpg,dinosaurs,78.18695983539025,23.508726061039248,-29.442436544754656,3.3026860555013022,6.275732181905238,8.630496904997528,2.2835617065429688,6.257739975530544,8.000046846603672
472,472.jpg,data/processed/wang/dinosaurs/472.jpg,dinosaurs,81.69920649379492,20.685221842584646,-28.05406575573084,1.2723431587219238,3.139793486693707,4.8409078751822925,2.72577174504598,10.266264871600562,10.557247858749314
473,473.jpg,data/processed/wang/dinosaurs/473.jpg,dinosaurs,79.97988437612851,21.867057344105806,-28.123419199803372,0.5549397468566895,1.759392215275679,2.6149513964086575,1.8784801165262859,7.238618079859792,10.727429728973995
474,474.jpg,data/processed/wang/dinosaurs/474.jpg,dinosaurs,84.14140865206718,16.07257095535367,-23.206534763081493,2.2218569119771323,7.12342297940788,10.64693835896539,4.860271135965983,9.133707007957279,10.035199196024996
475,475.jpg,data/processed/wang/dinosaurs/475.jpg,dinosaurs,74.59739030649264,28.13569011348852,-32.15823671756589,3.8736445109049478,7.307429272404109,9.634526969846878,6.628053029378255,9.54349838653506,9.842265601164616
476,476.jpg,data/processed/wang/dinosaurs/476.jpg,dinosaurs,81.22591873009999,19.517260968991984,-26.00126664063682,0.941411018371582,2.5249334694964354,3.3280182676721344,3.819441000620524,10.960891135807229,12.227242977534425
477,477.jpg,data/processed/wang/dinosaurs/477.jpg,dinosaurs,83.23084221531947,16.330099979624343,-21.775089666217085,1.503825346628825,3.091126963940724,4.443763548162824,0.5727483431498209,5.513280324904087,7.02337848670208
478,478.jpg,data/processed/wang/dinosaurs/478.jpg,dinosaurs,80.47104869037867,18.53521948887167,-25.010948706602594,1.3877447446187336,2.8547492186782257,3.9735989764060227,4.090429147084554,9.276382187186863,10.975140747347982
479,479.jpg,data/processed/wang/dinosaurs/479.jpg,dinosaurs,80.63179571181536,19.801472405279842,-26.165276545732283,1.932589054107666,5.662182728397909,8.177129488594808,7.090771039326985,10.64573716297484,10.502835793542015
480,480.jpg,data/processed/wang/dinosaurs/480.jpg,dinosaurs,80.74094448238611,21.435244341703388,-27.946128490222307,1.3317763010660808,3.696920608805877,5.960752219903977,2.4024429321289062,6.3943973935904435,8.418993405002212
481,481.jpg,data/processed/wang/dinosaurs/481.jpg,dinosaurs,83.54101112733285,18.693596036499518,-25.983196840208056,0.279696782430013,1.888425129499856,2.1844769933099757,2.0200042724609375,6.97237481047131,9.117487957417548
482,482.jpg,data/processed/wang/dinosaurs/482.jpg,dinosaurs,77.41302369783322,21.427312007149954,-26.375032450552233,1.5659047762552898,3.222623847737813,3.4359571617256224,5.976702849070231,8.36672537816997,8.390464848866234
483,483.jpg,data/processed/wang/dinosaurs/483.jpg,dinosaurs,81.54077598204215,19.54281623004389,-25.777521773293547,1.9099060694376628,3.227574800724499,4.2299094786424325,-0.1961828867594401,7.695610804344875,-5.136961028347397
484,484.jpg,data/processed/wang/dinosaurs/484.jpg,dinosaurs,80.16970834384362,21.73747906669266,-27.506254090448806,1.0291805267333984,2.356399665086503,3.522749588610891,2.2536330223083496,9.764968665693633,9.39963022716206
485,485.jpg,data/processed/wang/dinosaurs/485.jpg,dinosaurs,74.72216834624608,24.729236514046093,-29.17989151562769,2.0904361406962075,5.422796297355232,7.428342532233405,8.2001740137736,9.694640833290352,8.26849341456212
486,486.jpg,data/processed/wang/dinosaurs/486.jpg,dinosaurs,76.43572855740786,25.752960976692908,-30.658341667426107,-1.1131189664204915,2.6943220571168665,-2.49814808769068,8.34687360127767,13.462798398936636,13.404688018084915
487,487.jpg,data/processed/wang/dinosaurs/487.jpg,dinosaurs,80.3625241542856,21.297125185370824,-27.60398511348039,-1.2824926376342773,3.4356289454002313,-4.728783252245031,4.834468682607015,6.672830655288592,6.334224217553782
488,488.jpg,data/processed/wang/dinosaurs/488.jpg,dinosaurs,81.46572417269151,19.933805172289045,-25.848589672698658,-2.8297046025594077,6.790935150414654,-8.27790287223663,6.674278577168782,11.506249165120396,12.972427782341
489,489.jpg,data/processed/wang/dinosaurs/489.jpg,dinosaurs,80.94782053182523,21.428748498654038,-28.150687064849727,1.0130982398986816,2.781511190136248,3.8999846275538825,3.679063161214193,5.802707803247898,6.098138241228611
490,490.jpg,data/processed/wang/dinosaurs/490.jpg,dinosaurs,80.32313380390406,19.157401524808066,-24.906326432118938,-0.27890539169311523,3.9277542968438586,-4.835682624453835,5.65906286239624,9.882374664470104,11.0351011902383
491,491.jpg,data/processed/wang/dinosaurs/491.jpg,dinosaurs,81.03302549570799,20.793292899879166,-27.25186309509021,2.426812489827474,6.740931368088327,9.450745187606294,3.7241312662760415,6.678282266071419,7.7122836272537505
492,492.jpg,data/processed/wang/dinosaurs/492.jpg,dinosaurs,77.21317404260238,23.58968965648066,-29.575565607326816,1.3739000956217449,3.65844840570613,6.253637500496112,3.8252272605895996,6.273497965582654,6.788502575913721
493,493.jpg,data/processed/wang/dinosaurs/493.jpg,dinosaurs,82.81512881318729,15.252279602745311,-22.42131414436177,0.6157185236612955,4.6638576783995624,7.278049380229723,10.832274119059244,14.041749955826306,12.331482782545578
494,494.jpg,data/processed/wang/dinosaurs/494.jpg,dinosaurs,83.07175102333228,17.467821113788787,-24.73652261966155,0.7761902809143066,3.823169767254487,6.059857571714671,4.953449090321858,8.665557859942787,9.675173023876336
495,495.jpg,data/processed/wang/dinosaurs/495.jpg,dinosaurs,80.95123606423537,19.82515428842978,-26.241844661191536,-0.3562588691711426,1.278611250480596,-1.2515956714034093,8.07946491241455,12.432206366701148,12.486142615626719
496,496.jpg,data/processed/wang/dinosaurs/496.jpg,dinosaurs,82.79120679944754,17.975749168519144,-25.351249808842685,0.24810234705607095,2.477819157522107,2.2751897299771997,5.108712673187256,7.325279709053078,7.653567647091965
497,497.jpg,data/processed/wang/dinosaurs/497.jpg,dinosaurs,81.11017091820638,18.254138341746497,-24.052330400596507,1.4564412434895833,4.064178605956978,5.773662223405786,7.223713239034017,10.768370992495957,9.979906343093104
498,498.jpg,data/processed/wang/dinosaurs/498.jpg,dinosaurs,83.00351165235043,18.959002421315176,-25.830319158118375,0.033486525217692055,4.101870656898867,5.228388514734495,2.977168401082357,10.398817257998246,11.460290193612318
499,499.jpg,data/processed/wang/dinosaurs/499.jpg,dinosaurs,79.85745581487815,21.31022068141072,-26.7336737575706,-1.3825006484985352,4.584942161308041,-7.524989702279772,6.679916540781657,11.011646350001119,12.336796241221233
500,500.jpg,data/processed/wang/elephants/500.jpg,elephants,54.79374888042609,24.252794753343064,-21.442208809383093,-7.159618059794108,4.889002000112947,-4.424401818944505,10.949268658955893,14.332306590727123,-7.563763110468219
501,501.jpg,data/processed/wang/elephants/501.jpg,elephants,57.63190295547247,23.932889567411134,-21.48219163852194,-9.195204257965088,14.494289174276906,-7.90225136509277,23.08730920155843,15.34771735011635,-9.63064224252857
502,502.jpg,data/processed/wang/elephants/502.jpg,elephants,49.592393512527146,23.329044601395005,-17.40041868520463,-8.867260615030924,6.883943178341088,-4.346019346025191,0.7889310518900553,24.469229042740217,-18.50331383058833
503,503.jpg,data/processed/wang/elephants/503.jpg,elephants,46.93619435032209,22.937686590619457,-10.761161717644525,-3.7152541478474936,7.993165055079751,-6.495456523053093,26.05989106496175,18.395246399844925,-5.314353191191371
504,504.jpg,data/processed/wang/elephants/504.jpg,elephants,52.12886140992244,21.072187951787058,-12.426258155555235,0.8612305323282877,5.371746862217536,-5.191434807597338,8.18960460027059,11.990509371140671,-9.519489795841103
505,505.jpg,data/processed/wang/elephants/505.jpg,elephants,53.881407591203846,28.067010933228655,9.601418673045249,-9.713274478912354,13.146671185868188,-11.357919874140174,14.13583262761434,16.455346134869437,13.640353388696841
506,506.jpg,data/processed/wang/elephants/506.jpg,elephants,57.87996811171373,21.5912808902457,-18.129906008741422,1.7346177101135254,4.469377636816138,-3.0439172187475823,9.401892185211182,12.806462427733248,-12.66504501760116
507,507.jpg,data/processed/wang/elephants/507.jpg,elephants,58.7035300831,22.229478543482596,-19.611480085052733,-9.458972771962484,8.388742478975526,-3.5675203478183546,16.853880723317463,23.070041854171567,11.095700092268522
508,508.jpg,data/processed/wang/elephants/508.jpg,elephants,61.06219862898191,23.396600683892046,-20.651706841242515,-1.9956135749816895,9.255748312048423,-2.4991332835044453,23.99389394124349,21.766883268856127,-11.801821121662703
509,509.jpg,data/processed/wang/elephants/509.jpg,elephants,46.67463985582193,20.182565806527595,-18.090908121874723,-10.680890083312988,10.746274572395183,-5.865243631875465,26.01288112004598,15.141995487009446,-12.131575184681815
510,510.jpg,data/processed/wang/elephants/510.jpg,elephants,55.942919850349426,18.815316032409964,-16.768956522861757,4.772243658701579,7.382663799671451,-9.357419987170886,10.53340975443522,13.507392597843232,-15.596846731049457
511,511.jpg,data/processed/wang/elephants/511.jpg,elephants,40.73808944473664,22.00639782737216,20.842913826249927,-16.784300327301025,11.146560963291833,4.849445310711875,18.883663654327393,15.241514452448653,5.66498981098152
512,512.jpg,data/processed/wang/elephants/512.jpg,elephants,46.972427827616535,21.178531476520277,3.6447551734682206,-11.652267932891846,12.921374701665803,10.547136519904196,22.83363405863444,13.552085207229851,-7.275040568783193
513,513.jpg,data/processed/wang/elephants/513.jpg,elephants,53.884149653216205,17.01887677854394,-16.311263147317916,-5.227755864461263,6.59496086547836,-6.922222422794555,13.241016387939453,20.246315776464474,-22.15659590410182
514,514.jpg,data/processed/wang/elephants/514.jpg,elephants,51.47649652014176,15.131233457217169,-12.31978044727123,-7.154884338378906,8.609942069800582,-8.680719188180287,18.50951623916626,16.214728513232323,-10.710216822668855
515,515.jpg,data/processed/wang/elephants/515.jpg,elephants,48.95510673522949,19.12601366720182,12.825983070018857,5.3149285316467285,8.502007900336721,-4.418647229151506,26.88901646931966,17.409820422321367,-3.8982649805670606
516,516.jpg,data/processed/wang/elephants/516.jpg,elephants,46.20574644456307,26.767197394256335,11.069317372407085,-0.4803738594055176,10.014401414283707,-9.175506347937993,13.623989899953207,15.587678291045984,14.63527790654678
517,517.jpg,data/processed/wang/elephants/517.jpg,elephants,56.22211340814829,28.15527722173241,-23.32466380775551,1.4058720270792644,6.409511429988969,-6.326237381393781,8.305551846822103,12.964315533466488,3.943485186250299
518,518.jpg,data/processed/wang/elephants/518.jpg,elephants,52.17743391791979,22.844393102549514,-17.666308127969355,4.3577470779418945,5.441259549890396,-3.7947892625975346,8.996252218882242,11.116866420027183,3.6676556541799394
519,519.jpg,data/processed/wang/elephants/519.jpg,elephants,44.061094957093395,21.626177064452705,-10.520448092972742,4.258670647939046,3.7516357720162143,0.6842266710871403,12.50783920288086,12.608363051040232,-13.059797951217249
520,520.jpg,data/processed/wang/elephants/520.jpg,elephants,42.29588390638431,23.914985025973884,4.609115780259476,5.44539213180542,9.045471975542982,-9.138031508849565,3.1016467412312827,8.39468944678339,2.769985214251352
521,521.jpg,data/processed/wang/elephants/521.jpg,elephants,62.55246823032697,20.710099533535473,-19.792262794400294,0.8091611862182617,9.198073237580596,-10.270660369869898,17.227647304534912,14.82047468944924,-15.079238587789048
522,522.jpg,data/processed/wang/elephants/522.jpg,elephants,53.48450839519501,22.630266367008495,-11.260211608878645,-4.00203005472819,9.564185930510106,-7.6844582986496235,17.382405916849773,14.448541543674507,-6.7835772621841315
523,523.jpg,data/processed/wang/elephants/523.jpg,elephants,66.44582841545343,19.17037244974107,-22.583783900366527,1.3656446139017742,6.301376291318777,5.339380136228812,13.94286060333252,22.933986437771615,15.04400011733432
524,524.jpg,data/processed/wang/elephants/524.jpg,elephants,50.75550569842259,25.508889210467967,-18.867889746111352,-1.7355038324991863,5.832255436640456,-5.720009860886803,12.795507907867432,13.996145934711553,4.386452712627304
525,525.jpg,data/processed/wang/elephants/525.jpg,elephants,45.96456388632456,20.484430288301837,-15.979805175048934,7.237899621327718,4.701690626943957,-2.9135489929227183,12.00128666559855,17.87335505427782,-18.672697867686516
526,526.jpg,data/processed/wang/elephants/526.jpg,elephants,53.7838806087772,23.71971794603223,-19.4260013560124,-2.6453609466552734,6.162213590683765,-3.3980183030441173,13.3758176167806,22.211173703646324,6.025415784796798
527,527.jpg,data/processed/wang/elephants/527.jpg,elephants,51.88327090193828,22.90763252629072,-18.146905039562903,-0.017438093821207683,3.114303168810343,-2.8724720565635256,7.096268177032471,13.447794492104899,-13.787155647724248
528,528.jpg,data/processed/wang/elephants/528.jpg,elephants,43.65151238938173,23.93960470503202,13.491556885985798,2.9762864112854004,12.697930620173926,-12.53388080522738,8.13902997970581,11.73974818349186,11.743087090498484
529,529.jpg,data/processed/wang/elephants/529.jpg,elephants,60.17768314729134,17.775774600051044,-17.24620003207871,5.6800127029418945,5.906024965454883,-7.459498378802609,9.82914113998413,18.14073437631505,-16.224785459073125
530,530.jpg,data/processed/wang/elephants/530.jpg,elephants,60.168988381822906,22.884083120641076,-22.07354141646182,8.028884410858154,7.309866344298419,-4.3334973415767095,9.94279416402181,10.236666046618554,-6.167789829465592
531,531.jpg,data/processed/wang/elephants/531.jpg,elephants,58.10445677489042,16.80656069696265,-16.63435507207275,4.41703732808431,4.902639645232149,-3.7048714086901238,6.06030289332072,6.592135833932221,2.056397753274346
532,532.jpg,data/processed/wang/elephants/532.jpg,elephants,52.96273653705915,15.779112250158871,-15.798332382921334,9.899641036987305,3.7860679600432845,-2.3674353060223003,-2.218379497528076,15.804342042492253,-11.255220536019422
533,533.jpg,data/processed/wang/elephants/533.jpg,elephants,49.35848396271467,15.504689764407052,-14.33185055762451,14.619144757588705,5.181847954487736,2.5733883597731615,19.71026595433553,22.969988626507423,7.194489967794273
534,534.jpg,data/processed/wang/elephants/534.jpg,elephants,48.58490979919831,22.3591299656535,-16.512631943316368,4.609358151753743,8.40315293818456,-8.30524542271435,8.289772987365723,12.373788702162221,7.259247101166167
535,535.jpg,data/processed/wang/elephants/535.jpg,elephants,47.87666263679663,19.877418491392046,-3.1555963037256056,-7.035139878590901,8.973894344730851,5.974930377963948,18.031521479288738,9.738644416067755,-7.9967232176127645
536,536.jpg,data/processed/wang/elephants/536.jpg,elephants,54.75837451716264,12.81856088178857,-13.685639998304417,-1.3288467725118,8.248177620196119,-10.357288403352056,17.11312739054362,18.490442788682156,-14.479982226097235
537,537.jpg,data/processed/wang/elephants/537.jpg,elephants,45.803898138304554,20.873288151411728,-16.862909231784602,8.118868986765543,5.069833174821755,-2.8583619845188286,10.052165985107422,18.661976579008083,-18.9210104268005
538,538.jpg,data/processed/wang/elephants/538.jpg,elephants,59.924151500066124,21.965270879116133,-18.697724170833645,2.6843083699544272,6.2745834918216286,-6.552208522945602,13.091178258260092,10.316461164174743,-9.19288416615707
539,539.jpg,data/processed/wang/elephants/539.jpg,elephants,59.54429085055987,21.334636050573806,-20.873083004232473,-3.741234302520752,4.844368497818879,-4.357083423837348,7.22131872177124,17.308818500884513,-15.988017611336538
540,540.jpg,data/processed/wang/elephants/540.jpg,elephants,51.82667082796494,19.30726326713183,-18.68042011520309,8.288952827453613,4.751451205572072,-1.507075348406252,-4.79692268371582,22.93662266408363,-17.597945539734248
541,541.jpg,data/processed/wang/elephants/541.jpg,elephants,49.98043936987718,19.494017864468976,-18.669000717721495,-13.329838116963705,13.545533737732859,11.883841150288578,24.676039536794026,18.862958514268165,-14.85777575189412
542,542.jpg,data/processed/wang/elephants/542.jpg,elephants,51.322731810311474,23.424394023757102,-15.323946573027726,0.033539930979410805,4.458174755115055,-3.589246047243629,10.8423171043396,12.10752279270393,6.042211881075364
543,543.jpg,data/processed/wang/elephants/543.jpg,elephants,51.0571780304114,23.968384207602387,-17.969168893179003,5.243540128072103,5.475728511865804,-3.3405759317962707,5.931560516357422,9.866197798366434,8.390632371080178
544,544.jpg,data/processed/wang/elephants/544.jpg,elephants,57.67658557742834,19.45177712091704,-16.724326671409464,3.989269574483236,10.31983711353105,-11.780524377622793,12.38487958908081,15.697841753602694,-14.94539576475869
545,545.jpg,data/processed/wang/elephants/545.jpg,elephants,40.76531628767649,18.179782639066186,-9.045465764255617,9.67547575632731,4.954709101929755,2.771193180859467,-0.6733268102010092,15.287661913159196,-17.390480962776053
546,546.jpg,data/processed/wang/elephants/546.jpg,elephants,51.38200186192989,22.885930638980653,-16.585161336851606,3.2996071179707847,9.278099084376581,-10.646087458577151,9.371551990509033,9.979284040000673,-9.310566502254126
547,547.jpg,data/processed/wang/elephants/547.jpg,elephants,53.557479505737625,15.153782609133128,-16.065125517080403,3.141932646433512,3.745932167662728,3.4236565263582817,13.028648376464844,23.07086473340039,-13.378748360203547
548,548.jpg,data/processed/wang/elephants/548.jpg,elephants,61.02580434332291,21.847484215190864,-21.056788698981507,6.497479438781738,6.9416273665129316,2.7160598440500143,9.158550262451172,11.781582810927175,-8.983956165736902
549,549.jpg,data/processed/wang/elephants/549.jpg,elephants,56.71809787551562,26.38152800236931,-21.2509120005876,2.54471747080485,6.939346617161584,-4.1258521252177225,11.069411277770996,11.177629189706463,8.275631202757273
550,550.jpg,data/processed/wang/elephants/550.jpg,elephants,50.57264616092046,25.100139276294758,14.01710203272324,-2.7923172314961753,8.944796524073451,1.897358178072917,15.641809145609537,13.309029345339182,-5.038030306683369
551,551.jpg,data/processed/wang/elephants/551.jpg,elephants,41.465483171244465,24.30177161122492,13.015485988674317,-5.044312953948975,10.855835936879558,-9.19472541505553,18.171524047851562,17.199549399865816,14.382990568280476
552,552.jpg,data/processed/wang/elephants/552.jpg,elephants,51.266802536944546,19.224892942189136,-17.67918604968726,8.441323598225912,5.454839811447159,2.9837847439622207,-3.9630980491638184,22.238323362977525,-19.645353031759534
553,553.jpg,data/processed/wang/elephants/553.jpg,elephants,64.51407577842474,19.81617989011801,-22.526133174981165,0.40653467178344727,11.474343249149477,-9.08761096373794,10.608214855194092,16.819932461072796,-9.214737290495988
554,554.jpg,data/processed/wang/elephants/554.jpg,elephants,47.496503529449306,21.51784771632477,14.24227607210803,-1.287790298461914,9.980334585511981,-6.543120782957944,16.557316939036053,14.469455376705866,-9.088146818752746
555,555.jpg,data/processed/wang/elephants/555.jpg,elephants,45.775084321697555,24.195641973844005,-15.46567659319776,0.30447689692179364,4.113909223361,-4.1261162171078105,11.37439521153768,13.778133556601848,-7.564809756309405
556,556.jpg,data/processed/wang/elephants/556.jpg,elephants,55.15779132644335,19.882816964165823,-20.095862957431216,6.470667362213135,3.6386076186368355,-2.5141070848287783,-4.1310133934021,21.980591858365944,-13.530388475262257
557,557.jpg,data/processed/wang/elephants/557.jpg,elephants,47.803353890776634,22.19779272796119,-12.45813270811247,3.9447201093037925,3.1231381419876523,2.7439626164911797,-2.7044498125712075,10.159353087142083,-11.527049396152494
558,558.jpg,data/processed/wang/elephants/558.jpg,elephants,64.33040009190638,19.58460712207275,-20.134445930792538,1.792472203572591,4.77015446414621,-4.315549243052413,11.531952222188314,6.848846075296902,3.2056111227967143
559,559.jpg,data/processed/wang/elephants/559.jpg,elephants,48.99846358845631,20.044957713144488,-16.469450410355627,-3.9992189407348633,4.069313154334549,-2.6354901393611674,2.8495837847391763,23.16337105154267,-18.101190601372444
560,560.jpg,data/processed/wang/elephants/560.jpg,elephants,50.032344460487366,22.613960393741547,-15.666560290191095,0.487604300181071,4.096868972127593,-3.608105354407175,8.712372779846191,13.16436821354516,-5.60974917481035
561,561.jpg,data/processed/wang/elephants/561.jpg,elephants,62.16979349652926,21.55287838618659,-22.029980079932614,2.1549272537231445,3.2140886917581466,2.6143933351197894,15.098821957906088,19.43286008640664,-7.634434164802617
562,562.jpg,data/processed/wang/elephants/562.jpg,elephants,46.93646176407734,18.95302409993948,-15.332351001036841,-4.210877259572347,8.733510897125205,-6.279318779700823,23.62625567118327,12.309718529380774,-11.18332724544463
563,563.jpg,data/processed/wang/elephants/563.jpg,elephants,44.14392442752918,18.9469414650931,-11.096442087793065,6.724175930023193,5.092046634873614,-3.5571204860938943,8.214452743530273,16.93739555243103,-16.25266881226495
564,564.jpg,data/processed/wang/elephants/564.jpg,elephants,61.9341678917408,20.969394383587016,-19.62913443595869,0.5519709587097168,9.990853290469992,-10.669358964381907,16.916654586791992,16.173236935514126,-15.272875274502233
565,565.jpg,data/processed/wang/elephants/565.jpg,elephants,60.003503722449146,16.15298182693728,-17.035800202001706,2.498417059580485,6.2373740902900225,-5.442840148460239,-0.4720284144083659,36.58346972763739,23.100616389352467
566,566.jpg,data/processed/wang/elephants/566.jpg,elephants,49.60276329269012,24.279671365748012,-13.214966651484612,-5.215286572774251,8.905289510060317,-6.747715255072324,25.6262264251709,19.531533350374463,13.446544792915077
567,567.jpg,data/processed/wang/elephants/567.jpg,elephants,47.73287853846947,23.25615878001838,-11.968324920148937,-6.624310652414958,8.015811063736647,-6.751401398582358,27.33512306213379,18.319168800635072,-3.650714336969701
568,568.jpg,data/processed/wang/elephants/568.jpg,elephants,56.155042660733066,19.744648971651667,-17.966994497926965,-14.057269414265951,16.362432448722164,10.217406065752826,21.59374761581421,18.411905580944286,-8.267353949098705
569,569.jpg,data/processed/wang/elephants/569.jpg,elephants,43.20287834852934,21.745765435845055,-12.833843413404916,7.457240263621013,9.21177661427626,-9.640261897116538,11.68199602762858,9.80492126395658,-8.766479375051729
570,570.jpg,data/processed/wang/elephants/570.jpg,elephants,49.58352446556091,15.844196818977254,-17.449171593858473,0.28858168919881183,2.7419165810340758,1.2356204091990024,4.4409864743550616,21.11562057722421,-14.596932949263039
571,571.jpg,data/processed/wang/elephants/571.jpg,elephants,44.96258075038592,20.86812066713798,7.845857632615386,5.6633961995442705,3.2481141056633516,-1.064247827180707,4.579954147338867,7.157790284581195,-8.452538056902426
572,572.jpg,data/processed/wang/elephants/572.jpg,elephants,51.26327543208996,20.57108102275602,-14.075528383700696,7.513328552246094,10.28589482770362,-11.474716992712317,1.0603493054707844,9.476478208932368,3.713682272212635
573,573.jpg,data/processed/wang/elephants/573.jpg,elephants,51.19313405205806,20.613571527810528,-18.661907476156056,6.0908559163411455,3.119009115690805,-2.357198352396077,-4.395070393880208,16.61495195682603,-13.441406361246724
574,574.jpg,data/processed/wang/elephants/574.jpg,elephants,50.4441624507308,23.678440707700005,-19.024285840773807,6.0831618309021,7.522832775178077,-7.080494350794018,5.190163453420003,6.572666908809439,-7.147846279369428
575,575.jpg,data/processed/wang/elephants/575.jpg,elephants,44.90465708076954,19.04760039983674,15.52026773225967,8.943601449330648,10.63318168363988,-6.4863228794088155,19.39203151067098,13.88939783374442,-8.140867365223233
576,576.jpg,data/processed/wang/elephants/576.jpg,elephants,47.673627423743405,18.234555868207508,-15.20418812649661,-2.489391326904297,8.249624453565392,-7.538546435379684,21.08580207824707,10.17069228140746,-8.652729739711848
577,577.jpg,data/processed/wang/elephants/577.jpg,elephants,45.033963583409786,18.821783776682484,-12.834575278738466,5.540834744771321,3.9820104954725246,-1.8689178886005624,3.5033650398254395,15.648151060810209,-16.38822552105011
578,578.jpg,data/processed/wang/elephants/578.jpg,elephants,55.865468395253025,25.01065403075451,-23.031594212545958,-4.197916030883789,10.270920544835018,-8.68095614652984,10.033323923746744,16.887463235788932,7.593290589003226
579,579.jpg,data/processed/wang/elephants/579.jpg,elephants,51.180532512565456,22.765454732418974,-16.127068955395593,-0.7520820299784342,5.949139313253957,-5.221373177352936,4.551243940989177,10.504769422703866,-9.22010370485252
580,580.jpg,data/processed/wang/elephants/580.jpg,elephants,48.61710897336403,22.817641786333283,-15.563228149071957,5.551095962524414,5.846420496877901,4.734518286773565,13.032934029897055,9.195065164317658,5.93711586459354
581,581.jpg,data/processed/wang/elephants/581.jpg,elephants,52.01867955426375,26.077950638773476,-15.353601646159007,-0.07845862706502278,5.6273754257078465,-4.379889044549536,12.895098050435385,9.045557295033507,-7.1473705303775334
582,582.jpg,data/processed/wang/elephants/582.jpg,elephants,61.77627543608347,22.71799830841677,-18.31205647277571,-7.573357899983724,7.411388158679683,-5.662868197439819,-4.932493686676025,10.375855665659989,5.624256843707736
583,583.jpg,data/processed/wang/elephants/583.jpg,elephants,50.224015985925995,22.91642094018021,-18.974135641842928,-3.5784807205200195,4.928835034670812,-3.207648840672652,6.536099751790364,11.743983007896233,-6.4609340851311075
584,584.jpg,data/processed/wang/elephants/584.jpg,elephants,63.95940290143093,22.58510389929349,-20.997647794520375,-1.0245747566223145,3.46791886677674,2.9127440338363364,-3.5624581972757974,8.008242854873979,5.886069623607476
585,585.jpg,data/processed/wang/elephants/585.jpg,elephants,59.33071921269099,29.9007908673523,-27.818267926769103,-1.0285669962565105,3.341584445979095,-1.9043996870255653,-3.5382169087727866,7.4480920258731835,2.553763009187894
586,586.jpg,data/processed/wang/elephants/586.jpg,elephants,67.51846000552177,23.620232845221132,-23.574616633178895,-1.568948745727539,3.7616757955027347,3.9506725520846584,-0.40229352315266925,8.37442801147667,7.7293409835968285
587,587.jpg,data/processed/wang/elephants/587.jpg,elephants,48.306445591151714,18.99773155623122,-10.809100955708102,-0.9595130284627279,4.986232267786155,-2.2641746668444105,5.432387034098308,12.483066336441922,-6.2579540835998415
588,588.jpg,data/processed/wang/elephants/588.jpg,elephants,56.18201786031326,18.40408815377718,-10.2671939944808,-1.7351229985555012,5.185657761703423,-4.3537347319619855,3.633768081665039,10.928722977125021,7.793858816267273
589,589.jpg,data/processed/wang/elephants/589.jpg,elephants,63.81186253080765,24.03130366929607,-22.22829124651856,1.206114927927653,4.41140651111736,4.744549927898828,-2.076173782348633,10.535389755234407,-5.182161255182321
590,590.jpg,data/processed/wang/elephants/590.jpg,elephants,55.46187416960796,21.14529563595865,-19.578199543493795,-5.038051287333171,4.050777764616705,-2.970241091932703,-7.655582745869954,13.50418831236948,8.49405491647206
591,591.jpg,data/processed/wang/elephants/591.jpg,elephants,56.350501254200935,25.77754488703245,-22.38665161371474,-4.1645050048828125,4.83809628911428,-4.527307522716682,-5.303736686706543,10.634503635088361,4.186730500674123
592,592.jpg,data/processed/wang/elephants/592.jpg,elephants,66.4901876822114,22.88182318842095,-20.573097314675998,-0.3472903569539388,4.457703356976633,4.154430934124865,1.7132851282755535,8.79469955415705,4.119283878302047
593,593.jpg,data/processed/wang/elephants/593.jpg,elephants,64.33044305692117,22.155078808822157,-21.36811167865956,0.7589554786682129,3.1638667944731167,1.9907278445014074,-5.55670690536499,9.653788070393347,-2.641379086280015
594,594.jpg,data/processed/wang/elephants/594.jpg,elephants,58.23493326703707,17.40685044564394,-15.74694310540987,-1.6162150700887044,4.90066418676531,-3.2542642310670535,5.135982195536296,10.471297478258219,2.841799781329984
595,595.jpg,data/processed/wang/elephants/595.jpg,elephants,65.09987538059552,23.6510910349421,-22.249335688301286,1.0417194366455078,4.55221545428471,4.796536663303313,-1.8310154279073079,10.331418096380583,2.3059654985875557
596,596.jpg,data/processed/wang/elephants/596.jpg,elephants,59.61028082917134,30.497991777243758,-27.906473676557752,-0.8008317947387695,3.515815690121738,-2.7087078105886184,-3.291698614756266,7.72010937970245,2.6414033047703196
597,597.jpg,data/processed/wang/elephants/597.jpg,elephants,53.8866109525164,22.15574455001006,-12.940884984444331,0.5425992012023926,5.819071180670789,5.949523917804367,1.841138203938802,11.977734951207365,8.776839657420076
598,598.jpg,data/processed/wang/elephants/598.jpg,elephants,55.59667789687713,20.00778530458969,-17.939706741134714,-7.007445176442464,4.877128217447131,2.5957296330857504,-5.606613318125407,18.49543000251911,-10.034019273876254
599,599.jpg,data/processed/wang/elephants/599.jpg,elephants,69.98712581892808,26.01666079538493,-27.96127530057193,-0.45790545145670575,4.320121060810085,3.548977730311755,-0.9914803504943848,7.849272022312869,3.2500433223488545
600,600.jpg,data/processed/wang/flowers/600.jpg,flowers,29.85387071967125,28.640218709913594,21.902557048866527,6.910469055175781,12.941554029488337,12.034016241974225,29.168277263641357,30.569684676694447,22.912615926210634
601,601.jpg,data/processed/wang/flowers/601.jpg,flowers,34.19691125551859,13.051635143782194,5.911520764746687,9.364619414011637,29.681120145173047,26.46757732688934,24.52593755722046,9.665257841706783,-8.116815851111735
602,602.jpg,data/processed/wang/flowers/602.jpg,flowers,28.523193175594013,13.95988134295911,-7.280259628379399,29.962505340576172,30.941085186177297,-21.304765941072674,20.85609483718872,13.160610467855944,7.9598769577821535
603,603.jpg,data/processed/wang/flowers/603.jpg,flowers,21.53022134055694,19.038859154859075,11.329491320386031,24.565877119700115,31.44174445500226,21.59423980407323,20.15646155675252,22.747033569388517,17.013244956621666
604,604.jpg,data/processed/wang/flowers/604.jpg,flowers,24.03401167442401,29.52301003939647,26.578288905696926,2.388092358907064,4.357292204503932,5.442502161018257,2.705482800801595,9.080816785433313,13.378885974203243
605,605.jpg,data/processed/wang/flowers/605.jpg,flowers,29.426623322069645,21.61116795744584,18.002152206538902,18.153244813283283,19.58269965481008,16.143463628079466,21.305877049763996,19.2524541631333,15.967561902833584
606,606.jpg,data/processed/wang/flowers/606.jpg,flowers,24.01750547190507,22.51906766593567,20.75727731815586,11.333313941955566,22.417738193410244,22.77097015256385,3.5797502199808755,8.195972804444152,11.148942580810742
607,607.jpg,data/processed/wang/flowers/607.jpg,flowers,32.32593089342117,23.004421056465507,15.288399115466515,11.713005065917969,24.752383925718465,24.03733181435517,10.361371676127115,13.057269122546188,11.433951033731343
608,608.jpg,data/processed/wang/flowers/608.jpg,flowers,33.3369625111421,13.739637658028416,-12.436271175153605,32.1711483001709,34.8213676625334,-24.729823064257815,24.943759600321453,13.091013416335182,-9.513328127766508
609,609.jpg,data/processed/wang/flowers/609.jpg,flowers,33.46969919900099,27.51024154607512,-13.417794471795975,5.865597248077393,7.1849516728497385,8.5728622239013,34.495615005493164,28.670057603114415,-17.238675025913757
610,610.jpg,data/processed/wang/flowers/610.jpg,flowers,31.777670793235302,14.82724906793115,11.845057214409247,17.52575667699178,29.5070636695785,16.375527299979282,24.16555945078532,13.653648083830213,6.733518488235374
611,611.jpg,data/processed/wang/flowers/611.jpg,flowers,22.695678596695263,27.4019806272948,24.664615253625566,0.7427139282226562,3.3215635607103327,4.647685664649822,7.3759613037109375,11.958037422853417,14.70668852899652
612,612.jpg,data/processed/wang/flowers/612.jpg,flowers,24.44660688440005,25.286645777990753,23.012290748211704,16.321036497751873,22.00597339358849,19.080752915112356,0.4197789827982585,9.298183295150135,11.103240699900898
613,613.jpg,data/processed/wang/flowers/613.jpg,flowers,19.885624013841152,22.201805006132563,17.418122021681903,17.012508551279705,20.22685215524732,16.367725972323477,2.28690242767334,6.007910846550022,7.7928861577254525
614,614.jpg,data/processed/wang/flowers/614.jpg,flowers,25.864110762874287,24.08478657058064,18.804615842768776,19.814265251159668,23.696524218215785,17.846344665067626,18.644110043843586,20.571017543454314,17.14302013736519
615,615.jpg,data/processed/wang/flowers/615.jpg,flowers,26.23212008426587,27.334015632749523,20.10664897187567,12.852373441060385,15.718389955477674,13.777576529588492,17.29260524113973,19.975142026400874,17.122251267410064
616,616.jpg,data/processed/wang/flowers/616.jpg,flowers,17.08144557972749,10.639241459247346,6.255134957931285,17.55117591222127,24.747389780722926,16.132066145753196,15.434986591339111,13.007213707941828,8.907040654469899
617,617.jpg,data/processed/wang/flowers/617.jpg,flowers,24.558463506400585,27.64543869919772,22.25969571369634,7.3441392580668134,9.480328400478903,9.172264382106267,9.95432996749878,15.089317344719579,17.075148923780034
618,618.jpg,data/processed/wang/flowers/618.jpg,flowers,17.6365926861763,15.577888794567556,11.541878793002692,21.56320349375407,30.406627814679457,24.009356727427893,8.04669682184855,10.865695033897854,11.44092799009685
619,619.jpg,data/processed/wang/flowers/619.jpg,flowers,26.709272153675556,18.972386032467274,9.722985266248749,22.52033805847168,29.16867865454236,19.911333345136764,17.126573085784912,17.516528107471963,14.235357919339512
620,620.jpg,data/processed/wang/flowers/620.jpg,flowers,25.098216347396374,13.39103020205463,10.339344534014863,18.618950366973877,28.225342596287074,19.408311402117786,17.06118631362915,15.635213045029095,11.918814180630392
621,621.jpg,data/processed/wang/flowers/621.jpg,flowers,19.364987996717293,19.09328463377885,17.386735172285206,18.603638013203938,27.5656949946304,23.26657283182701,9.232421239217123,12.25774642591413,12.939749779371496
622,622.jpg,data/processed/wang/flowers/622.jpg,flowers,19.898023270070553,19.948238998821996,18.76615985350906,17.097581386566162,22.60496232531594,17.976380458131437,-0.4817967414855957,12.475794382601858,10.97296263952456
623,623.jpg,data/processed/wang/flowers/623.jpg,flowers,28.07211137066285,25.474758444909888,23.386539457025343,1.7692712148030598,6.7847356383643085,6.402934892270252,21.597436904907227,27.229974181245833,26.770362228965375
624,624.jpg,data/processed/wang/flowers/624.jpg,flowers,28.274297652145226,15.432864684444928,-10.150982352265729,21.14532407124837,34.096816889183735,23.79256859627405,14.573702653249105,12.037895696705911,9.782041120549565
625,625.jpg,data/processed/wang/flowers/625.jpg,flowers,24.128293804824352,29.42877476420154,24.820636859353435,1.7044315338134766,4.935336793137411,7.715638643989886,5.640239238739014,10.178347123272411,12.875138073345619
626,626.jpg,data/processed/wang/flowers/626.jpg,flowers,22.370507133503754,18.434844501252933,10.857140589162777,26.536638418833416,30.28237945820593,18.992863996436416,21.33339246114095,22.021777169926487,14.125657640589157
627,627.jpg,data/processed/wang/flowers/627.jpg,flowers,28.65554081896941,31.20288340028042,23.690040090077567,-0.38074827194213867,2.7584036301974937,2.5593951723529003,5.238353252410889,10.357085430502565,15.280427020477692
628,628.jpg,data/processed/wang/flowers/628.jpg,flowers,32.08297944317261,28.113144496194238,16.77992400827593,5.694150924682617,7.852190040814454,8.410117178208676,31.08920892079671,29.893675230025966,16.4130994876258
629,629.jpg,data/processed/wang/flowers/629.jpg,flowers,23.291541822254658,19.741275355071895,11.138407229216954,14.83875560760498,31.976905568194017,29.96719858603447,6.9064375559488935,11.462048408678427,7.908990517178682
630,630.jpg,data/processed/wang/flowers/630.jpg,flowers,26.933681033551693,20.127453956612943,-10.118547271943957,31.77463134129842,32.029927070408924,-15.180488736640987,20.713939507802326,19.067718843324315,9.82548984137895
631,631.jpg,data/processed/wang/flowers/631.jpg,flowers,24.999643800159294,24.544666723443896,20.011580440231782,19.92427905400594,19.824379625082706,15.620312565946755,17.67031462987264,20.037969163724423,16.67320589366087
632,632.jpg,data/processed/wang/flowers/632.jpg,flowers,28.205576539039612,25.743191092813536,23.981308588182124,15.111979802449545,23.84126460623761,21.24125789265094,10.978703180948893,15.577238448792597,17.000700708756984
633,633.jpg,data/processed/wang/flowers/633.jpg,flowers,30.56441228836775,26.892855272460324,7.6603539903370965,11.136863867441813,12.188590007625232,11.152011622918474,31.346600373586018,28.752986080113732,-9.52588172738546
634,634.jpg,data/processed/wang/flowers/634.jpg,flowers,27.617231383919716,14.292677641119,-9.258980992126968,22.657856782277424,31.60085550111698,21.62835402756484,19.908347129821777,14.956922819415029,10.404879964573137
635,635.jpg,data/processed/wang/flowers/635.jpg,flowers,24.396751758952934,20.0287571172823,15.739589578649817,20.56097475687663,31.78994493935808,25.15980450946074,6.885287761688232,10.481534602144196,14.55829174828205
636,636.jpg,data/processed/wang/flowers/636.jpg,flowers,27.44189966470003,24.262159360976852,17.939778429405344,18.78815158208211,21.201803644695293,14.943123777031843,24.192758401234943,24.342163655818712,17.794768269911046
637,637.jpg,data/processed/wang/flowers/637.jpg,flowers,18.732015726466972,15.313576424803898,9.148327818884638,17.99505376815796,30.48797923567165,22.791109042979535,7.965820789337158,9.437657042080543,7.312602324276847
638,638.jpg,data/processed/wang/flowers/638.jpg,flowers,27.563294830421608,26.600158440028647,19.87881484935052,10.637030760447184,14.781615268485078,13.231450062629108,8.557207266489664,13.381982188890946,16.57646585195783
639,639.jpg,data/processed/wang/flowers/639.jpg,flowers,23.27423890431722,15.905185435561389,8.69760370451339,9.708580811818441,24.594014776982167,18.26019214624401,21.888614654541016,19.013870771183274,13.576800012190215
640,640.jpg,data/processed/wang/flowers/640.jpg,flowers,29.719052091240883,12.37077844217438,12.789650652224877,10.84336233139038,32.46192011145438,22.970261181843917,5.312357107798259,17.37032768742474,-15.07860106071092
641,641.jpg,data/processed/wang/flowers/641.jpg,flowers,31.959709463020165,28.621672950401823,17.881243265903564,2.1767738660176597,8.192203401955263,7.550960990321997,30.460001786549885,31.511963463646893,20.303777769869725
642,642.jpg,data/processed/wang/flowers/642.jpg,flowers,29.56086006015539,29.118281202582903,22.882155728776844,-2.4926327069600425,3.9318729540413813,-4.442927246589784,6.171927769978841,9.902504344553208,11.94259488394519
643,643.jpg,data/processed/wang/flowers/643.jpg,flowers,25.739675325651962,13.3510311106476,-9.676908122489827,23.534971714019775,30.51946361923505,19.85590381488355,24.730192979176838,17.026286278594583,9.47460876072639
644,644.jpg,data/processed/wang/flowers/644.jpg,flowers,29.77478690445423,32.195663479152365,25.052604420632093,0.8093649546305338,4.8627486534841635,5.523414497007419,27.860564549763996,33.16175604327962,26.05168383451818
645,645.jpg,data/processed/wang/flowers/645.jpg,flowers,18.493403121829033,17.9313064115705,17.093660080801207,11.34876537322998,27.75279868543313,28.692265222076003,1.9319265683492024,9.891767692862773,6.406604280534424
646,646.jpg,data/processed/wang/flowers/646.jpg,flowers,31.10646487524112,14.461787327144144,-7.21132383851505,3.5345168113708496,29.174555875129013,30.929072049474573,17.21298837661743,9.927973291700987,-7.427842499735655
647,647.jpg,data/processed/wang/flowers/647.jpg,flowers,30.426429646710556,31.27250593623783,21.41795446430559,-0.9552055994669596,4.741295114918287,-3.3735570687521426,19.255788326263428,22.492514721100033,20.439091323923115
648,648.jpg,data/processed/wang/flowers/648.jpg,flowers,24.14431193222602,24.036150727969822,15.317212760239354,28.083529154459637,28.511503238935752,13.354044723953404,7.416630268096924,10.140075266201862,10.241319433329581
649,649.jpg,data/processed/wang/flowers/649.jpg,flowers,18.431128126879532,24.598290436071334,24.445725924398467,12.803396860758463,20.450034371953826,19.530957157078717,11.191177686055502,16.87727418192238,17.769532817081892
650,650.jpg,data/processed/wang/flowers/650.jpg,flowers,20.235851779580116,14.42018284301497,12.180495022478272,16.18681287765503,29.011623683092978,23.490458885449172,12.840373198191324,14.782388759002181,13.816181781516114
651,651.jpg,data/processed/wang/flowers/651.jpg,flowers,22.751958792408306,23.78787678306535,23.684613715572624,3.2304189999898276,11.058028261076657,7.388985829184312,2.0800352096557617,7.393141844333043,6.405045930779165
652,652.jpg,data/processed/wang/flowers/652.jpg,flowers,21.761050261557102,18.564964403424163,17.619916042431043,15.028167565663656,27.071044320752147,25.574834597902722,0.21202373504638672,12.611373108740018,-11.934090909416671
653,653.jpg,data/processed/wang/flowers/653.jpg,flowers,21.173234346012276,24.17671507228273,21.69624223240686,5.790587743123372,11.539540276774613,12.782434673641198,19.595319588979084,23.407157171321774,20.285417911159776
654,654.jpg,data/processed/wang/flowers/654.jpg,flowers,32.87872386475404,16.254382837718346,6.1945927692049985,13.81291119257609,29.06319585700822,14.34551392943709,5.871439139048259,20.428826177993802,-8.900678363322578
655,655.jpg,data/processed/wang/flowers/655.jpg,flowers,17.739239893853664,20.23241620352372,22.376156388630314,8.673010985056559,19.896517905350077,19.63204265673302,9.808300336201986,12.722993774232874,13.862491036008596
656,656.jpg,data/processed/wang/flowers/656.jpg,flowers,20.493414687613647,29.184780514806242,30.69640653679462,-0.5378591219584147,3.648104778052607,-4.263907625007169,1.3850507736206055,5.98622964666209,9.35918878869106
657,657.jpg,data/processed/wang/flowers/657.jpg,flowers,17.285858777662117,11.601474148568679,7.7623283092101945,21.036986351013184,24.469325413298293,17.562662108770546,11.889339764912924,14.130872429579219,12.018374575071661
658,658.jpg,data/processed/wang/flowers/658.jpg,flowers,23.12337675442298,29.340220527739,27.233297770891504,-0.460935115814209,3.094760654237092,3.6153966072035613,14.20479933420817,21.013268838872808,22.580393979291998
659,659.jpg,data/processed/wang/flowers/659.jpg,flowers,13.396081328392029,17.27060910179591,18.30785919157705,15.197514375050863,22.56602099441436,21.47040408344904,8.025461673736572,11.479527918303376,11.514863753600315
660,660.jpg,data/processed/wang/flowers/660.jpg,flowers,13.908795764048895,19.97394408419716,20.96227453821868,13.963751316070557,18.99923668653845,17.362918230665564,0.9048023223876953,5.434729677940071,5.048285469407142
661,661.jpg,data/processed/wang/flowers/661.jpg,flowers,20.117882452905178,25.26901507605606,25.365790897747125,5.852949460347493,13.659397429189193,15.065684473692063,-0.21247339248657227,6.14841973726609,5.477396838410655
662,662.jpg,data/processed/wang/flowers/662.jpg,flowers,13.16454311211904,14.88324574487913,18.005581924844336,12.908406098683676,22.71499488100015,21.784196420152206,8.700617154439291,11.449233274906975,11.71280909460512
663,663.jpg,data/processed/wang/flowers/663.jpg,flowers,13.559611762563387,13.384251337190623,12.183772410857781,19.289157231648762,26.003505759879044,21.44544125843838,4.463376998901367,7.458090139933983,8.103551739412861
664,664.jpg,data/processed/wang/flowers/664.jpg,flowers,13.739682423571745,19.879026014844857,20.980129699425184,9.556952953338623,15.846754613668654,17.088547683327654,-0.10179424285888672,6.236571836816996,7.509876378538555
665,665.jpg,data/processed/wang/flowers/665.jpg,flowers,18.345041510959465,21.845299460970274,22.40205084130268,17.699523131052654,26.80651116647109,24.802848815945033,-0.7106115023295084,8.683083071946701,7.786030161312452
666,666.jpg,data/processed/wang/flowers/666.jpg,flowers,25.378572878738243,23.440220178761432,19.037207834229573,18.78661282857259,21.057762029193153,16.596609005905663,18.508251031239826,19.247786161905424,16.147235486663043
667,667.jpg,data/processed/wang/flowers/667.jpg,flowers,28.843796501557033,16.694567559042284,8.047155020902373,7.187743186950684,26.969341594552425,26.967638971703625,15.27660846710205,14.611315861575942,13.927805133622158
668,668.jpg,data/processed/wang/flowers/668.jpg,flowers,28.80287605027358,13.249963055784391,4.760615830986905,38.873142083485924,22.623395051302047,-22.294194674908397,7.327619870503743,8.948423706528956,6.875276323008723
669,669.jpg,data/processed/wang/flowers/669.jpg,flowers,25.08854940533638,13.19136311242986,9.47705134490688,15.591204961140951,27.821502807286258,23.81796122997642,15.934271812438965,10.675838791321073,10.31237713076864
670,670.jpg,data/processed/wang/flowers/670.jpg,flowers,32.40192507704099,28.66198397826263,16.643315908599547,-0.09058872858683269,8.628206312595673,9.220765277001037,25.835145314534504,24.518765250394996,16.648417581106052
671,671.jpg,data/processed/wang/flowers/671.jpg,flowers,23.27587517599265,26.044706036255466,23.432229163819382,11.621550718943277,18.70738333381963,17.44128923688239,0.9533650080362955,6.770742673170159,6.512462048254335
672,672.jpg,data/processed/wang/flowers/672.jpg,flowers,27.42508544276158,16.322991823852973,-10.22756330632361,11.668139139811197,34.39782985898506,33.07117771307344,12.949441115061441,10.795335895334079,8.2640643686482
673,673.jpg,data/processed/wang/flowers/673.jpg,flowers,24.559009323517483,17.800124983770033,9.336654177005848,23.861985683441162,30.78974131272698,21.558685545641445,21.8378643989563,19.787834579738934,13.80417933587906
674,674.jpg,data/processed/wang/flowers/674.jpg,flowers,26.795521564781666,19.323259481432064,14.328436018374632,20.945583661397297,28.863508126984577,20.598868951282626,1.8340056737263997,12.476096143082053,10.927208277976515
675,675.jpg,data/processed/wang/flowers/675.jpg,flowers,26.33500024676323,28.81175426581165,26.438229257678152,0.42184241612752277,8.589208741425606,10.801246442102448,22.924595673878986,28.095495582892188,26.74739968041122
676,676.jpg,data/processed/wang/flowers/676.jpg,flowers,36.38367416958014,15.264998782610567,12.126822071411748,-2.2661943435668945,20.19000619867648,26.000975926180985,20.78907855351766,12.657267500346245,11.35700333175264
677,677.jpg,data/processed/wang/flowers/677.jpg,flowers,24.498011854787666,12.378661340914865,11.746096942118118,17.45124085744222,26.711162147169752,25.367152682815334,1.4655532836914062,13.322006544387277,12.614906988594537
678,678.jpg,data/processed/wang/flowers/678.jpg,flowers,13.908534434934458,14.457565240682854,18.17362751536753,8.816469669342041,20.326157552858827,22.230151429702268,9.205779870351156,12.199402385937898,13.363226358813169
679,679.jpg,data/processed/wang/flowers/679.jpg,flowers,28.938940229515236,25.762640395529502,25.655627870485105,-5.76553201675415,8.587465874448005,7.368556075430449,26.837363402048748,23.97154443966784,23.406874212915426
680,680.jpg,data/processed/wang/flowers/680.jpg,flowers,35.135223219792046,13.478892725858328,6.446285635384964,8.075326124827066,28.26341541554911,28.184699568292125,23.6910080909729,10.229881524380422,3.0278279590373995
681,681.jpg,data/processed/wang/flowers/681.jpg,flowers,18.30223761498928,14.516337398460431,16.855864147108967,-0.11950572331746419,17.96874677935016,24.670576833727512,6.132293065388997,9.136032176735416,-5.726434594732391
682,682.jpg,data/processed/wang/flowers/682.jpg,flowers,18.911859455207985,14.366181680351309,15.569460941978164,-0.696404774983724,18.087647053615246,24.89049780268043,6.8062106768290205,6.998705730076184,8.623770148787742
683,683.jpg,data/processed/wang/flowers/683.jpg,flowers,33.29691868275404,16.197543304122355,9.208215482338273,8.772513071695963,21.985671062687366,21.829859738490576,3.28259547551473,13.480669706377828,-1.7664027426346245
684,684.jpg,data/processed/wang/flowers/684.jpg,flowers,15.907899228235086,22.051308112410624,25.719722002635777,1.2931736310323079,15.45082693740819,19.70507115559306,4.951312224070231,11.126065937356,12.723966851586095
685,685.jpg,data/processed/wang/flowers/685.jpg,flowers,23.557961235443752,25.926715392095613,25.5347064056835,-0.33590173721313477,5.434014122766836,7.6932424340650325,8.837423324584961,11.909886344606466,14.2648469399399
686,686.jpg,data/processed/wang/flowers/686.jpg,flowers,17.841782545049984,16.180044072929615,16.79652263897279,7.185558954874675,13.290482207217932,18.085258547938636,-3.677775224049886,9.421105836802342,9.498242065436106
687,687.jpg,data/processed/wang/flowers/687.jpg,flowers,25.835385421911877,21.473961904908133,19.14744982051151,12.699760913848877,26.35483435780176,22.106950283128505,10.7861909866333,8.10411779917182,3.9045954536233873
688,688.jpg,data/processed/wang/flowers/688.jpg,flowers,15.080747132500013,17.21277174487902,17.454111253225506,22.12689208984375,25.266546321574523,18.378765428875877,11.434143861134848,14.330746264945295,12.22530319643447
689,689.jpg,data/processed/wang/flowers/689.jpg,flowers,37.41213151564201,25.93504620131639,-17.46197297960793,7.917433102925618,7.748351157157874,7.658429787134324,-1.6136190096537273,9.070854789958558,12.858844939634922
690,690.jpg,data/processed/wang/flowers/690.jpg,flowers,26.301362738013268,18.663915191057036,13.520798309113392,18.443830808003742,31.12371296588329,24.877542595350143,0.8602665265401205,13.73051296252004,4.36787764049996
691,691.jpg,data/processed/wang/flowers/691.jpg,flowers,37.775994216402374,10.142549148247992,-7.086653822146291,-6.606434504191081,32.69087553026344,35.93134893685165,17.116438388824463,8.145731304386873,7.607688835953318
692,692.jpg,data/processed/wang/flowers/692.jpg,flowers,27.9664633795619,24.313783698262277,19.980863111882385,-7.6010667483011884,7.250274099630263,4.729625055915168,8.353822708129883,12.298259669975872,14.241754873881918
693,693.jpg,data/processed/wang/flowers/693.jpg,flowers,34.62931755930185,15.732377393355343,12.464449417857946,8.868555068969727,38.22660086963138,33.78746328061128,9.814955234527588,9.700007308629626,-9.5965375590601
694,694.jpg,data/processed/wang/flowers/694.jpg,flowers,40.95915785680214,16.106880230603693,-9.440724808766713,34.3578527768453,22.237057585234183,-18.25421950926446,-7.799575646718343,10.699044705430154,7.743164131170806
695,695.jpg,data/processed/wang/flowers/695.jpg,flowers,42.02819590767225,13.680805332159082,-11.486263861906792,9.422906875610352,44.954316937132376,39.89310098943412,5.354955832163493,14.350414477283163,-14.862824092947118
696,696.jpg,data/processed/wang/flowers/696.jpg,flowers,41.14105124026537,11.016926980539145,-6.650520967276905,46.43236621220907,34.87892842694429,-41.55229769907858,29.516110102335613,11.700620287852313,-11.110621547591352
697,697.jpg,data/processed/wang/flowers/697.jpg,flowers,34.641517139971256,13.997659518443434,10.03634215334802,-7.105481783548991,37.1756619704384,36.64211011026539,13.8270214398702,7.995178042978226,4.164418531944142
698,698.jpg,data/processed/wang/flowers/698.jpg,flowers,29.39859324445327,18.617639777889178,16.104845613636535,-4.9075703620910645,14.948209597353966,12.743018330508281,19.943559646606445,13.788866188738465,13.983899426227246
699,699.jpg,data/processed/wang/flowers/699.jpg,flowers,24.0855826685826,16.265347853875532,13.922053311245929,1.5066680908203125,32.55384151232315,31.50146296200261,12.263380209604898,9.4342763892019,8.189015367797246
700,700.jpg,data/processed/wang/horses/700.jpg,horses,43.62221360206604,19.702376308657488,18.6913522867117,-8.199392954508463,13.522708172892928,11.633386171511052,22.902345498402912,9.205846760815561,-8.474110854984719
701,701.jpg,data/processed/wang/horses/701.jpg,horses,34.57323467979828,18.484377340042652,12.496285600878753,-10.368943532307943,12.375878742591556,12.731014760924278,16.978917121887207,11.635712346443292,7.143906576085891
702,702.jpg,data/processed/wang/horses/702.jpg,horses,44.49651756634315,18.02282817581945,-12.265046162128607,-17.93619966506958,18.07981998419386,18.569303553799937,20.590574582417805,11.44039120375944,-8.965449317133018
703,703.jpg,data/processed/wang/horses/703.jpg,horses,51.62820126861334,16.29168686284561,-15.587597778536908,-11.941996097564697,17.80908783913924,16.471751858896692,16.906464735666912,8.038544626801999,-5.353039674368128
704,704.jpg,data/processed/wang/horses/704.jpg,horses,44.00605044017235,15.513394661722506,-9.667313760372807,-11.67830721537272,8.181847990928988,9.4419732148204,23.596564610799152,13.374097188497428,12.12480726864026
705,705.jpg,data/processed/wang/horses/705.jpg,horses,43.52808985859156,22.038475441647382,9.589444811436525,-15.657063166300455,11.766659571225793,12.092070532025733,25.22795311609904,17.39972945029472,10.624773437806894
706,706.jpg,data/processed/wang/horses/706.jpg,horses,33.808627600471176,16.093864465591253,9.760970877656657,-9.530494530995687,9.142145504406026,11.677515327816721,18.3051602045695,11.539726729359264,10.095875660916775
707,707.jpg,data/processed/wang/horses/707.jpg,horses,42.877103202044964,15.422920370438284,-7.004479794169015,-12.691447257995605,9.219074396891827,10.65288414835759,19.621360937754314,13.077048550482251,9.088975633326147
708,708.jpg,data/processed/wang/horses/708.jpg,horses,43.36078315973282,19.363970546971185,-11.20464555326495,-9.872388998667398,14.566682237508626,12.782192294969882,17.552570184071858,12.365355840857246,-9.366207370506626
709,709.jpg,data/processed/wang/horses/709.jpg,horses,26.901698298752308,21.22068707849361,25.218444521707607,-1.5510153770446777,12.231512180780445,11.87911045083083,11.502861817677816,8.366092500897357,-6.84021693277629
710,710.jpg,data/processed/wang/horses/710.jpg,horses,42.30360115567843,20.504888601953596,20.161054804727844,-4.941017468770345,16.10284408163375,16.64433165661155,20.149750391642254,10.056613879107784,-10.781100618290115
711,711.jpg,data/processed/wang/horses/711.jpg,horses,57.09996825704972,16.488163945261196,-15.3476925107998,-20.452337741851807,12.152363000599808,16.701630933149737,37.81457996368408,17.62200384637636,-12.262922341437575
712,712.jpg,data/processed/wang/horses/712.jpg,horses,38.65420141567787,19.58651081760414,15.163198520657282,-8.971067269643148,12.816828091571637,10.27888375834484,14.5499636332194,11.343476751155368,-9.691255457703015
713,713.jpg,data/processed/wang/horses/713.jpg,horses,25.902375392615795,18.944182532776434,20.188839555926805,-9.267067432403564,11.938812215904756,9.237050844272966,12.423005739847818,8.42242510248435,1.99327773277972
714,714.jpg,data/processed/wang/horses/714.jpg,horses,31.188019054631393,19.864817125890895,14.92075309400152,-6.008633136749268,12.103053787367676,11.28705626160736,9.922536214192709,16.402214788223684,-6.945919448510429
715,715.jpg,data/processed/wang/horses/715.jpg,horses,22.206058787802856,18.411511475794335,18.181710766036666,-7.626270135243733,11.421350242179813,6.903213713639714,7.248456160227458,14.568348914991315,3.7263971361501698
716,716.jpg,data/processed/wang/horses/716.jpg,horses,51.84029079973698,21.750300618165582,-20.694397135900875,-9.67411200205485,15.03167228038249,16.501616089416785,25.305446942647297,19.811008133572187,17.404348793547967
717,717.jpg,data/processed/wang/horses/717.jpg,horses,44.55621453622977,25.75589154360605,22.443089361655787,-6.330269495646159,11.942788296929704,11.64628677693542,17.336970170338947,10.736505283460742,-8.184816913151906
718,718.jpg,data/processed/wang/horses/718.jpg,horses,29.83389726529519,17.258685494187418,14.467295047830952,-12.819069385528564,10.499645938865036,10.062672856192112,19.569066683451336,11.717544923604533,6.851089923139787
719,719.jpg,data/processed/wang/horses/719.jpg,horses,60.35827808082104,17.67451694306534,-20.31934707059073,-14.506705602010092,16.6226791485381,19.221371586022546,18.971603870391846,15.997423528900583,17.159702087309938
720,720.jpg,data/processed/wang/horses/720.jpg,horses,53.04671743263801,15.753741834403087,-15.479073693388298,-17.6044864654541,14.207889864780856,18.70461154575637,11.37899080912272,6.67027031161448,-5.064014278004116
721,721.jpg,data/processed/wang/horses/721.jpg,horses,32.91326512893041,20.679808226523313,17.992909685950487,-7.426500002543132,12.09857353628719,12.883081625759699,17.513095378875732,14.060550255399404,-8.878917441623155
722,722.jpg,data/processed/wang/horses/722.jpg,horses,30.006609360376995,16.744990085699584,19.804703582830456,-9.86861276626587,12.70109366476949,12.065423348675477,16.556833902994793,8.137302171579714,-7.962702406257497
723,723.jpg,data/processed/wang/horses/723.jpg,horses,29.80238726983468,19.718719942509708,21.171407403493507,-5.022295951843262,11.497558670786967,9.577816470723759,15.003424803415934,8.949668420934355,-5.9079292873326565
724,724.jpg,data/processed/wang/horses/724.jpg,horses,33.44863218565782,19.773790805368176,19.89343344783661,-2.133298397064209,14.793250578174739,14.112730229806424,13.467613220214844,9.656184168942033,-6.245492944042839
725,725.jpg,data/processed/wang/horses/725.jpg,horses,37.85561807453632,20.986594682831726,14.593305018503846,-11.661691665649414,10.650383213252674,9.656347132427214,22.32614787419637,16.352412626459262,10.511689183160161
726,726.jpg,data/processed/wang/horses/726.jpg,horses,55.678409772614636,19.352117644585096,-18.445598939345714,-19.597595691680908,14.278839029550168,16.278694914279317,36.834746996561684,17.711663195341902,-10.46324311158181
727,727.jpg,data/processed/wang/horses/727.jpg,horses,49.45378645012776,14.05906827115001,-10.361696615613727,-18.323861757914226,16.06207382853345,20.01124833115066,27.072642008463543,8.935873262174605,-8.838372561995417
728,728.jpg,data/processed/wang/horses/728.jpg,horses,50.593975745141506,16.169806604444542,-13.087511950151075,-22.089798132578533,16.839356416380205,18.63357715923823,16.054396629333496,9.22447322868205,-7.553359236348024
729,729.jpg,data/processed/wang/horses/729.jpg,horses,37.294234149158,19.997717552327476,14.585029801806485,-10.80110247929891,12.947803634695076,14.26181076429855,23.63279406229655,16.340263341238515,11.972886426141997
730,730.jpg,data/processed/wang/horses/730.jpg,horses,27.21576653420925,20.234017968421256,20.511221905234436,-6.544003804524739,12.381202344433452,10.360297240387062,14.582838694254557,11.063892219590937,8.580692818052302
731,731.jpg,data/processed/wang/horses/731.jpg,horses,51.271889358758926,18.25175026463796,-11.39424991982425,-17.71731122334798,14.780870120097754,18.733646406768294,29.452330430348713,15.54923012104341,-5.853894456353146
732,732.jpg,data/processed/wang/horses/732.jpg,horses,37.18435515960058,16.467629730989376,13.125330081516662,-16.301240921020508,9.894977401506974,8.387745471637185,19.48498821258545,10.874185792977137,5.304222940717596
733,733.jpg,data/processed/wang/horses/733.jpg,horses,27.132986361781757,17.702725224311152,18.534939229944385,-12.79723596572876,9.344264647087314,9.241444998958965,18.694811979929607,12.241175639871924,-9.3770321926158
734,734.jpg,data/processed/wang/horses/734.jpg,horses,39.87807594239712,19.426001446162804,15.911988087840573,-12.011495590209961,14.398495833042594,15.193289097572752,22.364108403523762,14.488623757607552,-4.130493940536411
735,735.jpg,data/processed/wang/horses/735.jpg,horses,31.438317522406578,19.869022888707523,16.652584833196542,-17.615252017974854,12.470458065844861,11.163353742919174,20.526614983876545,13.774272875575617,-4.159135523675955
736,736.jpg,data/processed/wang/horses/736.jpg,horses,29.751986575623352,21.092611214671912,19.75939456487965,-7.822451591491699,12.856903359663455,11.051864918986862,16.31732988357544,12.011560934213424,9.149812176668016
737,737.jpg,data/processed/wang/horses/737.jpg,horses,31.260464961330097,18.477691310706657,13.436694731003588,-11.591015497843424,11.027013007449405,9.076150833735504,13.911601543426514,16.434692257493563,5.797241858035517
738,738.jpg,data/processed/wang/horses/738.jpg,horses,62.72280147920052,15.069507413547047,-17.25895908430155,-24.938806374867756,16.687312487334662,21.26058365879631,35.133254528045654,9.118566703659926,-11.50756015842094
739,739.jpg,data/processed/wang/horses/739.jpg,horses,40.99530875682831,18.32095101671786,15.465656557609496,-14.622392018636068,14.472924441095719,15.965326488563644,22.870626131693523,13.433059999666296,-5.729010097134077
740,740.jpg,data/processed/wang/horses/740.jpg,horses,27.14654927452405,19.909122743308338,18.81277965339266,-14.851344426472982,12.58958488318664,8.17292655821728,16.430447101593018,11.30359491734145,-4.612207293411357
741,741.jpg,data/processed/wang/horses/741.jpg,horses,60.19275585810343,13.588358251889577,-14.442022514349155,-24.4144705136617,20.898186018845944,24.887224235940295,36.40487813949585,8.612183914466172,-9.737595149532638
742,742.jpg,data/processed/wang/horses/742.jpg,horses,28.767027519643307,15.86915588292336,16.26210164481487,-10.363683541615805,11.222012702469097,12.971003772990631,16.79788637161255,9.723840910959575,4.396949502980034
743,743.jpg,data/processed/wang/horses/743.jpg,horses,49.23798845460018,16.153279534883836,-13.357920530750373,-20.713778813680012,13.249094789453537,15.243094284086855,29.348167260487873,14.745259125216222,-11.767228793509592
744,744.jpg,data/processed/wang/horses/744.jpg,horses,63.84515271832546,15.638445548320762,-15.032465599024162,-9.56447172164917,23.722761442447073,20.974554780202375,36.06583754221598,13.90784861441077,-3.8761433658323954
745,745.jpg,data/processed/wang/horses/745.jpg,horses,42.944226103524365,17.727759119830893,-4.089231564033494,-18.354753017425537,12.78240023600775,14.39649931886548,26.312398592631023,13.782482562074577,-5.516129269569481
746,746.jpg,data/processed/wang/horses/746.jpg,horses,55.38196122894684,13.123006096491489,-13.744395432897399,-17.553416570027668,19.222514909533885,22.671003699141338,32.477382024129234,7.470329130293275,-8.39682922649411
747,747.jpg,data/processed/wang/horses/747.jpg,horses,44.42771871884664,17.6955554549852,12.580930889463481,-11.82209062576294,14.950696037299915,14.685599526705346,21.99991051355998,14.504580441899293,-1.9357438839059524
748,748.jpg,data/processed/wang/horses/748.jpg,horses,46.94368951022625,13.053390368100976,-10.201351587595418,-16.655219395955402,15.166032292927275,18.476527558044445,24.89496072133382,7.829221938379804,-8.175496514044141
749,749.jpg,data/processed/wang/horses/749.jpg,horses,36.689720675349236,15.710833524409686,13.656504817889736,-15.732357184092203,10.936929483925264,13.75787657600178,24.907986323038738,12.490935803276743,-7.293878241310429
750,750.jpg,data/processed/wang/horses/750.jpg,horses,43.92785541713238,14.9066081195131,-8.320430078279372,-19.218631426493328,9.214098848415297,11.188317106791995,27.2588685353597,15.10730952101767,-8.490618737144555
751,751.jpg,data/processed/wang/horses/751.jpg,horses,37.96693837891022,15.913828432599168,12.641261833034287,-13.642727533976236,10.383026867844295,9.630453330730441,19.607967058817547,12.464364447944808,7.3668180700839425
752,752.jpg,data/processed/wang/horses/752.jpg,horses,35.403880601127945,16.253017168779273,15.645655200383935,-16.516603151957195,12.670346272393036,14.557161890559863,21.430145104726154,11.809859151515147,-4.777144717334947
753,753.jpg,data/processed/wang/horses/753.jpg,horses,49.47499465197325,17.38924626164241,-15.123057945583792,-10.593369642893473,17.665752909319718,18.524043547964656,18.591441949208576,16.329223535780528,16.87039151172785
754,754.jpg,data/processed/wang/horses/754.jpg,horses,44.120323533813156,20.671399681066664,9.826941243313096,-8.556555589040121,22.464832770821797,20.422233656633537,19.252614339192707,14.413588582922213,14.789494127015722
755,755.jpg,data/processed/wang/horses/755.jpg,horses,56.41568483163913,18.664826856630903,-19.20995375446541,-14.754776159922281,14.89292923041654,15.586071645690643,16.849403222401936,15.894033716926726,16.232834441986515
756,756.jpg,data/processed/wang/horses/756.jpg,horses,49.195833007494606,16.385439817719618,-15.234962457308963,-10.901106198628744,15.0582401483421,16.172397657801394,16.19629176457723,15.677897088781355,13.695190754399993
757,757.jpg,data/processed/wang/horses/757.jpg,horses,52.3775185768803,10.299851570414923,-8.195792834310247,-26.28530756632487,9.68460987094661,13.719956295528302,37.63182576497396,8.696493170891358,4.650292938792777
758,758.jpg,data/processed/wang/horses/758.jpg,horses,43.69881680856148,19.07763012603614,-11.537803835309308,-16.488951047261555,12.99435539535979,13.181299362792132,24.0985525449117,15.47192895588362,-7.345567339988062
759,759.jpg,data/processed/wang/horses/759.jpg,horses,26.005747417608898,19.32298142811394,20.005721237084778,-8.158788045247396,12.074306349521366,7.914435629237832,16.12937593460083,9.99732605935629,6.304219298673871
760,760.jpg,data/processed/wang/horses/760.jpg,horses,44.66166632870833,14.11196520534871,-9.386319764788837,-17.21661376953125,12.204168983330833,14.655173394043421,28.973620255788166,12.77489383284564,-10.681421668302669
761,761.jpg,data/processed/wang/horses/761.jpg,horses,53.27596968660752,18.316240455918866,-15.97363460716371,-22.15947167078654,23.37078804949162,25.788417673260913,35.59390242894491,15.18225190403732,-10.47453852931021
762,762.jpg,data/processed/wang/horses/762.jpg,horses,40.391648933291435,14.416235718918609,-13.43223541219459,-15.944870154062906,19.924966889047177,22.21320119028878,28.35654306411743,8.88000709306287,-9.438381093210829
763,763.jpg,data/processed/wang/horses/763.jpg,horses,32.101586709419884,16.855498591228052,11.250397694595204,-21.855812390645344,12.607378102868614,15.08588081942381,23.67763598759969,11.760103540207195,-7.619920039250681
764,764.jpg,data/processed/wang/horses/764.jpg,horses,60.80401260405779,20.830772735817803,-22.12761229609883,-20.238611539204914,22.240310410586773,25.401776985188214,40.65934371948242,14.797424513668355,-13.758275534422584
765,765.jpg,data/processed/wang/horses/765.jpg,horses,40.048820773760475,19.258233028543636,-12.82069691481093,-14.31457249323527,16.754680100369757,18.140268488596973,25.362315495808918,15.7859954081075,13.368874494698904
766,766.jpg,data/processed/wang/horses/766.jpg,horses,35.662414195636906,15.081519576589837,13.043024093172743,-19.885974407196045,11.121951623212546,14.519500598930332,29.626121203104656,11.13816409417939,-8.255091082468702
767,767.jpg,data/processed/wang/horses/767.jpg,horses,35.79898041983446,17.51553624049408,15.188968083704285,-10.760498841603598,11.377355373653266,12.30197263008089,18.42421881357829,7.745551084380293,-4.5949110582565496
768,768.jpg,data/processed/wang/horses/768.jpg,horses,47.032287468512855,15.556271140292347,-10.817156054719478,-20.578663031260174,13.527328506848237,16.762278153554664,30.438796043395996,13.51569690810646,-11.454908038540093
769,769.jpg,data/processed/wang/horses/769.jpg,horses,29.51217119892438,16.58455368538221,13.726374658332809,-19.41943343480428,13.326276034957445,13.781209358295921,18.851226488749187,11.19965646570943,6.9268417290209925
770,770.jpg,data/processed/wang/horses/770.jpg,horses,31.74162544310093,14.769015525191495,10.943217180829587,-12.762811342875162,9.738490412966657,12.699761363788898,20.884941418965656,9.469889003803324,-4.013210098569694
771,771.jpg,data/processed/wang/horses/771.jpg,horses,19.75954994559288,19.003269462383408,21.766282629452043,-12.50647258758545,11.770850914308737,8.144393500387048,13.69048023223877,10.965223903713893,6.433704797236469
772,772.jpg,data/processed/wang/horses/772.jpg,horses,35.44166578600804,16.81921136568355,14.979813798257199,-17.244160016377766,11.784798900608289,12.52196050158661,18.471374193827312,7.4197624775787725,-5.585159017026195
773,773.jpg,data/processed/wang/horses/773.jpg,horses,35.887329590817295,14.29755759323458,-5.968332709831095,-13.508337179819742,14.830381074678657,15.477818015718729,20.02275848388672,8.032398227507807,-7.404360455916516
774,774.jpg,data/processed/wang/horses/774.jpg,horses,47.091579126815,14.184157499790102,-14.778164152510431,-15.79470125834147,18.92211351849406,23.93910268358883,30.22362407048543,8.307603002712893,-9.838654583612527
775,775.jpg,data/processed/wang/horses/775.jpg,horses,47.85998693356911,24.59573273559184,-16.291423125879877,-15.221858660380045,22.110679574320052,24.01054280846031,26.882145404815674,15.932125297652279,9.913970879608694
776,776.jpg,data/processed/wang/horses/776.jpg,horses,54.39374428242445,18.25986188949107,-17.420341110175496,-21.94360605875651,23.538928282723486,26.154683314746045,34.888619581858315,15.195196493832821,-10.338671621681
777,777.jpg,data/processed/wang/horses/777.jpg,horses,43.43976813058058,18.232088673902986,-10.007470024015824,-14.268712520599365,16.557536566704577,18.126786266214133,31.113781770070393,15.077526204306297,10.880542523360985
778,778.jpg,data/processed/wang/horses/778.jpg,horses,45.70763142158588,17.748135280729105,-12.907758767052412,-17.471659501393635,12.960353691627612,15.990789227793766,27.061317443847656,16.267844875516218,8.21448003087692
779,779.jpg,data/processed/wang/horses/779.jpg,horses,28.850910253822803,19.027367611859805,16.426281449114512,-17.716878414154053,12.898879864881483,12.880202455814054,22.64878447850545,13.469606644227738,-8.925544877874458
780,780.jpg,data/processed/wang/horses/780.jpg,horses,47.70968730250994,13.622887382424127,-10.340527804264758,-25.390052318572998,14.41517298115237,18.9354117951317,29.54094870885213,11.908605033045543,3.424082151471226
781,781.jpg,data/processed/wang/horses/781.jpg,horses,25.0931936626633,17.357608588274733,17.05104360701115,-12.905036608378092,11.004306235830372,10.061504822478817,18.10196129480998,11.237187571557788,3.7100632184882416
782,782.jpg,data/processed/wang/horses/782.jpg,horses,44.389625142018,21.07877299716329,-9.291969257018383,-16.30483102798462,17.879206756336206,19.9358715842354,25.44751516977946,17.126928953808914,16.75968941950561
783,783.jpg,data/processed/wang/horses/783.jpg,horses,44.323744252324104,21.30104888386251,12.68490440535571,-16.470529397328693,15.169697767869287,15.630002349003448,27.006846110026043,16.867774588886487,9.734465818951392
784,784.jpg,data/processed/wang/horses/784.jpg,horses,23.02039321511984,19.602254183686913,20.109925844761143,-12.045639832814535,11.3675512870327,8.342681834158764,15.802474021911621,11.43895235933145,5.3499408582426575
785,785.jpg,data/processed/wang/horses/785.jpg,horses,33.50113748262326,12.934034979805709,-6.543822643710561,-15.746249516805014,14.411456588281874,17.20039304511763,6.70157257715861,14.391466380939088,9.502346871930358
786,786.jpg,data/processed/wang/horses/786.jpg,horses,27.76127668718497,17.199989657239872,15.961415492044441,-15.483131090799967,13.620103167080458,13.563340496696133,15.979490121205648,11.892283806497684,9.376813770092319
787,787.jpg,data/processed/wang/horses/787.jpg,horses,30.525158283611137,19.65424398334126,20.03738146884374,-5.835820357004802,15.363213752638611,14.517657830417406,8.666096369425455,9.923793551711913,-7.474065267023449
788,788.jpg,data/processed/wang/horses/788.jpg,horses,50.52531405041615,19.600627356062976,-12.387461029082125,-16.637155691782635,14.438366032148304,16.39174972834089,28.524339993794758,17.940113423726725,7.461928243559113
789,789.jpg,data/processed/wang/horses/789.jpg,horses,44.494753827651344,15.316309193916616,-10.266523105937623,-18.954203764597576,13.099869929865173,16.2512424550901,30.164965947469074,13.495321063005836,-11.994574812117353
790,790.jpg,data/processed/wang/horses/790.jpg,horses,43.93216619888941,18.805581085610307,-11.244310558285314,-12.789856433868408,20.332490127874284,20.139143359026598,28.55740276972453,16.49421080168112,10.332866896366259
791,791.jpg,data/processed/wang/horses/791.jpg,horses,35.67008984585603,15.440831306160925,8.163167945720584,-19.378209749857586,10.439901316218391,13.499287942023582,25.035815080006916,10.252583893020262,-6.73150488010512
792,792.jpg,data/processed/wang/horses/792.jpg,horses,25.096779440840084,18.919920215685025,16.67865213129619,-11.699799060821533,11.77125499332672,11.305836328786246,18.33279863993327,13.324656389099388,7.182324778308315
793,793.jpg,data/processed/wang/horses/793.jpg,horses,55.211775874098144,19.202792422567153,-17.874513895986375,-18.493351618448894,11.885903961233256,12.99595266283862,32.89698060353597,20.79201433900752,-13.191751109092634
794,794.jpg,data/processed/wang/horses/794.jpg,horses,43.00399571657181,20.524908417164905,10.79487701280129,-14.36063019434611,15.84876590384424,15.343849367470249,24.68490219116211,16.68652027615895,11.005109992322428
795,795.jpg,data/processed/wang/horses/795.jpg,horses,32.966739808519684,15.978581087050012,12.913683067011485,-15.6950732866923,9.87499625961405,11.030683131787018,23.73248306910197,10.828682248406365,3.921586407662467
796,796.jpg,data/processed/wang/horses/796.jpg,horses,46.037766647835575,14.442934476548771,-15.17887315956898,-18.568474133809406,20.965838842632223,24.16655572987753,25.147254943847656,7.733657379271755,-8.390045081474014
797,797.jpg,data/processed/wang/horses/797.jpg,horses,44.17113258192936,14.808627414243249,-10.701546714667867,-14.783843676249186,14.641000481062411,18.17555550298372,25.840100924173992,7.92807407570313,-7.957317689540541
798,798.jpg,data/processed/wang/horses/798.jpg,horses,25.45632291585207,20.4241175047617,21.148079434356077,-5.939501603444417,11.122858343159745,7.823700989095387,13.397615114847818,9.426094022015025,6.905562157522981
799,799.jpg,data/processed/wang/horses/799.jpg,horses,35.45796008159717,16.32827599138633,12.879887656710514,-18.075117429097492,12.298645948665198,14.421992154213426,25.989908695220947,11.764580074101401,-9.965197387119801
800,800.jpg,data/processed/wang/mountains/800.jpg,mountains,45.818681456148624,25.47169950754057,-10.741765438279826,1.8236931165059407,10.657698531466185,-9.166966749333184,-12.918259779612223,17.82735560075012,15.409104279803927
801,801.jpg,data/processed/wang/mountains/801.jpg,mountains,39.56862557679415,28.786691042956804,17.31649630232922,5.249777793884277,3.8567481187700956,2.576268827389959,-15.56969658533732,16.826023550832062,-11.486797468578255
802,802.jpg,data/processed/wang/mountains/802.jpg,mountains,43.817999958992004,24.86791660474201,-10.067428998568802,-4.624295870463054,2.474345515738053,2.3185087758364133,0.6481194496154785,4.710012362805135,4.719918180342991
803,803.jpg,data/processed/wang/mountains/803.jpg,mountains,36.798522621393204,21.492173684130552,18.218315768954753,-5.876388072967529,6.353260233173105,-4.982148466122657,-9.028399467468262,11.051202983347359,8.1587044882396
804,804.jpg,data/processed/wang/mountains/804.jpg,mountains,32.566157914698124,19.098587421807252,20.972219991043087,11.790162563323975,8.45823827485172,-4.988234513602294,-30.178911368052166,16.68235749334693,12.914108739293606
805,805.jpg,data/processed/wang/mountains/805.jpg,mountains,40.179245422283806,18.46085946770341,18.914024420623107,6.5544179280598955,5.538270613200446,4.610573742068381,-17.97933514912923,23.504769069855474,-13.70411855636171
806,806.jpg,data/processed/wang/mountains/806.jpg,mountains,49.94378803918759,23.78825653484107,-9.261004142101012,-3.4459052085876465,3.344238421809733,-2.1294447993038963,-9.81512419382731,15.97262147728559,8.38959292017623
807,807.jpg,data/processed/wang/mountains/807.jpg,mountains,37.84132053454717,22.27460167069205,16.613564074998365,2.0558315912882485,6.3049892932658365,3.3979382956788005,-13.619935512542725,19.00580158860151,-9.435512583815825
808,808.jpg,data/processed/wang/mountains/808.jpg,mountains,32.75780069331328,28.053683862765425,21.897935047981196,-3.2671594619750977,5.344384115810159,3.490647082021128,-14.468919595082602,10.84778414273204,-6.263856937803416
809,809.jpg,data/processed/wang/mountains/809.jpg,mountains,40.415106837948166,21.088176798680973,19.499021471061038,-6.8906025886535645,4.363823527940144,-4.203173729668562,-13.225057442982992,12.52084581948311,-7.940043868354373
810,810.jpg,data/processed/wang/mountains/810.jpg,mountains,21.913025279839832,25.055573811647285,21.148727732894393,-5.892305374145508,7.4053788543039225,-4.86544456954879,1.1741026242574055,10.723075217277813,17.56099173987503
811,811.jpg,data/processed/wang/mountains/811.jpg,mountains,51.14183370023966,23.649737555565274,-22.705587357097457,-4.2417551676432295,3.2686638468579723,3.618408763201778,-9.286453088124594,12.856701185717837,10.27091888549324
812,812.jpg,data/processed/wang/mountains/812.jpg,mountains,45.69706302136183,18.50663022005125,-17.365748994560448,-10.188751061757406,10.24484099993585,-8.947975333159366,0.6284357706705729,28.64431662244237,14.028975338225479
813,813.jpg,data/processed/wang/mountains/813.jpg,mountains,41.25170819461346,19.532804884246687,19.730461235851408,4.817893187204997,5.527152918663451,3.9434731617186634,-2.454070568084717,22.835442418847432,-19.134959276724885
814,814.jpg,data/processed/wang/mountains/814.jpg,mountains,48.475983614722885,26.147520071633537,13.509944345284392,1.435579776763916,3.671537439343918,-2.45663478924503,-8.459410508473715,11.109098549170783,6.5831549461825265
815,815.jpg,data/processed/wang/mountains/815.jpg,mountains,39.69936389476061,25.077674518246663,19.276665811427584,1.4457680384318035,3.026981441369836,-2.4321633363054236,0.42613887786865234,9.71403237708589,-11.224179873195535
816,816.jpg,data/processed/wang/mountains/816.jpg,mountains,42.53602841248115,27.592416585881953,10.289664000209662,0.8221972783406576,5.3677340126121456,-4.67836760976978,0.5001484553019205,12.470983339209582,-7.428579095274079
817,817.jpg,data/processed/wang/mountains/817.jpg,mountains,24.344588133196037,22.958520231141186,25.003503947314712,5.945257981618245,3.7665311410344904,3.707019508308089,-7.389854113260905,17.006164331960843,-14.65704194981136
818,818.jpg,data/processed/wang/mountains/818.jpg,mountains,50.082761608064175,28.670370986351294,-19.63531636165538,-8.692854245503744,6.508497535787619,4.353258536662519,-7.060165882110596,13.879990661156882,7.544696686838293
819,819.jpg,data/processed/wang/mountains/819.jpg,mountains,31.800246176620323,20.0876193884673,22.769273368129532,11.854574998219809,8.705469996635275,6.546896262857491,-24.25073464711507,21.750678890116028,-12.999407267694309
820,820.jpg,data/processed/wang/mountains/820.jpg,mountains,39.786845756073795,21.110385170008396,-14.549539924149435,2.3136261304219565,5.30304838539175,-6.175983900384311,-5.333134174346924,11.95215639953071,14.338442863384685
821,821.jpg,data/processed/wang/mountains/821.jpg,mountains,39.783416067560516,25.19923990692368,22.626420737965795,2.6959457397460938,2.272408576222779,1.2240530139017247,-7.507645448048909,8.853816761428016,-4.189420595309718
822,822.jpg,data/processed/wang/mountains/822.jpg,mountains,52.85511792947849,24.279824007381386,9.515224385873623,1.0538891156514485,14.007931517246082,19.60697405203587,-8.829615434010824,14.543680559440222,18.30475232143294
823,823.jpg,data/processed/wang/mountains/823.jpg,mountains,52.92111001908779,18.371944003035008,-16.244385728537758,-1.9021986325581868,7.894669518827422,7.482986911298051,-10.003573417663574,29.55794215058177,20.621655744059453
824,824.jpg,data/processed/wang/mountains/824.jpg,mountains,42.96006187796593,25.45882093135542,-8.0702935637442,-8.169647375742594,6.9607527453429086,-6.211818404940962,1.3641090393066406,22.638950262599973,20.967180204874182
825,825.jpg,data/processed/wang/mountains/825.jpg,mountains,30.09531330317259,26.23372907327417,25.27906225440883,0.14512268702189127,5.142892962300322,-4.370370826858198,-8.289594173431396,13.80352270060107,10.481907224959171
826,826.jpg,data/processed/wang/mountains/826.jpg,mountains,43.580480540792145,26.38498807755376,21.051678633926876,-3.4900805155436196,6.179648213249217,-6.562651308516128,1.9718276659647624,10.226549087723724,9.144394073263918
827,827.jpg,data/processed/wang/mountains/827.jpg,mountains,48.050012377401195,29.332360095613776,-17.50368986516765,2.7021700541178384,1.7317992914188514,1.3675728727879712,-2.550727208455404,3.3141753361198076,-1.250532920017311
828,828.jpg,data/processed/wang/mountains/828.jpg,mountains,45.71610434601704,20.785127406646986,11.042762225837532,0.6472315788269043,1.5904410943886809,0.8397768487605577,-5.611636956532796,10.675176797717679,-11.233069225793546
829,829.jpg,data/processed/wang/mountains/829.jpg,mountains,40.40632496277491,25.67034836013161,7.808313201436513,-4.0078125,6.704158984052035,-7.480032012785184,-4.557601451873779,16.30178339713439,17.301730477459262
830,830.jpg,data/processed/wang/mountains/830.jpg,mountains,39.69966216633717,17.502730260923276,-6.152779963068275,-1.541206995646159,9.37303153038342,-9.443910702906365,-2.9582764307657876,17.210554453198355,10.787286243954732
831,831.jpg,data/processed/wang/mountains/831.jpg,mountains,46.000831201672554,29.90083857667938,-17.310338260156957,3.9054222106933594,4.311976612992767,2.3262132042734933,-5.511052926381429,3.2596805059304708,2.2127034355837867
832,832.jpg,data/processed/wang/mountains/832.jpg,mountains,33.78356620669365,27.855074680044545,19.442392969493955,2.6270008087158203,3.6355921970551286,-3.3729936940671976,-12.585474650065104,12.209748118856291,-10.89570093533748
833,833.jpg,data/processed/wang/mountains/833.jpg,mountains,43.3326901247104,22.390403700209433,-17.31812643056884,2.4122087160746255,2.8059650273777663,1.4270358197596016,-17.699413458506267,13.951357184516763,-9.658686022699545
834,834.jpg,data/processed/wang/mountains/834.jpg,mountains,43.18840615451336,20.467231636719678,7.081240229236726,-0.37656116485595703,2.6950286589724937,2.250811280812006,-22.550836722056072,15.450329947206876,12.723258529953133
835,835.jpg,data/processed/wang/mountains/835.jpg,mountains,53.65982074290514,23.058756588914687,12.688607126982232,2.373537540435791,11.831142951762061,16.059979445899145,-5.903054078420003,15.993578090840646,13.362164767043684
836,836.jpg,data/processed/wang/mountains/836.jpg,mountains,39.362550154328346,28.937099326555145,23.682063590825074,-0.7720171610514323,2.418315040810944,1.56715131926315,-5.689744154612224,11.492886763945975,4.71307900661072
837,837.jpg,data/processed/wang/mountains/837.jpg,mountains,60.872600662211575,17.717091798889445,-14.202713498360769,0.9363398551940918,3.417730768930467,1.2589069721672823,-9.331732590993246,5.955625427914518,5.413627711745731
838,838.jpg,data/processed/wang/mountains/838.jpg,mountains,52.6467002928257,26.47364326581801,-12.4483958772688,0.8896799087524414,3.963787765800956,4.89259297427421,-7.237098217010498,13.005362555371473,-11.048363623707985
839,839.jpg,data/processed/wang/mountains/839.jpg,mountains,67.24760476499796,20.2801399833992,-23.48111118092193,3.988351662953695,5.797389772232738,7.296715499118448,-7.809388319651286,12.331708430420932,-14.740548981150358
840,840.jpg,data/processed/wang/mountains/840.jpg,mountains,47.016007701555885,26.973567489395922,-17.661401939349886,-0.3386710484822591,6.3960902743975865,5.409643881131627,-10.921915531158447,8.060568368705852,-4.618478280160312
841,841.jpg,data/processed/wang/mountains/841.jpg,mountains,55.39239980280399,30.795082054222508,-19.418384958212968,-1.4747339884440105,3.116390142125583,3.899851489334961,-6.471999804178874,10.57620032768241,-11.855465016216419
842,842.jpg,data/processed/wang/mountains/842.jpg,mountains,30.163811892271042,21.719312124388036,17.938583598325078,3.9593745867411294,5.074518177878035,-1.7604243373403188,-12.832500298817953,12.060914258513375,9.309595104620524
843,843.jpg,data/processed/wang/mountains/843.jpg,mountains,46.006303653120995,30.504445063826182,-4.5931119016315565,2.561138153076172,3.339329810960255,2.7318972172235236,-6.77865473429362,9.67469594959451,8.380046299178996
844,844.jpg,data/processed/wang/mountains/844.jpg,mountains,34.45726130157709,22.68063394511426,23.59999982221722,-0.2456685702006022,7.148460923646239,-2.607295438284915,-16.466456095377605,17.025344392518875,6.790243561545881
845,845.jpg,data/processed/wang/mountains/845.jpg,mountains,32.465963127712406,19.838470452955487,15.280590426852955,-0.14067999521891275,6.415248830599371,7.358068461539415,0.8823768297831217,19.15225304456076,-5.1588696657814825
846,846.jpg,data/processed/wang/mountains/846.jpg,mountains,46.11560658862194,15.721887712086632,-16.5683096534974,-0.08903217315673828,4.824510093414078,2.839885306847338,-23.052034854888916,13.790457744694951,4.784824679437865
847,847.jpg,data/processed/wang/mountains/847.jpg,mountains,61.02785145243009,24.034812110020187,-18.921743977758204,-1.3708418210347493,3.0590231448868765,4.921376777173805,-2.905407428741455,10.941964913331105,-11.20199068981113
848,848.jpg,data/processed/wang/mountains/848.jpg,mountains,28.361135224501293,20.190051469739405,23.726910065429536,15.705673376719156,8.823324791470055,-5.8630277595565685,-29.5602920850118,17.78499078300872,9.454206304122263
849,849.jpg,data/processed/wang/mountains/849.jpg,mountains,55.471471386651196,26.975288684756848,-21.068720705150096,-0.25985415776570636,7.826872754269211,5.647145577044565,-11.716667811075846,10.701117248856736,-9.524764445889875
850,850.jpg,data/processed/wang/mountains/850.jpg,mountains,43.09752484162649,23.390630195501053,17.90103492936619,-3.3779824574788413,5.371333092732927,-4.647935682311721,-7.462028980255127,7.329349811357082,5.827580544116784
851,851.jpg,data/processed/wang/mountains/851.jpg,mountains,37.844511245687805,28.380584809194712,24.230670831344852,-0.02635081609090169,4.758744063659327,4.810390407981034,-0.016973177591959637,8.915213364080296,7.878387413164223
852,852.jpg,data/processed/wang/mountains/852.jpg,mountains,47.28647228330374,29.968350956745304,-17.208951909665473,4.336166699727376,4.552532344534126,1.9920710806617201,-15.161979039510092,10.912452345984727,7.147828156141507
853,853.jpg,data/processed/wang/mountains/853.jpg,mountains,29.019739168385666,21.256081818173868,16.891121433100018,-4.226068178812663,5.521490322526413,-5.114899186259144,-1.3131092389424641,8.46722127422707,-7.34247973676908
854,854.jpg,data/processed/wang/mountains/854.jpg,mountains,39.70443941652775,25.17305671222047,19.04724227209396,2.1765451431274414,4.331039114458168,4.137746733199781,-11.94181235631307,12.80571602205387,-9.094583267978138
855,855.jpg,data/processed/wang/mountains/855.jpg,mountains,47.097523820896946,26.80165902224418,-10.392131771362997,1.7670337359110515,4.283724887423816,4.4216629886862595,-3.881450653076172,7.254242850575309,-7.121261750487703
856,856.jpg,data/processed/wang/mountains/856.jpg,mountains,28.809804283082485,20.44205147770253,16.925907199198093,7.506983915964763,5.103113801594524,4.094518988206991,-11.023189703623453,22.80158406273165,17.384199718355468
857,857.jpg,data/processed/wang/mountains/857.jpg,mountains,40.29819251348575,29.541839198418675,-12.66697146377783,1.729655424753825,2.286622491655007,0.7670534218436453,-12.88272221883138,9.723480135130083,3.6985559527081007
858,858.jpg,data/processed/wang/mountains/858.jpg,mountains,51.16243592152993,22.16249314974441,-11.087467098628657,-4.697898228963216,3.5843272890910707,-2.526577570682493,-9.258705298105875,5.928816903797377,-3.7295255603981445
859,859.jpg,data/processed/wang/mountains/859.jpg,mountains,49.500252616902195,24.77658315312736,-10.858429078757954,-2.3396215438842773,7.591249757023534,11.140744479939965,-12.437949816385904,11.542365307913474,5.714279265631658
860,860.jpg,data/processed/wang/mountains/860.jpg,mountains,44.153308433791004,23.44348321289746,-13.259670745834276,-1.3104055722554524,5.003440129636374,6.560062826950876,-1.631276289621989,13.523885499845475,-13.4372877758376
861,861.jpg,data/processed/wang/mountains/861.jpg,mountains,39.66499554614226,22.877365634127322,11.23321487147323,3.343468189239502,3.032962519750462,1.0270114106688215,-7.727665424346924,22.83550907708205,-11.586420866297756
862,862.jpg,data/processed/wang/mountains/862.jpg,mountains,46.64940244207779,21.253746917338443,-8.171091948175189,-4.893754641215007,6.154813712726302,-6.236442090856196,5.368766625722249,17.971705127912788,7.274982592883928
863,863.jpg,data/processed/wang/mountains/863.jpg,mountains,35.193330856661,20.805070604838903,16.689496938215328,0.47371578216552734,2.5392686764946313,1.9393020147716196,-6.737661043802897,11.632543299424698,-10.710740349189308
864,864.jpg,data/processed/wang/mountains/864.jpg,mountains,46.636483569939934,24.117504346810044,-13.001614012989542,-3.843324343363444,5.701984022057676,-4.960287352031996,1.1598302523295085,18.86442007692285,-15.527847628411656
865,865.jpg,data/processed/wang/mountains/865.jpg,mountains,45.06570336719354,21.047188317647375,20.753019589801355,-4.701633771260579,4.438632318205429,-3.439539125792357,6.050784111022949,6.478148689684584,5.793126657859974
866,866.jpg,data/processed/wang/mountains/866.jpg,mountains,58.9470399543643,24.7097799607114,-15.446990447175267,1.0663927396138508,6.982151356581087,4.559509110506919,-0.4398612976074219,21.178251106428675,-16.435739254653477
867,867.jpg,data/processed/wang/mountains/867.jpg,mountains,58.12805083890756,20.71247087779294,10.243268745483643,-2.7151478131612143,2.2472236755994657,-2.7426267588796716,4.852651755015056,4.523746260398502,5.0608872956220985
868,868.jpg,data/processed/wang/mountains/868.jpg,mountains,40.5418936163187,27.875123009424502,14.629793208102612,1.3412580490112305,2.6123113536316205,-1.871605167773447,-2.5661139488220215,8.433842928754716,-6.9304348410654555
869,869.jpg,data/processed/wang/mountains/869.jpg,mountains,42.44747416426738,28.541740780171683,22.799706153126216,3.5910415649414062,3.59143011025918,1.6779211312848084,-4.550479888916016,4.551996312111177,-4.3138990584574035
870,870.jpg,data/processed/wang/mountains/870.jpg,mountains,33.57368980844816,18.75840389048547,15.151787331747542,8.999639193216959,3.2625720903065765,-3.0670219675189707,-19.098206520080566,12.171833693740481,13.308110680471259
871,871.jpg,data/processed/wang/mountains/871.jpg,mountains,44.644831431408726,19.144444905794227,6.438350973388724,4.673725763956706,3.884849059269094,2.4156918373327123,-20.004313151041668,21.65388025740707,8.06259380129261
872,872.jpg,data/processed/wang/mountains/872.jpg,mountains,48.946073899666466,23.224106964305996,19.58388963661317,3.175846576690674,2.7737997784570485,0.3866087964897743,-1.53206205368042,11.776089301232789,-13.836605478704792
873,873.jpg,data/processed/wang/mountains/873.jpg,mountains,44.52529183278481,25.958546300129278,-12.602391192400848,1.08743683497111,4.652063729884059,5.931325774212327,-8.648160139719645,15.911926568542619,-13.181279144380117
874,874.jpg,data/processed/wang/mountains/874.jpg,mountains,51.474192862709366,22.41022572850947,-17.929411379351688,-10.433372974395752,7.4338183621947325,5.705486735617919,13.073329448699951,15.625918410414853,-9.516544896962028
875,875.jpg,data/processed/wang/mountains/875.jpg,mountains,42.94307101517916,16.25969788965619,10.292589303985178,2.492403984069824,7.147593670624612,6.93441773356434,-19.637860616048176,18.07446778245869,-14.684096348589957
876,876.jpg,data/processed/wang/mountains/876.jpg,mountains,41.686345636844635,20.08871944133488,-11.802583846635358,2.9967028299967446,2.253565813038087,2.716054914979426,-18.119616826375324,11.098029905647666,10.227573945291251
877,877.jpg,data/processed/wang/mountains/877.jpg,mountains,51.01813320070505,25.232896199287875,-13.871208804762407,1.2346002260843914,3.2709439447408077,3.958213565130195,-4.41798718770345,7.2926820965077175,-4.382419126298945
878,878.jpg,data/processed/wang/mountains/878.jpg,mountains,53.74816184242567,18.08556777246028,-9.158762360735277,-1.0784200032552083,3.4824469321572455,1.6604329345979203,-19.354225635528564,11.87420093418945,-4.033675360761293
879,879.jpg,data/processed/wang/mountains/879.jpg,mountains,57.50657978157202,24.036848163689786,-12.836335839556519,2.705699920654297,5.1049624545227275,5.629633413676473,-10.888584931691488,19.45382559197797,11.141084033038883
880,880.jpg,data/processed/wang/mountains/880.jpg,mountains,41.93734501798948,22.846535658113208,8.876662568642072,-0.027615070343017578,4.632024203919049,5.066457346628846,-15.963529904683432,14.12069398464023,9.090502680743626
881,881.jpg,data/processed/wang/mountains/881.jpg,mountains,45.453374149898686,22.004962678999252,12.205766833480464,2.6547881762186685,4.211320402751687,4.452358918047928,-13.027509053548178,13.921620430761115,-6.681529054065314
882,882.jpg,data/processed/wang/mountains/882.jpg,mountains,45.398628463347755,15.770078624065182,8.369428865847055,1.5941109657287598,6.937887373291773,-5.774189133314058,-2.7261913617451987,24.462257434141986,19.88712621767265
883,883.jpg,data/processed/wang/mountains/883.jpg,mountains,38.45513587196668,19.353562669053673,9.298748290372723,0.07130177815755208,5.917032771679884,-3.1432715386300485,3.9440415700276694,13.076326485808725,-11.77890071389542
884,884.jpg,data/processed/wang/mountains/884.jpg,mountains,44.293953478336334,27.460109278276168,15.92309780165714,2.3412979443868003,3.808939497167874,-3.68564595600256,-12.651416937510172,8.16813761954913,6.267096163216008
885,885.jpg,data/processed/wang/mountains/885.jpg,mountains,52.21677764008442,28.80073666089006,-16.624438544565407,1.8370815912882488,5.972769638439978,7.364656695479628,-7.918898741404216,16.948759947703998,-19.213332634296712
886,886.jpg,data/processed/wang/mountains/886.jpg,mountains,46.87220032016436,18.839945751319526,-14.23401069598395,11.906900405883789,10.205776346668157,9.836318940219524,-2.9256606101989746,23.152094604831895,14.352414331737807
887,887.jpg,data/processed/wang/mountains/887.jpg,mountains,39.860366160670914,26.557403564777214,16.676116506033743,0.7948613166809082,2.1472010749577293,1.9011628820516584,7.088286240895589,11.509317164467165,8.774504981937007
888,888.jpg,data/processed/wang/mountains/888.jpg,mountains,38.502381183207035,12.688718151709127,-8.944721896726533,13.708580334981283,6.608890315916483,3.9277010970649804,9.60524320602417,14.582703053246947,-14.379532657981228
889,889.jpg,data/processed/wang/mountains/889.jpg,mountains,45.84710951894522,20.232159863993523,-11.867722475926548,-1.8998494148254395,2.611553733678613,2.705851915963535,-6.0022172927856445,14.548338033760727,-7.1919219365453415
890,890.jpg,data/processed/wang/mountains/890.jpg,mountains,39.47854650517305,28.903690384991965,22.201012802432764,0.03032223383585612,4.095006705089678,5.538368552067977,-4.933179060618083,5.594397415769806,4.390041739353771
891,891.jpg,data/processed/wang/mountains/891.jpg,mountains,38.73581445465485,21.584725849788004,11.119794973153986,2.042332172393799,3.9402349933148497,-2.871121632212894,-5.2997978528340655,15.922065112538005,11.38795274170955
892,892.jpg,data/processed/wang/mountains/892.jpg,mountains,24.28676566729943,16.38508925322556,19.99367463428663,1.5125155448913574,1.7103467280332014,-0.9596996094578274,-4.403982003529866,12.302953601543614,-6.698278596843643
893,893.jpg,data/processed/wang/mountains/893.jpg,mountains,32.91497062891722,26.420242782889517,21.205025177180527,0.13324960072835287,5.330932052801133,-4.900871797369517,-7.144901116689046,12.997969876967355,-7.480951196965778
894,894.jpg,data/processed/wang/mountains/894.jpg,mountains,35.72409879416227,19.082252080279503,10.22691275113339,-1.8728335698445637,8.901393822707332,6.79735732576215,-19.034261067708332,19.023329822053636,18.36577270841144
895,895.jpg,data/processed/wang/mountains/895.jpg,mountains,45.62194347381592,20.35959658643909,-14.164863493996982,-2.3172144889831543,5.846398055655976,-1.9844287684699287,-3.6361441612243652,15.43815946381522,-6.314160564812777
896,896.jpg,data/processed/wang/mountains/896.jpg,mountains,38.83855454623699,25.30611138032715,12.382014188954548,5.136693795522054,4.034971336421777,4.64285645518871,-0.49816354115804035,18.308372870480788,-10.943363125813597
897,897.jpg,data/processed/wang/mountains/897.jpg,mountains,50.70946210374435,15.385796497995553,-10.217814596555368,4.298287232716878,3.0352491735015565,4.88717704899931,-6.986738522847493,10.325030003140503,8.34024407316172
898,898.jpg,data/processed/wang/mountains/898.jpg,mountains,36.81168879071871,20.3554196065035,18.97603372273278,-1.0514504114786785,7.0130548152971075,-5.584484840960926,-1.6968603134155273,12.438218253704077,-12.013317614064421
899,899.jpg,data/processed/wang/mountains/899.jpg,mountains,54.77707845469316,21.23506011963483,-14.495317515619675,-3.3576647440592446,2.9437521715863793,3.0259064880213105,-7.678994337717692,12.003399452542645,9.997168748071731
900,900.jpg,data/processed/wang/food/900.jpg,food,45.55542431771755,24.492650429791762,10.71153821900471,6.607205390930176,16.151846554958162,12.813336956735732,17.92081594467163,10.1348605412644,5.93843784233608
901,901.jpg,data/processed/wang/food/901.jpg,food,44.09246724098921,25.15245369561935,-17.249245776891307,-1.5827563603719075,6.69567752202371,8.221508597801439,8.813352584838867,30.50568929812081,-17.450412136126626
902,902.jpg,data/processed/wang/food/902.jpg,food,33.64215586334467,27.28479659463051,18.361114633222968,3.827704111735026,13.17394547695767,11.644154288007215,14.410347143809,15.623222700749176,13.819647590099843
903,903.jpg,data/processed/wang/food/903.jpg,food,43.68872779111067,31.955559550403255,-12.458480503475052,2.7801671028137207,10.212441815995703,14.61435482795751,5.346762816111247,14.914072747132302,19.200894778024555
904,904.jpg,data/processed/wang/food/904.jpg,food,38.35854244728883,31.70879533669441,26.992626754990823,-1.536715030670166,7.708636548193961,12.442510839573863,2.2215566635131836,14.738308717897358,17.41543701391265
905,905.jpg,data/processed/wang/food/905.jpg,food,39.894137904047966,26.307687953683192,14.824564298838423,13.15576950709025,10.92773159710438,6.512147206092355,19.754884560902912,13.605504492717571,8.921464874573228
906,906.jpg,data/processed/wang/food/906.jpg,food,40.27366507798433,23.746516658866916,14.222398991264164,13.866841316223145,19.449079462468365,15.645836529242327,24.16555388768514,16.563974527063845,-8.954929194730898
907,907.jpg,data/processed/wang/food/907.jpg,food,40.89547749608755,24.1113032170442,5.340932184365384,12.860084374745687,20.782980729599196,14.458046691455877,23.704976081848145,19.15091753607505,14.563116429408241
908,908.jpg,data/processed/wang/food/908.jpg,food,33.289565332233906,21.06218366128166,14.028600488837856,26.291039148966473,20.204904530685965,-10.756674238955714,22.371708393096924,17.623216832506486,14.405633351163619
909,909.jpg,data/processed/wang/food/909.jpg,food,45.71338910609484,25.578463014106646,-17.1035655907093,10.475427627563477,12.591803247364146,7.9828782813115104,17.702271461486816,20.996161385754366,16.568752579472772
910,910.jpg,data/processed/wang/food/910.jpg,food,47.60492953161398,24.644248399315696,13.177349462020928,-4.5765425364176435,16.22814767108576,3.812905935877243,15.552588939666748,16.48265922972569,-11.059286681489017
911,911.jpg,data/processed/wang/food/911.jpg,food,48.91304305444161,27.196552162137042,9.896564087504816,-3.7352660497029624,16.119825132098942,-10.253999633954106,9.272296587626139,16.4154247840906,13.475041671665961
912,912.jpg,data/processed/wang/food/912.jpg,food,49.86926391720772,21.901394377964948,-14.4247474780346,17.260894139607746,16.750929579973718,8.264547576550303,17.545246442159016,18.089910321883213,14.191102093134528
913,913.jpg,data/processed/wang/food/913.jpg,food,65.95838305850823,24.7439334851993,-26.585127090722978,4.229302406311035,10.56849772722207,12.686147249772656,10.573845704396566,11.3665470394538,13.508654804928526
914,914.jpg,data/processed/wang/food/914.jpg,food,45.03643922507763,22.39600405517857,-5.720122025328734,15.001400629679361,8.59593763858436,6.141498332128794,24.606759389241535,12.635005535797093,8.97798546084213
915,915.jpg,data/processed/wang/food/915.jpg,food,45.18744436403116,21.539441605586735,-13.247357157283982,6.308512210845947,9.210670616944672,10.067047091282294,8.523197650909424,10.338945665501699,9.122810119415876
916,916.jpg,data/processed/wang/food/916.jpg,food,36.56408271441857,25.052445633079348,21.59213644594673,5.412387688954671,8.96271577823187,9.759500265834266,9.799254894256592,18.335664215376525,16.982474670587834
917,917.jpg,data/processed/wang/food/917.jpg,food,39.36424249162277,19.512288345589013,12.516100620410482,12.523845195770264,10.95410749160565,9.29256073358568,12.368217468261719,8.042432477958377,6.922124869361359
918,918.jpg,data/processed/wang/food/918.jpg,food,29.61221740891536,27.093901749889458,21.932035523349285,2.855692704518636,12.4645388374051,11.451759042618267,9.481938997904459,18.532402793198806,7.682863323194154
919,919.jpg,data/processed/wang/food/919.jpg,food,49.13381009052197,24.547160683683437,-16.330686617632487,4.547410329182942,11.127434861510318,-7.150390629195293,17.53419287999471,15.366263372774439,8.57895425047607
920,920.jpg,data/processed/wang/food/920.jpg,food,49.60348109404246,23.87561434543753,-10.316122793787722,6.328262646993001,17.902186735520978,16.34335488359632,25.130489508310955,15.408767284910503,-15.588497713527932
921,921.jpg,data/processed/wang/food/921.jpg,food,30.85083154340585,22.041952420940213,18.745837018373653,19.96581204732259,21.12166118667828,17.39548488701635,11.993319511413574,12.127217985222075,9.234600624240061
922,922.jpg,data/processed/wang/food/922.jpg,food,40.4663996770978,25.124497686925388,13.62271797542083,6.5906016031901045,14.498927024861073,12.178583682518642,21.065523942311604,11.21069033314256,8.607933871710124
923,923.jpg,data/processed/wang/food/923.jpg,food,36.10040880739689,24.975448469377174,21.416656565701754,9.742156346638998,23.66527525685679,22.28218292540057,13.7098757425944,13.39360045174343,11.122162556769137
924,924.jpg,data/processed/wang/food/924.jpg,food,30.400613012413185,23.66951761839013,20.62083404675717,2.260075569152832,13.684221048758337,14.75697173146158,12.704962571461996,18.5457455911561,7.8454495604856
925,925.jpg,data/processed/wang/food/925.jpg,food,27.91564843306939,25.808005495792283,23.957261881013103,12.94454018274943,14.903949540861166,11.246467407065627,13.343090534210205,12.936990755332648,11.507154190580748
926,926.jpg,data/processed/wang/food/926.jpg,food,53.38078408191601,24.913753555221753,-15.694078443502075,0.5791069666544596,10.558380147577468,12.052188191440662,15.417511940002441,21.089740619204495,14.90774795265774
927,927.jpg,data/processed/wang/food/927.jpg,food,55.08406274020672,25.640156100980466,-19.333203665914603,0.2665645281473796,12.33123221718085,14.201574140476176,15.01585022608439,14.761200699887581,12.400811250631666
928,928.jpg,data/processed/wang/food/928.jpg,food,24.021663889288902,24.65412638576053,23.85814465335584,5.2796699206034345,15.598019862752501,18.92951332959536,14.415512879689535,15.859096654395726,16.51899405151666
929,929.jpg,data/processed/wang/food/929.jpg,food,31.70686059941848,28.437206765552016,24.60477017570646,2.799584070841471,13.753818906671059,11.326852880273458,13.199625492095947,24.482967103131493,17.060908209315336
930,930.jpg,data/processed/wang/food/930.jpg,food,40.4677581662933,23.745654387307027,16.573116477307828,4.719167232513428,21.10416016865545,17.57638724322193,23.083007017771404,13.835971530149145,8.017046755371176
931,931.jpg,data/processed/wang/food/931.jpg,food,36.67343823860089,27.53346049149053,17.531677220388488,11.290173212687174,14.347955567264439,11.244036519553147,20.4765412012736,17.620337832046193,14.320399903771634
932,932.jpg,data/processed/wang/food/932.jpg,food,49.74793655176958,20.07288163293703,-14.599459968057134,17.415637334187824,11.05531811969734,8.049076307081966,22.212357838948567,10.812129622762923,7.246029303452113
933,933.jpg,data/processed/wang/food/933.jpg,food,48.08613626907269,23.73040635137718,-9.552007801744551,5.742275238037109,15.524670916409777,17.604429706425925,23.764034112294514,14.522684071242047,4.549910918415922
934,934.jpg,data/processed/wang/food/934.jpg,food,41.059100565811,25.679168369679534,9.867949044560778,14.599105676015219,11.421067059638325,7.358399386377773,24.608622074127197,15.30612889054902,5.647647574677256
935,935.jpg,data/processed/wang/food/935.jpg,food,28.41668004790942,21.342440367252685,18.08548003064066,13.156890869140625,11.919364077600642,10.729176674702295,15.578344821929932,15.767807283924672,13.497657188405597
936,936.jpg,data/processed/wang/food/936.jpg,food,45.19921882698933,23.406044366483524,10.24857718440381,5.969207127888997,17.283675027077134,16.827716571930686,24.46638600031535,14.790907761541781,6.420508928954481
937,937.jpg,data/processed/wang/food/937.jpg,food,39.86626788973808,25.904044702099856,14.217854801078438,19.62771972020467,18.80288038712702,15.135520815623858,23.405768235524494,15.56474058616395,10.8876776553967
938,938.jpg,data/processed/wang/food/938.jpg,food,52.38920350869497,21.29991133147674,-12.700477441871538,12.843298276265463,11.159729733886893,10.462877674641348,23.436919530232746,11.096562509945954,4.268098020145946
939,939.jpg,data/processed/wang/food/939.jpg,food,40.874565268556275,25.010739119119783,8.712684690802371,10.220108191172281,12.679682217108606,8.523218836179776,25.222562948862713,14.78718684314739,-3.194135434794016
940,940.jpg,data/processed/wang/food/940.jpg,food,33.424996212124825,24.541761753057166,15.77069639689299,14.380618572235107,12.26095082681673,9.386263098706062,15.871342658996582,19.478063032479533,-12.832292087771938
941,941.jpg,data/processed/wang/food/941.jpg,food,47.373116885622345,22.37169359983587,-11.089074719659484,20.44448184967041,14.36865411385458,9.71563805890285,22.351808706919353,13.841805993559918,10.331173140360818
942,942.jpg,data/processed/wang/food/942.jpg,food,42.02548395842314,21.532552995409258,-8.890558925945875,20.935535589853924,13.776907645904066,-5.382219430992988,23.647003491719563,11.885954883829859,3.2415415820793565
943,943.jpg,data/processed/wang/food/943.jpg,food,21.900387356678646,20.222763822183044,18.94474592461914,17.112024307250977,13.308036127048828,6.735760709429279,11.689616044362387,11.993789940017468,10.709766632455265
944,944.jpg,data/processed/wang/food/944.jpg,food,45.79009270916382,24.27579507313655,-9.888551713095701,12.428092002868652,15.541133822875908,16.075381427690886,18.812664190928142,11.107685011778232,8.370632930510856
945,945.jpg,data/processed/wang/food/945.jpg,food,45.55051848292351,25.067797088250433,-12.572247422918203,5.6238358815511065,12.477945662371338,10.613562058377878,9.624471028645834,26.839101329900068,-20.4870160428826
946,946.jpg,data/processed/wang/food/946.jpg,food,40.75606626768907,27.961479807402647,12.248676911047298,12.512070496877035,15.509759284758351,17.39828706583095,18.69686460494995,13.623292651949983,10.87829057966001
947,947.jpg,data/processed/wang/food/947.jpg,food,57.67894716312488,22.98971264834864,-19.34264400640568,8.115985552469889,13.671964668188402,14.211195043189493,14.48392391204834,18.536311895340212,17.189606213974105
948,948.jpg,data/processed/wang/food/948.jpg,food,25.191643026967842,20.563685703745726,20.370524005556685,13.779835065205893,15.559807283360104,13.183830895562696,8.699217955271402,18.27907892119582,14.368914602596554
949,949.jpg,data/processed/wang/food/949.jpg,food,29.048302583396435,26.193595151354614,23.137349074928995,5.248100598653157,9.831807435882512,10.812152870826205,14.258335908253988,18.034765868870128,16.282904468544537
950,950.jpg,data/processed/wang/food/950.jpg,food,26.102549768984318,23.56559825895325,19.108921403317325,12.917190392812094,15.489248729196447,12.13089515925129,13.72567367553711,17.509134703121784,13.333699360712643
951,951.jpg,data/processed/wang/food/951.jpg,food,23.943939184149105,22.940803117405846,22.70819467248269,14.648335933685303,21.384303856400518,19.219984446458405,13.837496598561605,14.63809877505367,13.060628886499295
952,952.jpg,data/processed/wang/food/952.jpg,food,18.244310282170773,19.394244321083733,18.916187565282613,11.357219378153482,14.603057045559531,15.012080421461128,12.459968090057373,14.3681507387183,12.751101666104645
953,953.jpg,data/processed/wang/food/953.jpg,food,22.194714720050495,22.99371834710811,23.86858383191845,12.084082444508871,18.95713748153915,17.286065572460025,14.669344425201416,17.101860702695312,17.32788582229987
954,954.jpg,data/processed/wang/food/954.jpg,food,29.060742755730946,26.672348943801396,22.65455564567712,11.20898707707723,17.998664723249146,17.014208278643856,15.945175806681315,16.650676338412598,13.557447894258335
955,955.jpg,data/processed/wang/food/955.jpg,food,36.67155026147763,29.12635686850343,17.36118246438805,8.838090578715006,17.110268231551533,17.86945723948277,22.07105525334676,16.99281761680917,11.123092995948877
956,956.jpg,data/processed/wang/food/956.jpg,food,36.5081612020731,27.56982901903176,16.048837824275402,1.1952870686848958,8.285299666468976,6.013819921018802,14.468165238698324,23.38959260816928,19.231000490041637
957,957.jpg,data/processed/wang/food/957.jpg,food,52.32932269573212,21.586408231962025,-15.04091527786231,14.057759284973145,12.166568405354543,11.972360429374138,20.42171621322632,17.235622650985782,14.640472677851895
958,958.jpg,data/processed/wang/food/958.jpg,food,28.693885852893192,26.106641940142676,23.273040984571804,15.34533659617106,17.235552239495274,16.002614104109394,15.107039292653402,13.832395900546873,12.813818964867218
959,959.jpg,data/processed/wang/food/959.jpg,food,26.10271330922842,27.600107685529025,24.951402105458122,7.232830842336019,10.360961718575368,12.087714074253222,15.264945189158121,18.328128852157963,16.140766567009877
960,960.jpg,data/processed/wang/food/960.jpg,food,42.19736475497484,26.8191216496813,7.068165852377593,8.647542158762613,9.735695582142467,8.510865529212941,13.437084356943766,16.08055705701213,17.398310783704133
961,961.jpg,data/processed/wang/food/961.jpg,food,64.35990538448095,27.015901667263,-27.023578800709153,5.2156422932942705,10.853026822611069,13.325004616356928,11.515663782755533,14.208941485799652,18.529679349460608
962,962.jpg,data/processed/wang/food/962.jpg,food,46.56783503790697,26.08589925923839,-13.967214976121044,9.866843223571777,12.383646759654221,12.023856450316469,21.704211076100666,16.90424259264828,12.884617635586764
963,963.jpg,data/processed/wang/food/963.jpg,food,26.377981901168823,25.95597185498796,24.625564181856326,8.627301534016928,14.476707834254542,13.699711130356135,17.541403770446777,17.199175346236395,15.344418902539179
964,964.jpg,data/processed/wang/food/964.jpg,food,22.598741576075554,19.14302895240908,19.02591405908037,12.553752899169922,15.825184789400527,13.855381794522028,14.835487365722656,11.674916593303191,8.931176575112733
965,965.jpg,data/processed/wang/food/965.jpg,food,32.7134994789958,27.836099098229266,20.121972523678153,2.8165672620137534,6.666277546018409,2.1356496919083723,8.261161804199219,15.960703316007102,13.814727977287971
966,966.jpg,data/processed/wang/food/966.jpg,food,36.65087874978781,23.637125453195335,16.43264386836156,-0.5987289746602377,14.198583319957564,16.241461387420447,22.1190398534139,18.717982328072047,-6.375781003955616
967,967.jpg,data/processed/wang/food/967.jpg,food,46.60420212894678,24.257046858114943,-17.511723471154262,13.339087645212809,14.10674558670119,10.247669987091392,27.54662275314331,17.68438346327611,-13.30078510534442
968,968.jpg,data/processed/wang/food/968.jpg,food,44.44168681899706,19.795340327755454,15.44259836145548,-11.454678853352865,17.760925380244924,19.908578202198406,8.279932339986166,10.183896165610191,12.142820829962032
969,969.jpg,data/processed/wang/food/969.jpg,food,34.79544389992952,32.46045273677314,26.48525968985232,-1.7848199208577473,12.249683451095592,16.18177698230285,12.996765295664469,15.37827336606579,17.92682486508872
970,970.jpg,data/processed/wang/food/970.jpg,food,21.628012880682945,24.247233528826737,25.371491559662566,4.724266688028972,14.64770755794736,15.552864496675024,12.228477636973063,13.970527789254016,14.641593545106264
971,971.jpg,data/processed/wang/food/971.jpg,food,30.210171950360138,19.817669874794923,13.872015890553124,18.35330565770467,11.20312408029819,8.368144778049793,13.078380425771078,11.658949760362576,10.699329473535343
972,972.jpg,data/processed/wang/food/972.jpg,food,61.97070789833864,20.768696215317767,-20.528425564465778,7.8499070803324384,11.878882624878898,14.309037206449037,10.186943213144938,12.457892655194541,12.64431181716564
973,973.jpg,data/processed/wang/food/973.jpg,food,42.04304572194815,21.35332212737386,18.105461099194834,30.39706563949585,25.6837903019938,-15.145761012675559,26.906882762908936,13.431162065446793,-9.183975337971873
974,974.jpg,data/processed/wang/food/974.jpg,food,47.1837238719066,23.135144470552557,2.299931220130098,4.979724248250325,12.747686400475583,10.685001190006414,21.02002986272176,16.297693246681654,7.9953646882642335
975,975.jpg,data/processed/wang/food/975.jpg,food,34.29156361768643,22.608735445922274,13.757818371910545,14.484353383382162,11.705023534517082,9.794553287580772,12.614754994710287,12.650480429132273,13.517869918594378
976,976.jpg,data/processed/wang/food/976.jpg,food,38.74639645218849,23.87597395735875,16.719616122866658,13.043627738952637,17.72876569667732,14.39778782696726,17.023940722147625,14.353343432615556,11.894979974560478
977,977.jpg,data/processed/wang/food/977.jpg,food,46.94834829618534,24.078179047669483,-12.248612178685562,19.61236826578776,16.74541546007036,10.14558029594512,21.091582616170246,19.110395879430477,17.617843639998824
978,978.jpg,data/processed/wang/food/978.jpg,food,30.244963243603706,22.55021170716364,19.21202467070763,13.032728830973307,16.98517955682199,15.242016218095586,8.299984296162924,11.98073609498793,8.503105913283118
979,979.jpg,data/processed/wang/food/979.jpg,food,27.54373537997405,23.427210617136723,17.4254176033864,13.768759727478027,12.368302764428284,11.060033266344874,12.811882972717285,12.321094100781215,8.86433500771829
980,980.jpg,data/processed/wang/food/980.jpg,food,43.30517755200466,20.994221863642117,-3.9928039104290254,8.215391159057617,20.9240721149654,17.93251508690569,24.685057799021404,22.944705369402758,-15.13733687040984
981,981.jpg,data/processed/wang/food/981.jpg,food,31.53295653561751,25.481485108313322,20.349210325657857,4.71748161315918,11.543889814422524,11.856260329627776,18.47709592183431,18.066825176669564,15.24300842475046
982,982.jpg,data/processed/wang/food/982.jpg,food,25.10531557102998,26.931978171043095,27.195764310043536,7.86886994043986,14.878779915804463,13.855243050024754,5.470058759053548,19.418061014801456,19.381341949156436
983,983.jpg,data/processed/wang/food/983.jpg,food,19.438064532975357,22.167754300421215,23.34356715703424,8.576710859934488,15.03083936570685,15.445184558161724,8.591766357421875,10.484553775649479,10.894659971783252
984,984.jpg,data/processed/wang/food/984.jpg,food,47.12620625893275,20.90893474891078,-17.24892699118444,16.506666978200276,10.140789201798894,9.543289718103516,24.84057315190633,16.606785672377253,10.397579853517415
985,985.jpg,data/processed/wang/food/985.jpg,food,49.29620412488779,23.14243601667872,-17.204764457112663,9.377876122792562,14.488917384904791,11.38098067793509,22.462087472279865,18.90213325447381,14.217413425846807
986,986.jpg,data/processed/wang/food/986.jpg,food,62.204048285881676,23.50111238764942,-20.694719629467507,6.960745493570964,19.147044099943585,21.209092944690713,21.325686772664387,19.661157670464007,14.278039802625061
987,987.jpg,data/processed/wang/food/987.jpg,food,42.690721713006496,18.06764289859503,-14.852560979171447,14.331521193186441,12.592943054921257,14.456504415524861,15.153310298919678,9.650757068487346,8.905351414819414
988,988.jpg,data/processed/wang/food/988.jpg,food,38.76701580981413,23.817328737212364,11.277721755460314,11.61677598953247,13.30833265152893,12.672503078848553,18.60037914911906,16.768640010534167,16.337096596758307
989,989.jpg,data/processed/wang/food/989.jpg,food,45.86691278964281,22.60989658735411,-10.564458992137931,11.914095242818197,18.16465925033317,16.52043950036855,24.071514288584392,16.528051382866156,-9.416147261322655
990,990.jpg,data/processed/wang/food/990.jpg,food,37.32433946182331,23.25787509667753,11.083889342756661,9.003387928009033,13.494175904261791,12.525412929386233,14.966761589050293,13.238087915625977,12.101197125598851
991,991.jpg,data/processed/wang/food/991.jpg,food,55.33048498133818,26.091911658919837,-21.672879164620937,0.30543263753255206,9.651870454576597,10.077176110876124,18.371034463246662,18.499989393262137,15.225577728950945
992,992.jpg,data/processed/wang/food/992.jpg,food,54.10868010173241,25.038554942897182,-17.995965338578173,3.248006820678711,16.127231916296786,15.780742995062305,23.04053020477295,16.944417093307848,7.735133273659983
993,993.jpg,data/processed/wang/food/993.jpg,food,54.862997122108936,29.62893777768691,-21.786684733444112,1.1144873301188152,10.039991669296882,10.419764128166095,11.741416772206625,13.03806835908118,12.74962654150491
994,994.jpg,data/processed/wang/food/994.jpg,food,34.162112325429916,25.54870922620459,23.84684665841539,19.91207726796468,24.471969029340723,14.064880563361825,22.341623306274414,18.521019454854404,17.795339407692925
995,995.jpg,data/processed/wang/food/995.jpg,food,67.66783775140841,26.508324236927294,-25.994790420578436,2.266914208730062,9.439260861900756,7.957056024780508,0.8173818588256836,6.751934782307957,9.441524189261159
996,996.jpg,data/processed/wang/food/996.jpg,food,52.6927645628651,24.48937081835487,-16.80063798342962,20.483818689982098,21.019987976131972,13.25807598070886,19.414105892181396,14.097880825365673,13.584458815757076
997,997.jpg,data/processed/wang/food/997.jpg,food,68.4267293040951,23.35670466857897,-22.819635506813235,1.5505199432373047,15.512680776740059,20.584059307430984,12.102725823720297,12.023382937712649,11.087444826911646
998,998.jpg,data/processed/wang/food/998.jpg,food,26.763413349787395,26.271415261837927,24.562960714264022,9.364023844401041,10.922617484569589,12.00328425310657,6.5400926272074384,9.325284779314813,11.194055791700123
999,999.jpg,data/processed/wang/food/999.jpg,food,45.1915175964435,25.47040601696063,-9.271161083358024,8.087839603424072,13.467431397477105,16.665424547184664,4.988359133402507,7.358685917892121,-6.784905858099177
